0 0 0 90970.265625 1.0734490156173706 22.079999923706055
0 0 0 90971.265625 1.0734608173370361 22.079999923706055
0 0 0 90972.421875 1.0734745264053345 22.079999923706055
0 0 0 90972.8828125 1.0734800100326538 22.079999923706055
0 0 0 90973.75 1.0734537839889526 22.09000015258789
0 0 0 90971.265625 1.0734608173370361 22.079999923706055
0 0 0 90972.28125 1.0734364986419678 22.09000015258789
0 0 0 90973.265625 1.0734480619430542 22.09000015258789
0 0 0 90970.0078125 1.0734096765518188 22.09000015258789
0 0 0 90970.9453125 1.073420763015747 22.09000015258789
0 0 0 90967.71875 1.0733826160430908 22.09000015258789
0 0 0 90969.1875 1.0734000205993652 22.09000015258789
0 0 0 90969 1.0733977556228638 22.09000015258789
0 0 0 90970.9921875 1.0734212398529053 22.09000015258789
0 0 0 90974.265625 1.0734598636627197 22.09000015258789
0 0 0 90973.828125 1.073418378829956 22.100000381469727
0 0 0 90973.828125 1.073418378829956 22.100000381469727
0 0 0 90971.703125 1.0733933448791504 22.100000381469727
0 0 0 90970.953125 1.0733845233917236 22.100000381469727
0 0 0 90972.359375 1.0734010934829712 22.100000381469727
0 0 0 90973.875 1.0734189748764038 22.100000381469727
0 0 0 90972.890625 1.0734072923660278 22.100000381469727
0 0 0 90973.6484375 1.0733798742294312 22.110000610351562
0 0 0 90970.015625 1.0733370780944824 22.110000610351562
0 0 0 90971.1640625 1.0733505487442017 22.110000610351562
0 0 0 90973.515625 1.073341965675354 22.1200008392334
0 0 0 90970.53125 1.0733431577682495 22.110000610351562
0 0 0 90975.3671875 1.0733637809753418 22.1200008392334
0 0 0 90974.6875 1.073355793952942 22.1200008392334
0 0 0 90968.265625 1.0732800960540771 22.1200008392334
0 0 0 90971.4375 1.073317527770996 22.1200008392334
0 0 0 90972.4140625 1.073328971862793 22.1200008392334
0 0 0 90973.234375 1.0733386278152466 22.1200008392334
0 0 0 90972.7421875 1.0733329057693481 22.1200008392334
0 0 0 90973.5625 1.0733425617218018 22.1200008392334
0 0 0 90970.7734375 1.0733096599578857 22.1200008392334
0 0 0 90975.546875 1.0733295679092407 22.1299991607666
0 0 0 90971.1015625 1.0733134746551514 22.1200008392334
0 0 0 90969.796875 1.0732980966567993 22.1200008392334
0 0 0 90970.1171875 1.073301911354065 22.1200008392334
0 0 0 90968.1796875 1.0732426643371582 22.1299991607666
0 0 0 90972.109375 1.0732890367507935 22.1299991607666
0 0 0 90971.671875 1.0732839107513428 22.1299991607666
0 0 0 90970.546875 1.0732706785202026 22.1299991607666
0 0 0 90963.8046875 1.0731910467147827 22.1299991607666
0 0 0 90967.265625 1.0732319355010986 22.1299991607666
0 0 0 90972.703125 1.073259711265564 22.139999389648438
0 0 0 90966.09375 1.0732181072235107 22.1299991607666
0 0 0 90969.3515625 1.073256492614746 22.1299991607666
0 0 0 90975.15625 1.0732886791229248 22.139999389648438
0 0 0 90972.8125 1.073297381401062 22.1299991607666
0 0 0 90969.3984375 1.0732570886611938 22.1299991607666
0 0 0 90969.375 1.0732568502426147 22.1299991607666
0 0 0 90971.4140625 1.0732444524765015 22.139999389648438
0 0 0 90972.671875 1.0732957124710083 22.1299991607666
0 0 0 90972.5625 1.0732580423355103 22.139999389648438
0 0 0 90973.1953125 1.073265552520752 22.139999389648438
0 0 0 90973.578125 1.0732700824737549 22.139999389648438
0 0 0 90971.75 1.0732485055923462 22.139999389648438
0 0 0 90972.375 1.0732558965682983 22.139999389648438
0 0 0 90969.6640625 1.0732238292694092 22.139999389648438
0 0 0 90969.3125 1.073219656944275 22.139999389648438
0 0 0 90967.3671875 1.0731967687606812 22.139999389648438
0 0 0 90973.578125 1.0732700824737549 22.139999389648438
0 0 0 90972.6640625 1.0732228755950928 22.149999618530273
0 0 0 90969.171875 1.0732181072235107 22.139999389648438
0 0 0 90973.484375 1.0732325315475464 22.149999618530273
0 0 0 90968.234375 1.0731706619262695 22.149999618530273
0 0 0 90970.203125 1.073193907737732 22.149999618530273
0 0 0 90970.28125 1.0731585025787354 22.15999984741211
0 0 0 90972.21875 1.0731812715530396 22.15999984741211
0 0 0 90969.546875 1.0731861591339111 22.149999618530273
0 0 0 90969.1328125 1.0731449127197266 22.15999984741211
0 0 0 90969.9296875 1.073154330253601 22.15999984741211
0 0 0 90971.421875 1.073171854019165 22.15999984741211
0 0 0 90966.953125 1.0731555223464966 22.149999618530273
0 0 0 90969.203125 1.0731093883514404 22.170000076293945
0 0 0 90972.8125 1.07315194606781 22.170000076293945
0 0 0 90971.453125 1.0731723308563232 22.15999984741211
0 0 0 90972.953125 1.0731899738311768 22.15999984741211
0 0 0 90971.9921875 1.0731422901153564 22.170000076293945
0 0 0 90967.875 1.0731300115585327 22.15999984741211
0 0 0 90969.53125 1.0731133222579956 22.170000076293945
0 0 0 90968.21875 1.073097825050354 22.170000076293945
0 0 0 90970.0234375 1.073119044303894 22.170000076293945
0 0 0 90967.265625 1.0730865001678467 22.170000076293945
0 0 0 90966.9609375 1.0730829238891602 22.170000076293945
0 0 0 90967.7578125 1.0730923414230347 22.170000076293945
0 0 0 90969.75 1.0731158256530762 22.170000076293945
0 0 0 90966.4453125 1.073076844215393 22.170000076293945
0 0 0 90971.0625 1.0731313228607178 22.170000076293945
0 0 0 90967.453125 1.0730887651443481 22.170000076293945
0 0 0 90969.75 1.0731158256530762 22.170000076293945
0 0 0 90967.4296875 1.073088526725769 22.170000076293945
0 0 0 90966.7734375 1.0730807781219482 22.170000076293945
0 0 0 90973.890625 1.073128342628479 22.18000030517578
0 0 0 90961.21875 1.0730152130126953 22.170000076293945
0 0 0 90968.109375 1.073096513748169 22.170000076293945
0 0 0 90967.640625 1.0730546712875366 22.18000030517578
0 0 0 90969.1171875 1.073072075843811 22.18000030517578
0 0 0 90970.4296875 1.0730875730514526 22.18000030517578
0 0 0 90969.3125 1.0730743408203125 22.18000030517578
0 0 0 90967.359375 1.0730513334274292 22.18000030517578
0 0 0 90967.0078125 1.073047161102295 22.18000030517578
0 0 0 90965.046875 1.073024034500122 22.18000030517578
0 0 0 90965.046875 1.073024034500122 22.18000030517578
0 0 0 90964.71875 1.0730202198028564 22.18000030517578
0 0 0 90966.359375 1.0730395317077637 22.18000030517578
0 0 0 90967.5 1.073053002357483 22.18000030517578
0 0 0 90965.71875 1.0730319023132324 22.18000030517578
0 0 0 90972.09375 1.073107123374939 22.18000030517578
0 0 0 90967.0625 1.0730477571487427 22.18000030517578
0 0 0 90966.875 1.0730456113815308 22.18000030517578
0 0 0 90968.703125 1.0730671882629395 22.18000030517578
0 0 0 90969.84375 1.0730443000793457 22.190000534057617
0 0 0 90967.0625 1.0730477571487427 22.18000030517578
0 0 0 90967.5546875 1.0730535984039307 22.18000030517578
0 0 0 90973.125 1.0731192827224731 22.18000030517578
0 0 0 90971.15625 1.0730597972869873 22.190000534057617
0 0 0 90966.75 1.0730078220367432 22.190000534057617
0 0 0 90969.0234375 1.073034644126892 22.190000534057617
0 0 0 90972.84375 1.0730797052383423 22.190000534057617
0 0 0 90973.125 1.0730830430984497 22.190000534057617
0 0 0 90972 1.07306969165802 22.190000534057617
0 0 0 90970.734375 1.0730547904968262 22.190000534057617
0 0 0 90965.9375 1.0729981660842896 22.190000534057617
0 0 0 90970.578125 1.073053002357483 22.190000534057617
0 0 0 90970.734375 1.0730547904968262 22.190000534057617
0 0 0 90966.96875 1.0730103254318237 22.190000534057617
0 0 0 90966.4765625 1.0730046033859253 22.190000534057617
0 0 0 90967.109375 1.0730119943618774 22.190000534057617
0 0 0 90964.75 1.0729478597640991 22.200000762939453
0 0 0 90964.7734375 1.0729480981826782 22.200000762939453
0 0 0 90963.796875 1.0729366540908813 22.200000762939453
0 0 0 90967.390625 1.0729789733886719 22.200000762939453
0 0 0 90967.09375 1.072939157485962 22.209999084472656
0 0 0 90969.0859375 1.0729626417160034 22.209999084472656
0 0 0 90968.265625 1.0729529857635498 22.209999084472656
0 0 0 90965.671875 1.0729224681854248 22.209999084472656
0 0 0 90961.265625 1.0728704929351807 22.209999084472656
0 0 0 90962.09375 1.0728802680969238 22.209999084472656
0 0 0 90963.8671875 1.0729011297225952 22.209999084472656
0 0 0 90965.5625 1.0728847980499268 22.219999313354492
0 0 0 90963.703125 1.0728992223739624 22.209999084472656
0 0 0 90963.7265625 1.0728994607925415 22.209999084472656
0 0 0 90961.625 1.072838306427002 22.219999313354492
0 0 0 90966.7265625 1.072898507118225 22.219999313354492
0 0 0 90964.1953125 1.0729050636291504 22.209999084472656
0 0 0 90960.453125 1.072860836982727 22.209999084472656
0 0 0 90963.2890625 1.0728579759597778 22.219999313354492
0 0 0 90963.75 1.0728634595870972 22.219999313354492
0 0 0 90962.296875 1.0728462934494019 22.219999313354492
0 0 0 90959.515625 1.0728135108947754 22.219999313354492
0 0 0 90961.8125 1.0728405714035034 22.219999313354492
0 0 0 90963.9375 1.072865605354309 22.219999313354492
0 0 0 90961.96875 1.0728424787521362 22.219999313354492
0 0 0 90965.578125 1.0728850364685059 22.219999313354492
0 0 0 90965.90625 1.0728888511657715 22.219999313354492
0 0 0 90964.265625 1.0728695392608643 22.219999313354492
0 0 0 90960.828125 1.072829008102417 22.219999313354492
0 0 0 90967.875 1.0729120969772339 22.219999313354492
0 0 0 90968.359375 1.0729178190231323 22.219999313354492
0 0 0 90969.375 1.072893500328064 22.229999542236328
0 0 0 90970.828125 1.0729469060897827 22.219999313354492
0 0 0 90968.5546875 1.0728837251663208 22.229999542236328
0 0 0 90969.34375 1.0729293823242188 22.219999313354492
0 0 0 90964.9453125 1.0728411674499512 22.229999542236328
0 0 0 90967.1015625 1.072866678237915 22.229999542236328
0 0 0 90968.40625 1.072882056236267 22.229999542236328
0 0 0 90966.71875 1.0728983879089355 22.219999313354492
0 0 0 90964.640625 1.0728375911712646 22.229999542236328
0 0 0 90963.1171875 1.0728559494018555 22.219999313354492
0 0 0 90962.484375 1.0728121995925903 22.229999542236328
0 0 0 90969.75 1.0728979110717773 22.229999542236328
0 0 0 90965.625 1.0728492736816406 22.229999542236328
0 0 0 90965.984375 1.072853446006775 22.229999542236328
0 0 0 90964.484375 1.0728358030319214 22.229999542236328
0 0 0 90963.21875 1.072820782661438 22.229999542236328
0 0 0 90966.46875 1.0728591680526733 22.229999542236328
0 0 0 90964.6953125 1.072838306427002 22.229999542236328
0 0 0 90967.453125 1.0728707313537598 22.229999542236328
0 0 0 90964.390625 1.0727983713150024 22.239999771118164
0 0 0 90964.859375 1.0728402137756348 22.229999542236328
0 0 0 90964.6015625 1.072800874710083 22.239999771118164
0 0 0 90961.4140625 1.072799563407898 22.229999542236328
0 0 0 90965.7265625 1.0728141069412231 22.239999771118164
0 0 0 90964.0390625 1.0728305578231812 22.229999542236328
0 0 0 90965.75 1.0728143453598022 22.239999771118164
0 0 0 90964.7421875 1.0728025436401367 22.239999771118164
0 0 0 90963.59375 1.072788953781128 22.239999771118164
0 0 0 90963.4375 1.0727870464324951 22.239999771118164
0 0 0 90965.7265625 1.0728141069412231 22.239999771118164
0 0 0 90961.1640625 1.0727603435516357 22.239999771118164
0 0 0 90959.171875 1.0727367401123047 22.239999771118164
0 0 0 90963.625 1.0727893114089966 22.239999771118164
0 0 0 90961.328125 1.0727622509002686 22.239999771118164
0 0 0 90964.484375 1.0727630853652954 22.25
0 0 0 90963.484375 1.0727876424789429 22.239999771118164
0 0 0 90961.984375 1.0727699995040894 22.239999771118164
0 0 0 90965.28125 1.072808861732483 22.239999771118164
0 0 0 90960.6953125 1.0727547407150269 22.239999771118164
0 0 0 90962.6640625 1.0727779865264893 22.239999771118164
0 0 0 90964 1.072757363319397 22.25
0 0 0 90961.7265625 1.0727306604385376 22.25
0 0 0 90966.953125 1.0727922916412354 22.25
0 0 0 90963.6953125 1.0727537870407104 22.25
0 0 0 90963.3671875 1.0727499723434448 22.25
0 0 0 90964.6796875 1.0727654695510864 22.25
0 0 0 90963.75 1.0727545022964478 22.25
0 0 0 90962.90625 1.0727444887161255 22.25
0 0 0 90966.1796875 1.07278311252594 22.25
0 0 0 90966.1796875 1.07278311252594 22.25
0 0 0 90964.40625 1.0727622509002686 22.25
0 0 0 90962.765625 1.0727428197860718 22.25
0 0 0 90965.078125 1.072733759880066 22.260000228881836
0 0 0 90963.2265625 1.0727483034133911 22.25
0 0 0 90962.59375 1.0727407932281494 22.25
0 0 0 90963.8828125 1.072756052017212 22.25
0 0 0 90966.5625 1.0727512836456299 22.260000228881836
0 0 0 90966.046875 1.0727815628051758 22.25
0 0 0 90967.890625 1.0727670192718506 22.260000228881836
0 0 0 90964.078125 1.0727583169937134 22.25
0 0 0 90962.9765625 1.072709083557129 22.260000228881836
0 0 0 90966.75 1.0727535486221313 22.260000228881836
0 0 0 90963.625 1.0727167129516602 22.260000228881836
0 0 0 90961 1.072685718536377 22.260000228881836
0 0 0 90962.15625 1.0726993083953857 22.260000228881836
0 0 0 90963.9609375 1.0727206468582153 22.260000228881836
0 0 0 90966.109375 1.0727459192276 22.260000228881836
0 0 0 90967.09375 1.072757601737976 22.260000228881836
0 0 0 90968.2421875 1.0727710723876953 22.260000228881836
0 0 0 90963.65625 1.0727170705795288 22.260000228881836
0 0 0 90967.421875 1.0727614164352417 22.260000228881836
0 0 0 90963.1640625 1.0727112293243408 22.260000228881836
0 0 0 90962.5625 1.0726678371429443 22.270000457763672
0 0 0 90962.5 1.0727033615112305 22.260000228881836
0 0 0 90965.3203125 1.0727003812789917 22.270000457763672
0 0 0 90963.8203125 1.0727189779281616 22.260000228881836
0 0 0 90963.984375 1.0727208852767944 22.260000228881836
0 0 0 90963.625 1.0727167129516602 22.260000228881836
0 0 0 90963.515625 1.072679042816162 22.270000457763672
0 0 0 90964.984375 1.0726964473724365 22.270000457763672
0 0 0 90964.984375 1.0726964473724365 22.270000457763672
0 0 0 90963.84375 1.0726829767227173 22.270000457763672
0 0 0 90964.8515625 1.0726947784423828 22.270000457763672
0 0 0 90965.34375 1.0727006196975708 22.270000457763672
0 0 0 90962.90625 1.072671890258789 22.270000457763672
0 0 0 90964.1953125 1.0726871490478516 22.270000457763672
0 0 0 90965.6953125 1.072704792022705 22.270000457763672
0 0 0 90966.515625 1.0727144479751587 22.270000457763672
0 0 0 90964.546875 1.0726912021636963 22.270000457763672
0 0 0 90964.0625 1.0726854801177979 22.270000457763672
0 0 0 90966.0234375 1.0727086067199707 22.270000457763672
0 0 0 90966.84375 1.0727183818817139 22.270000457763672
0 0 0 90965.0625 1.07266104221344 22.280000686645508
0 0 0 90967.1953125 1.0726861953735352 22.280000686645508
0 0 0 90968.203125 1.0726979970932007 22.280000686645508
0 0 0 90962.46875 1.0726304054260254 22.280000686645508
0 0 0 90966.375 1.0726765394210815 22.280000686645508
0 0 0 90962.8203125 1.0726345777511597 22.280000686645508
0 0 0 90967.078125 1.0726847648620605 22.280000686645508
0 0 0 90962.953125 1.0726361274719238 22.280000686645508
0 0 0 90966.890625 1.0726826190948486 22.280000686645508
0 0 0 90960.171875 1.0726033449172974 22.280000686645508
0 0 0 90961.3125 1.0726168155670166 22.280000686645508
0 0 0 90962.8671875 1.0725988149642944 22.290000915527344
0 0 0 90963.5 1.0726425647735596 22.280000686645508
0 0 0 90962.546875 1.0725950002670288 22.290000915527344
0 0 0 90963.8515625 1.0726103782653809 22.290000915527344
0 0 0 90966.3125 1.0726394653320312 22.290000915527344
0 0 0 90962.84375 1.0726348161697388 22.280000686645508
0 0 0 90964.234375 1.0726149082183838 22.290000915527344
0 0 0 90966.3125 1.0726394653320312 22.290000915527344
0 0 0 90963.359375 1.0726046562194824 22.290000915527344
0 0 0 90963.359375 1.0726046562194824 22.290000915527344
0 0 0 90963.03125 1.0726007223129272 22.290000915527344
0 0 0 90962.078125 1.0725895166397095 22.290000915527344
0 0 0 90959.125 1.0725547075271606 22.290000915527344
0 0 0 90962.078125 1.0725895166397095 22.290000915527344
0 0 0 90963.3828125 1.0726048946380615 22.290000915527344
0 0 0 90963.40625 1.0726051330566406 22.290000915527344
0 0 0 90966.8515625 1.0726457834243774 22.290000915527344
0 0 0 90961.2109375 1.0725430250167847 22.299999237060547
0 0 0 90965.125 1.0725891590118408 22.299999237060547
0 0 0 90965.46875 1.0725932121276855 22.299999237060547
0 0 0 90965.8046875 1.0725971460342407 22.299999237060547
0 0 0 90966.484375 1.0725688934326172 22.309999465942383
0 0 0 90968.125 1.0725882053375244 22.309999465942383
0 0 0 90965.0625 1.0725520849227905 22.309999465942383
0 0 0 90965.5 1.0725572109222412 22.309999465942383
0 0 0 90967.28125 1.0726145505905151 22.299999237060547
0 0 0 90968.5 1.0725926160812378 22.309999465942383
0 0 0 90965.5234375 1.0725575685501099 22.309999465942383
0 0 0 90965.71875 1.0725598335266113 22.309999465942383
0 0 0 90964.375 1.072543978691101 22.309999465942383
0 0 0 90963.75 1.072536587715149 22.309999465942383
0 0 0 90967.8671875 1.0725852251052856 22.309999465942383
0 0 0 90967.84375 1.072584867477417 22.309999465942383
0 0 0 90965.8515625 1.0725613832473755 22.309999465942383
0 0 0 90966.15625 1.072564959526062 22.309999465942383
0 0 0 90966.53125 1.0725693702697754 22.309999465942383
0 0 0 90968.03125 1.0725871324539185 22.309999465942383
0 0 0 90967.328125 1.07257878780365 22.309999465942383
0 0 0 90966.53125 1.0725693702697754 22.309999465942383
0 0 0 90966.1796875 1.0725653171539307 22.309999465942383
0 0 0 90965.25 1.072554349899292 22.309999465942383
0 0 0 90966.75 1.072535753250122 22.31999969482422
0 0 0 90963.765625 1.072536826133728 22.309999465942383
0 0 0 90965.875 1.0725616216659546 22.309999465942383
0 0 0 90963.140625 1.0724931955337524 22.31999969482422
0 0 0 90965.578125 1.0725581645965576 22.309999465942383
0 0 0 90967.265625 1.0725417137145996 22.31999969482422
0 0 0 90965.3828125 1.0725558996200562 22.309999465942383
0 0 0 90962.7890625 1.0725252628326416 22.309999465942383
0 0 0 90963.9609375 1.072502851486206 22.31999969482422
0 0 0 90963.25 1.072530746459961 22.309999465942383
0 0 0 90965.8125 1.0725246667861938 22.31999969482422
0 0 0 90962.015625 1.0724798440933228 22.31999969482422
0 0 0 90961.53125 1.0724741220474243 22.31999969482422
0 0 0 90963.765625 1.072536826133728 22.309999465942383
0 0 0 90963.9609375 1.072502851486206 22.31999969482422
0 0 0 90964.140625 1.0725048780441284 22.31999969482422
0 0 0 90965.125 1.0725165605545044 22.31999969482422
0 0 0 90966.6328125 1.0725343227386475 22.31999969482422
0 0 0 90965.3203125 1.0725188255310059 22.31999969482422
0 0 0 90964.671875 1.0725111961364746 22.31999969482422
0 0 0 90961.71875 1.0724763870239258 22.31999969482422
0 0 0 90962.390625 1.0724480152130127 22.329999923706055
0 0 0 90965.484375 1.0725207328796387 22.31999969482422
0 0 0 90964.3359375 1.0725072622299194 22.31999969482422
0 0 0 90962.53125 1.0724859237670898 22.31999969482422
0 0 0 90962.703125 1.0724879503250122 22.31999969482422
0 0 0 90965.0625 1.072479486465454 22.329999923706055
0 0 0 90962.3671875 1.072484016418457 22.31999969482422
0 0 0 90965.6484375 1.072522759437561 22.31999969482422
0 0 0 90966.1875 1.0724927186965942 22.329999923706055
0 0 0 90966.3515625 1.07253098487854 22.31999969482422
0 0 0 90963.1875 1.0724936723709106 22.31999969482422
0 0 0 90965.15625 1.072516918182373 22.31999969482422
0 0 0 90962.2265625 1.0724461078643799 22.329999923706055
0 0 0 90965.8125 1.0725246667861938 22.31999969482422
0 0 0 90967.3125 1.072506070137024 22.329999923706055
0 0 0 90966.140625 1.0725284814834595 22.31999969482422
0 0 0 90966.953125 1.072538137435913 22.31999969482422
0 0 0 90966.796875 1.0725362300872803 22.31999969482422
0 0 0 90964.4765625 1.0725089311599731 22.31999969482422
0 0 0 90969.1640625 1.0725278854370117 22.329999923706055
0 0 0 90966.1640625 1.0724924802780151 22.329999923706055
0 0 0 90967.171875 1.0725044012069702 22.329999923706055
0 0 0 90964.25 1.07246994972229 22.329999923706055
0 0 0 90967.9453125 1.072549819946289 22.31999969482422
0 0 0 90964.765625 1.0724760293960571 22.329999923706055
0 0 0 90963.640625 1.072426438331604 22.34000015258789
0 0 0 90965.71875 1.072487235069275 22.329999923706055
0 0 0 90965.859375 1.0724889039993286 22.329999923706055
0 0 0 90961.625 1.0724389553070068 22.329999923706055
0 0 0 90966.1875 1.0724927186965942 22.329999923706055
0 0 0 90963.78125 1.0724643468856812 22.329999923706055
0 0 0 90965 1.0724424123764038 22.34000015258789
0 0 0 90963.078125 1.0723835229873657 22.350000381469727
0 0 0 90965.8046875 1.0723793506622314 22.360000610351562
0 0 0 90965.96875 1.0723812580108643 22.360000610351562
0 0 0 90964.6875 1.0723662376403809 22.360000610351562
0 0 0 90962.3828125 1.0723390579223633 22.360000610351562
0 0 0 90965.125 1.0723713636398315 22.360000610351562
0 0 0 90965.921875 1.0724170207977295 22.350000381469727
0 0 0 90963.296875 1.0723861455917358 22.350000381469727
0 0 0 90964.09375 1.0723954439163208 22.350000381469727
0 0 0 90964.71875 1.072402834892273 22.350000381469727
0 0 0 90966.6875 1.0724260807037354 22.350000381469727
0 0 0 90964.046875 1.0723949670791626 22.350000381469727
0 0 0 90966.5 1.0724238157272339 22.350000381469727
0 0 0 90964.8359375 1.072440505027771 22.34000015258789
0 0 0 90965.375 1.0724105834960938 22.350000381469727
0 0 0 90966.8515625 1.0724279880523682 22.350000381469727
0 0 0 90966.3828125 1.0724225044250488 22.350000381469727
0 0 0 90964.53125 1.072400689125061 22.350000381469727
0 0 0 90964.2265625 1.0723971128463745 22.350000381469727
0 0 0 90968.6875 1.0724496841430664 22.350000381469727
0 0 0 90965.3515625 1.0724103450775146 22.350000381469727
0 0 0 90965.890625 1.0724166631698608 22.350000381469727
0 0 0 90965.734375 1.0724148750305176 22.350000381469727
0 0 0 90966.1953125 1.0724202394485474 22.350000381469727
0 0 0 90965.3984375 1.0724108219146729 22.350000381469727
0 0 0 90966.0625 1.0724186897277832 22.350000381469727
0 0 0 90964.4453125 1.072399616241455 22.350000381469727
0 0 0 90965.75 1.0724149942398071 22.350000381469727
0 0 0 90964.421875 1.072399377822876 22.350000381469727
0 0 0 90967.71875 1.0724382400512695 22.350000381469727
0 0 0 90965.4296875 1.0724111795425415 22.350000381469727
0 0 0 90962.96875 1.0723822116851807 22.350000381469727
0 0 0 90966.59375 1.0723886489868164 22.360000610351562
0 0 0 90966.90625 1.0724287033081055 22.350000381469727
0 0 0 90966.078125 1.0724189281463623 22.350000381469727
0 0 0 90968.375 1.0724459886550903 22.350000381469727
0 0 0 90967.5625 1.0724363327026367 22.350000381469727
0 0 0 90965.453125 1.0723751783370972 22.360000610351562
0 0 0 90967.75 1.0724023580551147 22.360000610351562
0 0 0 90968.265625 1.0724084377288818 22.360000610351562
0 0 0 90968.125 1.0724067687988281 22.360000610351562
0 0 0 90965.9921875 1.072381615638733 22.360000610351562
0 0 0 90965.9921875 1.072381615638733 22.360000610351562
0 0 0 90965.5 1.072375774383545 22.360000610351562
0 0 0 90968.34375 1.0723730325698853 22.3700008392334
0 0 0 90966.125 1.072383165359497 22.360000610351562
0 0 0 90968.453125 1.0724105834960938 22.360000610351562
0 0 0 90964.1875 1.0723602771759033 22.360000610351562
0 0 0 90963.046875 1.072346806526184 22.360000610351562
0 0 0 90966.015625 1.072381854057312 22.360000610351562
0 0 0 90965.0078125 1.072369933128357 22.360000610351562
0 0 0 90965.671875 1.0723778009414673 22.360000610351562
0 0 0 90966.484375 1.0723873376846313 22.360000610351562
0 0 0 90965.828125 1.0723795890808105 22.360000610351562
0 0 0 90963.71875 1.072354793548584 22.360000610351562
0 0 0 90964.21875 1.072360634803772 22.360000610351562
0 0 0 90965.0625 1.0723342895507812 22.3700008392334
0 0 0 90966.1875 1.0723838806152344 22.360000610351562
0 0 0 90965.875 1.0723439455032349 22.3700008392334
0 0 0 90966.703125 1.072353720664978 22.3700008392334
0 0 0 90964.234375 1.072324514389038 22.3700008392334
0 0 0 90964.9453125 1.0723329782485962 22.3700008392334
0 0 0 90966.015625 1.072381854057312 22.360000610351562
0 0 0 90967.078125 1.0723581314086914 22.3700008392334
0 0 0 90965.9296875 1.0723445415496826 22.3700008392334
0 0 0 90968.875 1.072379231452942 22.3700008392334
0 0 0 90969.859375 1.0723909139633179 22.3700008392334
0 0 0 90965.875 1.0723439455032349 22.3700008392334
0 0 0 90968.21875 1.072371482849121 22.3700008392334
0 0 0 90963.796875 1.0723193883895874 22.3700008392334
0 0 0 90963.625 1.072317361831665 22.3700008392334
0 0 0 90965.265625 1.0723004341125488 22.3799991607666
0 0 0 90966.90625 1.072356104850769 22.3700008392334
0 0 0 90967.734375 1.0723658800125122 22.3700008392334
0 0 0 90965.265625 1.0723366737365723 22.3700008392334
0 0 0 90963.609375 1.0723172426223755 22.3700008392334
0 0 0 90966.578125 1.0723521709442139 22.3700008392334
0 0 0 90967.5703125 1.0723638534545898 22.3700008392334
0 0 0 90961.984375 1.0722980499267578 22.3700008392334
0 0 0 90964.3125 1.072289228439331 22.3799991607666
0 0 0 90964.125 1.0722869634628296 22.3799991607666
0 0 0 90963.953125 1.0722849369049072 22.3799991607666
0 0 0 90966.25 1.0723483562469482 22.3700008392334
0 0 0 90965.59375 1.072304368019104 22.3799991607666
0 0 0 90967.7265625 1.0723294019699097 22.3799991607666
0 0 0 90965.59375 1.072304368019104 22.3799991607666
0 0 0 90965.125 1.0722987651824951 22.3799991607666
0 0 0 90966.609375 1.072316288948059 22.3799991607666
0 0 0 90966.609375 1.072316288948059 22.3799991607666
0 0 0 90963.0234375 1.0722739696502686 22.3799991607666
0 0 0 90964.515625 1.072291612625122 22.3799991607666
0 0 0 90966.140625 1.0723108053207397 22.3799991607666
0 0 0 90963.8671875 1.0722839832305908 22.3799991607666
0 0 0 90962.53125 1.0722682476043701 22.3799991607666
0 0 0 90964.796875 1.0722949504852295 22.3799991607666
0 0 0 90966.046875 1.0722733736038208 22.389999389648438
0 0 0 90965.484375 1.072303056716919 22.3799991607666
0 0 0 90964 1.072285532951355 22.3799991607666
0 0 0 90963.0234375 1.0722739696502686 22.3799991607666
0 0 0 90965.5625 1.0722676515579224 22.389999389648438
0 0 0 90963.453125 1.0722428560256958 22.389999389648438
0 0 0 90964.59375 1.0722562074661255 22.389999389648438
0 0 0 90963.09375 1.072238564491272 22.389999389648438
0 0 0 90964.2421875 1.0722521543502808 22.389999389648438
0 0 0 90967.875 1.0722949504852295 22.389999389648438
0 0 0 90966.6796875 1.0722808837890625 22.389999389648438
0 0 0 90964.109375 1.072250485420227 22.389999389648438
0 0 0 90963.9375 1.0722484588623047 22.389999389648438
0 0 0 90964.7109375 1.0722576379776 22.389999389648438
0 0 0 90966.734375 1.0722814798355103 22.389999389648438
0 0 0 90967.0625 1.0722852945327759 22.389999389648438
0 0 0 90966.59375 1.0722798109054565 22.389999389648438
0 0 0 90967.0625 1.0722852945327759 22.389999389648438
0 0 0 90961.96875 1.0722253322601318 22.389999389648438
0 0 0 90964.125 1.0722507238388062 22.389999389648438
0 0 0 90966.59375 1.0722798109054565 22.389999389648438
0 0 0 90962.953125 1.0722368955612183 22.389999389648438
0 0 0 90962.84375 1.0721993446350098 22.399999618530273
0 0 0 90965.625 1.0722321271896362 22.399999618530273
0 0 0 90964.296875 1.0722527503967285 22.389999389648438
0 0 0 90961.8828125 1.0721880197525024 22.399999618530273
0 0 0 90965.46875 1.0722302198410034 22.399999618530273
0 0 0 90966.78125 1.072245717048645 22.399999618530273
0 0 0 90969.21875 1.0723108053207397 22.389999389648438
0 0 0 90966.140625 1.0722382068634033 22.399999618530273
0 0 0 90964.015625 1.0722131729125977 22.399999618530273
0 0 0 90963.6640625 1.0722090005874634 22.399999618530273
0 0 0 90963.53125 1.0722074508666992 22.399999618530273
0 0 0 90964.34375 1.0722169876098633 22.399999618530273
0 0 0 90964.015625 1.0722131729125977 22.399999618530273
0 0 0 90966.171875 1.072238564491272 22.399999618530273
0 0 0 90965.328125 1.0722286701202393 22.399999618530273
0 0 0 90966.828125 1.0722463130950928 22.399999618530273
0 0 0 90965.4921875 1.072230577468872 22.399999618530273
0 0 0 90970.4609375 1.0722891092300415 22.399999618530273
0 0 0 90968 1.0722601413726807 22.399999618530273
0 0 0 90966.71875 1.0722087621688843 22.40999984741211
0 0 0 90967.34375 1.0722523927688599 22.399999618530273
0 0 0 90966.5234375 1.0722427368164062 22.399999618530273
0 0 0 90965.4296875 1.0721935033798218 22.40999984741211
0 0 0 90967.34375 1.0722523927688599 22.399999618530273
0 0 0 90966.6875 1.072244644165039 22.399999618530273
0 0 0 90967.375 1.072216510772705 22.40999984741211
0 0 0 90967.5078125 1.0722543001174927 22.399999618530273
0 0 0 90966.140625 1.0722382068634033 22.399999618530273
0 0 0 90967.671875 1.0722562074661255 22.399999618530273
0 0 0 90968.171875 1.072262167930603 22.399999618530273
0 0 0 90965.40625 1.0721932649612427 22.40999984741211
0 0 0 90967.390625 1.0722166299819946 22.40999984741211
0 0 0 90965.703125 1.0722330808639526 22.399999618530273
0 0 0 90970.015625 1.0722476243972778 22.40999984741211
0 0 0 90965.09375 1.0721895694732666 22.40999984741211
0 0 0 90964.75 1.0721855163574219 22.40999984741211
0 0 0 90964.609375 1.0721838474273682 22.40999984741211
0 0 0 90962.609375 1.072160243988037 22.40999984741211
0 0 0 90959.984375 1.0721293687820435 22.40999984741211
0 0 0 90961.65625 1.0721490383148193 22.40999984741211
0 0 0 90962.609375 1.072160243988037 22.40999984741211
0 0 0 90961.328125 1.0721452236175537 22.40999984741211
0 0 0 90963.4609375 1.072170376777649 22.40999984741211
0 0 0 90963.4375 1.0721700191497803 22.40999984741211
0 0 0 90961.8203125 1.0721509456634521 22.40999984741211
0 0 0 90961.328125 1.0721452236175537 22.40999984741211
0 0 0 90961.984375 1.0721529722213745 22.40999984741211
0 0 0 90962.3125 1.0721567869186401 22.40999984741211
0 0 0 90965.140625 1.0721538066864014 22.420000076293945
0 0 0 90966.7890625 1.0721732378005981 22.420000076293945
0 0 0 90962.96875 1.072164535522461 22.40999984741211
0 0 0 90966.078125 1.072201132774353 22.40999984741211
0 0 0 90965.78125 1.072197675704956 22.40999984741211
0 0 0 90963.640625 1.0721724033355713 22.40999984741211
0 0 0 90966.265625 1.0722033977508545 22.40999984741211
0 0 0 90965.8046875 1.0721616744995117 22.420000076293945
0 0 0 90966.59375 1.0722072124481201 22.40999984741211
0 0 0 90964.796875 1.0721861124038696 22.40999984741211
0 0 0 90962.5234375 1.0721592903137207 22.40999984741211
0 0 0 90963.1796875 1.072130799293518 22.420000076293945
0 0 0 90964.984375 1.072152018547058 22.420000076293945
0 0 0 90961.234375 1.0721077919006348 22.420000076293945
0 0 0 90965.78125 1.072197675704956 22.40999984741211
0 0 0 90961.8671875 1.0721153020858765 22.420000076293945
0 0 0 90963.53125 1.0721348524093628 22.420000076293945
0 0 0 90963.859375 1.072138786315918 22.420000076293945
0 0 0 90964.6796875 1.0721484422683716 22.420000076293945
0 0 0 90963.6953125 1.0721367597579956 22.420000076293945
0 0 0 90962.546875 1.0721232891082764 22.420000076293945
0 0 0 90961.078125 1.0721060037612915 22.420000076293945
0 0 0 90962.875 1.072127103805542 22.420000076293945
0 0 0 90962.2421875 1.0721197128295898 22.420000076293945
0 0 0 90963.390625 1.072133183479309 22.420000076293945
0 0 0 90965.3828125 1.0721204280853271 22.43000030517578
0 0 0 90963.390625 1.072133183479309 22.420000076293945
0 0 0 90967.65625 1.0721834897994995 22.420000076293945
0 0 0 90965 1.0721521377563477 22.420000076293945
0 0 0 90965.984375 1.0721638202667236 22.420000076293945
0 0 0 90965.359375 1.0721564292907715 22.420000076293945
0 0 0 90964.5625 1.0721107721328735 22.43000030517578
0 0 0 90965.546875 1.07212233543396 22.43000030517578
0 0 0 90965.7109375 1.0721242427825928 22.43000030517578
0 0 0 90964.703125 1.0721486806869507 22.420000076293945
0 0 0 90965.0546875 1.0721166133880615 22.43000030517578
0 0 0 90962.921875 1.0720914602279663 22.43000030517578
0 0 0 90963.25 1.072095274925232 22.43000030517578
0 0 0 90961.28125 1.072072148323059 22.43000030517578
0 0 0 90965.1953125 1.0721545219421387 22.420000076293945
0 0 0 90964.09375 1.0721052885055542 22.43000030517578
0 0 0 90961.96875 1.0720802545547485 22.43000030517578
0 0 0 90962.4375 1.0720857381820679 22.43000030517578
0 0 0 90963.625 1.0720996856689453 22.43000030517578
0 0 0 90962.953125 1.072091817855835 22.43000030517578
0 0 0 90963.25 1.072095274925232 22.43000030517578
0 0 0 90961.6328125 1.0720762014389038 22.43000030517578
0 0 0 90965.734375 1.0721246004104614 22.43000030517578
0 0 0 90966.0390625 1.072128176689148 22.43000030517578
0 0 0 90965.734375 1.0721246004104614 22.43000030517578
0 0 0 90965.15625 1.072081446647644 22.440000534057617
0 0 0 90963.953125 1.0721036195755005 22.43000030517578
0 0 0 90962.6484375 1.0720882415771484 22.43000030517578
0 0 0 90961.6875 1.0720769166946411 22.43000030517578
0 0 0 90960.6796875 1.072064995765686 22.43000030517578
0 0 0 90965.296875 1.0721194744110107 22.43000030517578
0 0 0 90964.6640625 1.0720757246017456 22.440000534057617
0 0 0 90965.453125 1.072121262550354 22.43000030517578
0 0 0 90967.828125 1.072113037109375 22.440000534057617
0 0 0 90965.3671875 1.0720839500427246 22.440000534057617
0 0 0 90967.8046875 1.0721126794815063 22.440000534057617
0 0 0 90963.7265625 1.0720646381378174 22.440000534057617
0 0 0 90966.1640625 1.0720933675765991 22.440000534057617
0 0 0 90966.796875 1.0721008777618408 22.440000534057617
0 0 0 90964.6875 1.0720759630203247 22.440000534057617
0 0 0 90966.1875 1.0720936059951782 22.440000534057617
0 0 0 90965.34375 1.0720837116241455 22.440000534057617
0 0 0 90965.0625 1.072080373764038 22.440000534057617
0 0 0 90964.8515625 1.0720778703689575 22.440000534057617
0 0 0 90968.34375 1.072119116783142 22.440000534057617
0 0 0 90964.515625 1.0720739364624023 22.440000534057617
0 0 0 90961.265625 1.0720356702804565 22.440000534057617
0 0 0 90966.84375 1.072101354598999 22.440000534057617
0 0 0 90964.1953125 1.0720701217651367 22.440000534057617
0 0 0 90963.7265625 1.0720646381378174 22.440000534057617
0 0 0 90964.21875 1.0720704793930054 22.440000534057617
0 0 0 90963.125 1.072021245956421 22.450000762939453
0 0 0 90961.8125 1.0720058679580688 22.450000762939453
0 0 0 90964.265625 1.0720347166061401 22.450000762939453
0 0 0 90965.609375 1.0720505714416504 22.450000762939453
0 0 0 90967.0625 1.0720677375793457 22.450000762939453
0 0 0 90966.078125 1.0720560550689697 22.450000762939453
0 0 0 90963.796875 1.0720292329788208 22.450000762939453
0 0 0 90964.625 1.072039008140564 22.450000762939453
0 0 0 90962.328125 1.072011947631836 22.450000762939453
0 0 0 90965.4375 1.072048544883728 22.450000762939453
0 0 0 90962.15625 1.0720099210739136 22.450000762939453
0 0 0 90963.5234375 1.0719897747039795 22.459999084472656
0 0 0 90962.328125 1.072011947631836 22.450000762939453
0 0 0 90961.171875 1.0719982385635376 22.450000762939453
0 0 0 90962.0234375 1.0720082521438599 22.450000762939453
0 0 0 90959.890625 1.0719832181930542 22.450000762939453
0 0 0 90959.2109375 1.0719751119613647 22.450000762939453
0 0 0 90959.375 1.071977138519287 22.450000762939453
0 0 0 90958.0625 1.0719616413116455 22.450000762939453
0 0 0 90963.84375 1.0719934701919556 22.459999084472656
0 0 0 90962.5625 1.0719784498214722 22.459999084472656
0 0 0 90960.21875 1.0719870328903198 22.450000762939453
0 0 0 90961.390625 1.0719646215438843 22.459999084472656
0 0 0 90959.5390625 1.07197904586792 22.450000762939453
0 0 0 90963.359375 1.0719877481460571 22.459999084472656
0 0 0 90964.5 1.0720012187957764 22.459999084472656
0 0 0 90963.7109375 1.0719919204711914 22.459999084472656
0 0 0 90966.46875 1.0720244646072388 22.459999084472656
0 0 0 90963.0546875 1.0719841718673706 22.459999084472656
0 0 0 90965.7265625 1.0719794034957886 22.469999313354492
0 0 0 90962.609375 1.071942687034607 22.469999313354492
0 0 0 90964.109375 1.0719603300094604 22.469999313354492
0 0 0 90961.296875 1.0719271898269653 22.469999313354492
0 0 0 90962.9375 1.0719465017318726 22.469999313354492
0 0 0 90962.328125 1.0719393491744995 22.469999313354492
0 0 0 90964.109375 1.0719603300094604 22.469999313354492
0 0 0 90962.984375 1.0719470977783203 22.469999313354492
0 0 0 90964.578125 1.0719659328460693 22.469999313354492
0 0 0 90962.1484375 1.0719372034072876 22.469999313354492
0 0 0 90963.296875 1.0719507932662964 22.469999313354492
0 0 0 90963.734375 1.0719921588897705 22.459999084472656
0 0 0 90961.0234375 1.0719239711761475 22.469999313354492
0 0 0 90963.3125 1.0719510316848755 22.469999313354492
0 0 0 90963.640625 1.0719548463821411 22.469999313354492
0 0 0 90966.1015625 1.071983814239502 22.469999313354492
0 0 0 90963.96875 1.0719586610794067 22.469999313354492
0 0 0 90963.671875 1.0719189643859863 22.479999542236328
0 0 0 90962.0546875 1.0718998908996582 22.479999542236328
0 0 0 90962.828125 1.071945309638977 22.469999313354492
0 0 0 90965.46875 1.0719400644302368 22.479999542236328
0 0 0 90965.46875 1.0719400644302368 22.479999542236328
0 0 0 90964.1328125 1.071960687637329 22.469999313354492
0 0 0 90962 1.0719355344772339 22.469999313354492
0 0 0 90962 1.0719355344772339 22.469999313354492
0 0 0 90961.515625 1.0719298124313354 22.469999313354492
0 0 0 90960.734375 1.071884274482727 22.479999542236328
0 0 0 90964.296875 1.071962594985962 22.469999313354492
0 0 0 90966.1796875 1.071948528289795 22.479999542236328
0 0 0 90964.859375 1.0719329118728638 22.479999542236328
0 0 0 90966.8125 1.071955919265747 22.479999542236328
0 0 0 90963.015625 1.0719112157821655 22.479999542236328
0 0 0 90965.6875 1.071942687034607 22.479999542236328
0 0 0 90967.328125 1.0719619989395142 22.479999542236328
0 0 0 90961.71875 1.071895956993103 22.479999542236328
0 0 0 90965.21875 1.0719372034072876 22.479999542236328
0 0 0 90964.515625 1.071928858757019 22.479999542236328
0 0 0 90963.359375 1.0719152688980103 22.479999542236328
0 0 0 90965.515625 1.0719406604766846 22.479999542236328
0 0 0 90966.859375 1.0719565153121948 22.479999542236328
0 0 0 90965.7109375 1.071942925453186 22.479999542236328
0 0 0 90970.4921875 1.0719630718231201 22.489999771118164
0 0 0 90964.421875 1.0718915462493896 22.489999771118164
0 0 0 90961.25 1.0718903541564941 22.479999542236328
0 0 0 90963.28125 1.0718780755996704 22.489999771118164
0 0 0 90968.515625 1.0719397068023682 22.489999771118164
0 0 0 90962.921875 1.0719101428985596 22.479999542236328
0 0 0 90968.3359375 1.0719739198684692 22.479999542236328
0 0 0 90963.5546875 1.0719175338745117 22.479999542236328
0 0 0 90967.234375 1.0719246864318848 22.489999771118164
0 0 0 90967.5390625 1.0719282627105713 22.489999771118164
0 0 0 90967.84375 1.0719680786132812 22.479999542236328
0 0 0 90966.2265625 1.0719127655029297 22.489999771118164
0 0 0 90967.2109375 1.0719244480133057 22.489999771118164
0 0 0 90964.421875 1.0718915462493896 22.489999771118164
0 0 0 90965.7578125 1.0719072818756104 22.489999771118164
0 0 0 90964.1171875 1.0718879699707031 22.489999771118164
0 0 0 90964.09375 1.0718876123428345 22.489999771118164
0 0 0 90964.609375 1.0718936920166016 22.489999771118164
0 0 0 90969.5546875 1.071951985359192 22.489999771118164
0 0 0 90964.46875 1.0718920230865479 22.489999771118164
0 0 0 90966.4375 1.0719152688980103 22.489999771118164
0 0 0 90966.421875 1.0719151496887207 22.489999771118164
0 0 0 90963.8125 1.0718843936920166 22.489999771118164
0 0 0 90963.984375 1.071886420249939 22.489999771118164
0 0 0 90964.328125 1.0718541145324707 22.5
0 0 0 90966.109375 1.0719114542007446 22.489999771118164
0 0 0 90962.859375 1.0718368291854858 22.5
0 0 0 90964.4921875 1.071856141090393 22.5
0 0 0 90967.609375 1.0718928575515747 22.5
0 0 0 90966.796875 1.071883201599121 22.5
0 0 0 90964.359375 1.071854591369629 22.5
0 0 0 90964.796875 1.071895956993103 22.489999771118164
0 0 0 90964.984375 1.0718618631362915 22.5
0 0 0 90965.640625 1.0718696117401123 22.5
0 0 0 90967.46875 1.071891188621521 22.5
0 0 0 90963.0703125 1.0718393325805664 22.5
0 0 0 90965.78125 1.0719075202941895 22.489999771118164
0 0 0 90963.484375 1.0718804597854614 22.489999771118164
0 0 0 90966.1328125 1.0718754529953003 22.5
0 0 0 90966.6484375 1.0718815326690674 22.5
0 0 0 90967.5 1.0718915462493896 22.5
0 0 0 90966.515625 1.0718799829483032 22.5
0 0 0 90965.203125 1.0718644857406616 22.5
0 0 0 90967.328125 1.0718895196914673 22.5
0 0 0 90965.53125 1.0718683004379272 22.5
0 0 0 90964.1875 1.0718525648117065 22.5
0 0 0 90968.015625 1.0718976259231567 22.5
0 0 0 90966.7265625 1.0718461275100708 22.510000228881836
0 0 0 90965.53125 1.0718683004379272 22.5
0 0 0 90965.203125 1.0718644857406616 22.5
0 0 0 90965.2265625 1.0718647241592407 22.5
0 0 0 90967.03125 1.0718860626220703 22.5
0 0 0 90966.328125 1.0718777179718018 22.5
0 0 0 90966.2109375 1.0718764066696167 22.5
0 0 0 90965.25 1.0718287229537964 22.510000228881836
0 0 0 90965.90625 1.0718364715576172 22.510000228881836
0 0 0 90968.859375 1.071871280670166 22.510000228881836
0 0 0 90966.390625 1.0718421936035156 22.510000228881836
0 0 0 90967.2421875 1.071852207183838 22.510000228881836
0 0 0 90966.453125 1.071842908859253 22.510000228881836
0 0 0 90967.8984375 1.0718599557876587 22.510000228881836
0 0 0 90967.0546875 1.071850061416626 22.510000228881836
0 0 0 90966.234375 1.0718404054641724 22.510000228881836
0 0 0 90962.625 1.0717978477478027 22.510000228881836
0 0 0 90966.46875 1.071843147277832 22.510000228881836
0 0 0 90966.1171875 1.0718389749526978 22.510000228881836
0 0 0 90964.8125 1.0718235969543457 22.510000228881836
0 0 0 90968.578125 1.0718679428100586 22.510000228881836
0 0 0 90969.0703125 1.0718737840652466 22.510000228881836
0 0 0 90969.0703125 1.0718737840652466 22.510000228881836
0 0 0 90966.7734375 1.0718467235565186 22.510000228881836
0 0 0 90966.1171875 1.0718389749526978 22.510000228881836
0 0 0 90966.609375 1.0718448162078857 22.510000228881836
0 0 0 90968.578125 1.0718679428100586 22.510000228881836
0 0 0 90965.46875 1.0718313455581665 22.510000228881836
0 0 0 90965.796875 1.0718351602554321 22.510000228881836
0 0 0 90965.6796875 1.0717976093292236 22.520000457763672
0 0 0 90965.484375 1.0718315839767456 22.510000228881836
0 0 0 90964.390625 1.0717823505401611 22.520000457763672
0 0 0 90964.859375 1.07178795337677 22.520000457763672
0 0 0 90967.671875 1.0718210935592651 22.520000457763672
0 0 0 90964.5 1.0718199014663696 22.510000228881836
0 0 0 90968.796875 1.0718343257904053 22.520000457763672
0 0 0 90969.453125 1.071842074394226 22.520000457763672
0 0 0 90967.53125 1.0718194246292114 22.520000457763672
0 0 0 90966.140625 1.0718392133712769 22.510000228881836
0 0 0 90968 1.0718249082565308 22.520000457763672
0 0 0 90966.3828125 1.0718058347702026 22.520000457763672
0 0 0 90968.984375 1.0718364715576172 22.520000457763672
0 0 0 90968.15625 1.0718268156051636 22.520000457763672
0 0 0 90968 1.0718249082565308 22.520000457763672
0 0 0 90966.7109375 1.0718097686767578 22.520000457763672
0 0 0 90968.515625 1.0718309879302979 22.520000457763672
0 0 0 90966.0546875 1.071802020072937 22.520000457763672
0 0 0 90969.328125 1.071840524673462 22.520000457763672
0 0 0 90968.515625 1.0718309879302979 22.520000457763672
0 0 0 90968.015625 1.0718251466751099 22.520000457763672
0 0 0 90966.03125 1.071801781654358 22.520000457763672
0 0 0 90966.7109375 1.0718097686767578 22.520000457763672
0 0 0 90968.015625 1.0718251466751099 22.520000457763672
0 0 0 90967.6953125 1.0718213319778442 22.520000457763672
0 0 0 90965.7265625 1.0717980861663818 22.520000457763672
0 0 0 90965.7265625 1.0717980861663818 22.520000457763672
0 0 0 90967.6953125 1.0718213319778442 22.520000457763672
0 0 0 90966.875 1.0718116760253906 22.520000457763672
0 0 0 90968.046875 1.071789264678955 22.530000686645508
0 0 0 90967.53125 1.0718194246292114 22.520000457763672
0 0 0 90966.375 1.0718058347702026 22.520000457763672
0 0 0 90967.203125 1.0718154907226562 22.520000457763672
0 0 0 90970.828125 1.0718220472335815 22.530000686645508
0 0 0 90969 1.0718367099761963 22.520000457763672
0 0 0 90966.703125 1.0718096494674683 22.520000457763672
0 0 0 90968.34375 1.0718289613723755 22.520000457763672
0 0 0 90969.046875 1.0718010663986206 22.530000686645508
0 0 0 90965.578125 1.0717601776123047 22.530000686645508
0 0 0 90967.875 1.0717872381210327 22.530000686645508
0 0 0 90968.71875 1.0717971324920654 22.530000686645508
0 0 0 90964.9765625 1.0717530250549316 22.530000686645508
0 0 0 90965.625 1.071760654449463 22.530000686645508
0 0 0 90965.578125 1.0717601776123047 22.530000686645508
0 0 0 90965.578125 1.0717601776123047 22.530000686645508
0 0 0 90967.078125 1.0717778205871582 22.530000686645508
0 0 0 90967.4375 1.0717819929122925 22.530000686645508
0 0 0 90966.265625 1.0717682838439941 22.530000686645508
0 0 0 90966.921875 1.0717759132385254 22.530000686645508
0 0 0 90965.65625 1.071724772453308 22.540000915527344
0 0 0 90963.640625 1.071737289428711 22.530000686645508
0 0 0 90965.4921875 1.0717228651046753 22.540000915527344
0 0 0 90965.1640625 1.0717190504074097 22.540000915527344
0 0 0 90966.8046875 1.071738362312317 22.540000915527344
0 0 0 90968.4453125 1.0717576742172241 22.540000915527344
0 0 0 90963.6640625 1.0717376470565796 22.530000686645508
0 0 0 90965.4453125 1.0717586278915405 22.530000686645508
0 0 0 90965.8203125 1.0717267990112305 22.540000915527344
0 0 0 90968.28125 1.0717557668685913 22.540000915527344
0 0 0 90967.953125 1.0717518329620361 22.540000915527344
0 0 0 90966.5234375 1.0717350244522095 22.540000915527344
0 0 0 90965.8203125 1.0717267990112305 22.540000915527344
0 0 0 90965.6875 1.0717251300811768 22.540000915527344
0 0 0 90966.8046875 1.071738362312317 22.540000915527344
0 0 0 90965.6875 1.0717251300811768 22.540000915527344
0 0 0 90967.671875 1.0717486143112183 22.540000915527344
0 0 0 90966.96875 1.0717402696609497 22.540000915527344
0 0 0 90968.328125 1.0717562437057495 22.540000915527344
0 0 0 90965.4921875 1.0717228651046753 22.540000915527344
0 0 0 90967.8125 1.0717501640319824 22.540000915527344
0 0 0 90964.203125 1.0717077255249023 22.540000915527344
0 0 0 90970.765625 1.0717849731445312 22.540000915527344
0 0 0 90969.171875 1.0717662572860718 22.540000915527344
0 0 0 90969.828125 1.0717740058898926 22.540000915527344
0 0 0 90965.734375 1.0717257261276245 22.540000915527344
0 0 0 90967.375 1.0717450380325317 22.540000915527344
0 0 0 90966.90625 1.071703314781189 22.549999237060547
0 0 0 90968.875 1.0717264413833618 22.549999237060547
0 0 0 90966.390625 1.0717334747314453 22.540000915527344
0 0 0 90963.4375 1.0716986656188965 22.540000915527344
0 0 0 90965.78125 1.0716900825500488 22.549999237060547
0 0 0 90965.5625 1.0717236995697021 22.540000915527344
0 0 0 90964.9375 1.0716800689697266 22.549999237060547
0 0 0 90966.765625 1.0717016458511353 22.549999237060547
0 0 0 90966.953125 1.0717039108276367 22.549999237060547
0 0 0 90966.734375 1.0717012882232666 22.549999237060547
0 0 0 90965.8046875 1.071690320968628 22.549999237060547
0 0 0 90966.578125 1.0716993808746338 22.549999237060547
0 0 0 90966.4375 1.0716978311538696 22.549999237060547
0 0 0 90965.5 1.0716867446899414 22.549999237060547
0 0 0 90965.609375 1.0716880559921265 22.549999237060547
0 0 0 90965.890625 1.0717276334762573 22.540000915527344
0 0 0 90967.1171875 1.0717058181762695 22.549999237060547
0 0 0 90965.78125 1.0716900825500488 22.549999237060547
0 0 0 90966.765625 1.0717016458511353 22.549999237060547
0 0 0 90966.90625 1.071703314781189 22.549999237060547
0 0 0 90965.640625 1.0716884136199951 22.549999237060547
0 0 0 90966.1875 1.0716586112976074 22.559999465942383
0 0 0 90969.4609375 1.0716971158981323 22.559999465942383
0 0 0 90968.6171875 1.071723461151123 22.549999237060547
0 0 0 90968.640625 1.0716874599456787 22.559999465942383
0 0 0 90968.9453125 1.0717272758483887 22.549999237060547
0 0 0 90969.0859375 1.0717289447784424 22.549999237060547
0 0 0 90967.0234375 1.0716683864593506 22.559999465942383
0 0 0 90968.171875 1.0716819763183594 22.559999465942383
0 0 0 90968.359375 1.0716841220855713 22.559999465942383
0 0 0 90968.828125 1.0716897249221802 22.559999465942383
0 0 0 90967.0234375 1.0716683864593506 22.559999465942383
0 0 0 90967.828125 1.0716779232025146 22.559999465942383
0 0 0 90966.34375 1.0716603994369507 22.559999465942383
0 0 0 90967.375 1.0716725587844849 22.559999465942383
0 0 0 90967.828125 1.0716779232025146 22.559999465942383
0 0 0 90967.828125 1.0716779232025146 22.559999465942383
0 0 0 90968.015625 1.0716800689697266 22.559999465942383
0 0 0 90967.328125 1.0716720819473267 22.559999465942383
0 0 0 90967.328125 1.0716720819473267 22.559999465942383
0 0 0 90966.25 1.0716593265533447 22.559999465942383
0 0 0 90965.90625 1.0716552734375 22.559999465942383
0 0 0 90969.703125 1.0716999769210815 22.559999465942383
0 0 0 90968.5546875 1.0716865062713623 22.559999465942383
0 0 0 90970.0546875 1.0716679096221924 22.56999969482422
0 0 0 90967.078125 1.071669101715088 22.559999465942383
0 0 0 90968.859375 1.0716900825500488 22.559999465942383
0 0 0 90970.359375 1.0717077255249023 22.559999465942383
0 0 0 90968.859375 1.0716900825500488 22.559999465942383
0 0 0 90967.0546875 1.0716688632965088 22.559999465942383
0 0 0 90970.046875 1.0716677904129028 22.56999969482422
0 0 0 90969.234375 1.0716582536697388 22.56999969482422
0 0 0 90971.5 1.0717211961746216 22.559999465942383
0 0 0 90966.421875 1.071661353111267 22.559999465942383
0 0 0 90969.234375 1.0716582536697388 22.56999969482422
0 0 0 90966.609375 1.0716273784637451 22.56999969482422
0 0 0 90967.59375 1.0716389417648315 22.56999969482422
0 0 0 90967.09375 1.071632981300354 22.56999969482422
0 0 0 90968.265625 1.071646809577942 22.56999969482422
0 0 0 90968.109375 1.0716450214385986 22.56999969482422
0 0 0 90964.46875 1.0716021060943604 22.56999969482422
0 0 0 90968.953125 1.071618676185608 22.579999923706055
0 0 0 90968.4375 1.0716488361358643 22.56999969482422
0 0 0 90967.609375 1.071639060974121 22.56999969482422
0 0 0 90968.125 1.0716089010238647 22.579999923706055
0 0 0 90967.125 1.0716333389282227 22.56999969482422
0 0 0 90969.28125 1.071622610092163 22.579999923706055
0 0 0 90966.953125 1.0716313123703003 22.56999969482422
0 0 0 90969.765625 1.071628212928772 22.579999923706055
0 0 0 90967.9375 1.0716429948806763 22.56999969482422
0 0 0 90968.96875 1.071618914604187 22.579999923706055
0 0 0 90968.953125 1.071618676185608 22.579999923706055
0 0 0 90964.828125 1.0716062784194946 22.56999969482422
0 0 0 90969.9375 1.0716302394866943 22.579999923706055
0 0 0 90967.828125 1.0716054439544678 22.579999923706055
0 0 0 90969.609375 1.0716264247894287 22.579999923706055
0 0 0 90970.28125 1.071634292602539 22.579999923706055
0 0 0 90967.3125 1.0715993642807007 22.579999923706055
0 0 0 90965.828125 1.0715818405151367 22.579999923706055
0 0 0 90966.5390625 1.0715903043746948 22.579999923706055
0 0 0 90967.96875 1.0716071128845215 22.579999923706055
0 0 0 90969.3046875 1.0716228485107422 22.579999923706055
0 0 0 90969.9609375 1.071630597114563 22.579999923706055
0 0 0 90968.8359375 1.0716173648834229 22.579999923706055
0 0 0 90969.625 1.0716266632080078 22.579999923706055
0 0 0 90973.421875 1.0716713666915894 22.579999923706055
0 0 0 90969.65625 1.0716270208358765 22.579999923706055
0 0 0 90969.4921875 1.071624994277954 22.579999923706055
0 0 0 90970.140625 1.0716326236724854 22.579999923706055
0 0 0 90968.046875 1.071608066558838 22.579999923706055
0 0 0 90970.359375 1.071599006652832 22.59000015258789
0 0 0 90970.140625 1.0716326236724854 22.579999923706055
0 0 0 90967.7109375 1.0716040134429932 22.579999923706055
0 0 0 90967.515625 1.0716017484664917 22.579999923706055
0 0 0 90970.5 1.0716369152069092 22.579999923706055
0 0 0 90970.171875 1.0716331005096436 22.579999923706055
0 0 0 90969.515625 1.0716253519058228 22.579999923706055
0 0 0 90969.265625 1.0715861320495605 22.59000015258789
0 0 0 90972.828125 1.0716280937194824 22.59000015258789
0 0 0 90968.578125 1.071578025817871 22.59000015258789
0 0 0 90968.09375 1.0715723037719727 22.59000015258789
0 0 0 90968.5625 1.0715779066085815 22.59000015258789
0 0 0 90970.21875 1.0715973377227783 22.59000015258789
0 0 0 90968.09375 1.0715723037719727 22.59000015258789
0 0 0 90970.03125 1.0715951919555664 22.59000015258789
0 0 0 90971.5625 1.0716131925582886 22.59000015258789
0 0 0 90968.90625 1.0715819597244263 22.59000015258789
0 0 0 90969.3984375 1.0715876817703247 22.59000015258789
0 0 0 90969.078125 1.0715839862823486 22.59000015258789
0 0 0 90970.4375 1.0715999603271484 22.59000015258789
0 0 0 90967.8359375 1.0715330839157104 22.600000381469727
0 0 0 90966.640625 1.071555256843567 22.59000015258789
0 0 0 90967.1796875 1.0715253353118896 22.600000381469727
0 0 0 90967.96875 1.071570873260498 22.59000015258789
0 0 0 90967.671875 1.0715311765670776 22.600000381469727
0 0 0 90969.96875 1.0715582370758057 22.600000381469727
0 0 0 90968.609375 1.0715783834457397 22.59000015258789
0 0 0 90969.125 1.0715844631195068 22.59000015258789
0 0 0 90967.5078125 1.0715291500091553 22.600000381469727
0 0 0 90968.8203125 1.0715446472167969 22.600000381469727
0 0 0 90968.328125 1.0715388059616089 22.600000381469727
0 0 0 90967.1796875 1.0715253353118896 22.600000381469727
0 0 0 90968.515625 1.0715410709381104 22.600000381469727
0 0 0 90969.3359375 1.071550726890564 22.600000381469727
0 0 0 90966.8515625 1.071521520614624 22.600000381469727
0 0 0 90966.984375 1.0715593099594116 22.59000015258789
0 0 0 90968.328125 1.0715388059616089 22.600000381469727
0 0 0 90967.53125 1.071529507637024 22.600000381469727
0 0 0 90968.5390625 1.0715413093566895 22.600000381469727
0 0 0 90970.671875 1.0715664625167847 22.600000381469727
0 0 0 90968.375 1.0715394020080566 22.600000381469727
0 0 0 90966.875 1.0715217590332031 22.600000381469727
0 0 0 90968.328125 1.0715388059616089 22.600000381469727
0 0 0 90968.2109375 1.0715374946594238 22.600000381469727
0 0 0 90967.5546875 1.071529746055603 22.600000381469727
0 0 0 90966.5703125 1.0715181827545166 22.600000381469727
0 0 0 90966.5703125 1.0715181827545166 22.600000381469727
0 0 0 90964.6015625 1.0714949369430542 22.600000381469727
0 0 0 90965.2578125 1.071502685546875 22.600000381469727
0 0 0 90966.453125 1.0714805126190186 22.610000610351562
0 0 0 90966.7578125 1.071484088897705 22.610000610351562
0 0 0 90966.78125 1.0714844465255737 22.610000610351562
0 0 0 90967.578125 1.0714937448501587 22.610000610351562
0 0 0 90964.9296875 1.0714988708496094 22.600000381469727
0 0 0 90965.4453125 1.071468710899353 22.610000610351562
0 0 0 90967.765625 1.0714960098266602 22.610000610351562
0 0 0 90968.0703125 1.0714995861053467 22.610000610351562
0 0 0 90968.375 1.0715394020080566 22.600000381469727
0 0 0 90967.25 1.071489930152893 22.610000610351562
0 0 0 90968.7734375 1.0715079307556152 22.610000610351562
0 0 0 90966.953125 1.071486473083496 22.610000610351562
0 0 0 90966.78125 1.0714844465255737 22.610000610351562
0 0 0 90968.640625 1.0715062618255615 22.610000610351562
0 0 0 90968.5859375 1.0715056657791138 22.610000610351562
0 0 0 90968.125 1.0715001821517944 22.610000610351562
0 0 0 90965.796875 1.0714727640151978 22.610000610351562
0 0 0 90969.625 1.0715179443359375 22.610000610351562
0 0 0 90968.453125 1.0715041160583496 22.610000610351562
0 0 0 90968.5859375 1.0715056657791138 22.610000610351562
0 0 0 90967.2109375 1.0714532136917114 22.6200008392334
0 0 0 90967.1875 1.0714529752731323 22.6200008392334
0 0 0 90962.21875 1.0714306831359863 22.610000610351562
0 0 0 90968.515625 1.0714685916900635 22.6200008392334
0 0 0 90968.359375 1.0714668035507202 22.6200008392334
0 0 0 90967.34375 1.0714547634124756 22.6200008392334
0 0 0 90967.953125 1.071498155593872 22.610000610351562
0 0 0 90968.328125 1.0714664459228516 22.6200008392334
0 0 0 90964.859375 1.071461796760559 22.610000610351562
0 0 0 90966.6953125 1.0714471340179443 22.6200008392334
0 0 0 90966.34375 1.0714792013168335 22.610000610351562
0 0 0 90965.0546875 1.071427822113037 22.6200008392334
0 0 0 90963.734375 1.0714123249053955 22.6200008392334
0 0 0 90963.6015625 1.0714107751846313 22.6200008392334
0 0 0 90963.734375 1.0714123249053955 22.6200008392334
0 0 0 90963.109375 1.0714049339294434 22.6200008392334
0 0 0 90964.09375 1.0714164972305298 22.6200008392334
0 0 0 90966.71875 1.071447491645813 22.6200008392334
0 0 0 90967.046875 1.0714513063430786 22.6200008392334
0 0 0 90968.03125 1.071462869644165 22.6200008392334
0 0 0 90966.2265625 1.071441650390625 22.6200008392334
0 0 0 90968.1953125 1.0714648962020874 22.6200008392334
0 0 0 90966.875 1.0714492797851562 22.6200008392334
0 0 0 90967.0703125 1.0714515447616577 22.6200008392334
0 0 0 90965.734375 1.071435809135437 22.6200008392334
0 0 0 90969.359375 1.0714786052703857 22.6200008392334
0 0 0 90965.078125 1.0714281797409058 22.6200008392334
0 0 0 90964.2578125 1.0714184045791626 22.6200008392334
0 0 0 90969.859375 1.0714844465255737 22.6200008392334
0 0 0 90968.0546875 1.0714632272720337 22.6200008392334
0 0 0 90968.734375 1.0714349746704102 22.6299991607666
0 0 0 90965.09375 1.0714282989501953 22.6200008392334
0 0 0 90967.90625 1.071425199508667 22.6299991607666
0 0 0 90964.609375 1.0714225769042969 22.6200008392334
0 0 0 90966.4140625 1.0714439153671265 22.6200008392334
0 0 0 90966.765625 1.0714117288589478 22.6299991607666
0 0 0 90966.4375 1.0714079141616821 22.6299991607666
0 0 0 90965.640625 1.0713984966278076 22.6299991607666
0 0 0 90964.765625 1.0714244842529297 22.6200008392334
0 0 0 90963.4609375 1.0714091062545776 22.6200008392334
0 0 0 90965.8046875 1.0714004039764404 22.6299991607666
0 0 0 90961.6796875 1.0713518857955933 22.6299991607666
0 0 0 90968.2421875 1.0714291334152222 22.6299991607666
0 0 0 90967.9375 1.0714255571365356 22.6299991607666
0 0 0 90967.140625 1.0714161396026611 22.6299991607666
0 0 0 90968.6171875 1.0714335441589355 22.6299991607666
0 0 0 90968.9453125 1.0714374780654907 22.6299991607666
0 0 0 90967.09375 1.071415662765503 22.6299991607666
0 0 0 90968.125 1.071427822113037 22.6299991607666
0 0 0 90970.609375 1.071457028388977 22.6299991607666
0 0 0 90967.9609375 1.0714259147644043 22.6299991607666
0 0 0 90968.453125 1.0714316368103027 22.6299991607666
0 0 0 90969.46875 1.0714436769485474 22.6299991607666
0 0 0 90967.46875 1.0714200735092163 22.6299991607666
0 0 0 90966.84375 1.0714126825332642 22.6299991607666
0 0 0 90966.015625 1.071402907371521 22.6299991607666
0 0 0 90966.15625 1.0714045763015747 22.6299991607666
0 0 0 90968.3125 1.071429967880249 22.6299991607666
0 0 0 90966.84375 1.0714126825332642 22.6299991607666
0 0 0 90968.34375 1.0713940858840942 22.639999389648438
0 0 0 90964.03125 1.071379542350769 22.6299991607666
0 0 0 90966.046875 1.0713671445846558 22.639999389648438
0 0 0 90966.671875 1.0714106559753418 22.6299991607666
0 0 0 90969.8125 1.0714114904403687 22.639999389648438
0 0 0 90966.890625 1.0713770389556885 22.639999389648438
0 0 0 90966.234375 1.0713692903518677 22.639999389648438
0 0 0 90968.5546875 1.0713965892791748 22.639999389648438
0 0 0 90967.0546875 1.0713789463043213 22.639999389648438
0 0 0 90966.421875 1.0713715553283691 22.639999389648438
0 0 0 90966.9140625 1.0713772773742676 22.639999389648438
0 0 0 90966.390625 1.0713711977005005 22.639999389648438
0 0 0 90966.375 1.0713709592819214 22.639999389648438
0 0 0 90966.71875 1.0713750123977661 22.639999389648438
0 0 0 90965.90625 1.071365475654602 22.639999389648438
0 0 0 90965.765625 1.0713638067245483 22.639999389648438
0 0 0 90964.921875 1.071353793144226 22.639999389648438
0 0 0 90963.4453125 1.0713365077972412 22.639999389648438
0 0 0 90966.75 1.0713753700256348 22.639999389648438
0 0 0 90964.9375 1.0713540315628052 22.639999389648438
0 0 0 90963.46875 1.0713367462158203 22.639999389648438
0 0 0 90965.953125 1.0713297128677368 22.649999618530273
0 0 0 90965.7890625 1.071327805519104 22.649999618530273
0 0 0 90964.125 1.0713444948196411 22.639999389648438
0 0 0 90966.4375 1.0713354349136353 22.649999618530273
0 0 0 90963.953125 1.0713424682617188 22.639999389648438
0 0 0 90962.34375 1.0712872743606567 22.649999618530273
0 0 0 90959.5546875 1.0712543725967407 22.649999618530273
0 0 0 90961.84375 1.0712813138961792 22.649999618530273
0 0 0 90961.5234375 1.0712776184082031 22.649999618530273
0 0 0 90962.5 1.0712890625 22.649999618530273
0 0 0 90965.34375 1.0713225603103638 22.649999618530273
0 0 0 90962.3125 1.0713231563568115 22.639999389648438
0 0 0 90963.0234375 1.0712952613830566 22.649999618530273
0 0 0 90964.6875 1.071314811706543 22.649999618530273
0 0 0 90963.984375 1.071306586265564 22.649999618530273
0 0 0 90968.4375 1.0713590383529663 22.649999618530273
0 0 0 90966 1.0713303089141846 22.649999618530273
0 0 0 90966.8203125 1.0713399648666382 22.649999618530273
0 0 0 90967.3125 1.0713458061218262 22.649999618530273
0 0 0 90965.53125 1.0713248252868652 22.649999618530273
0 0 0 90967.171875 1.0713441371917725 22.649999618530273
0 0 0 90967.71875 1.0713143348693848 22.65999984741211
0 0 0 90966.3515625 1.0713344812393188 22.649999618530273
0 0 0 90964.734375 1.0712791681289673 22.65999984741211
0 0 0 90965.0625 1.0712831020355225 22.65999984741211
0 0 0 90965.28125 1.071285605430603 22.65999984741211
0 0 0 90967.828125 1.0713518857955933 22.649999618530273
0 0 0 90965.640625 1.0713261365890503 22.649999618530273
0 0 0 90965.53125 1.0713248252868652 22.649999618530273
0 0 0 90970.171875 1.071343183517456 22.65999984741211
0 0 0 90969.984375 1.0713410377502441 22.65999984741211
0 0 0 90967.0625 1.071306586265564 22.65999984741211
0 0 0 90969.0234375 1.0713297128677368 22.65999984741211
0 0 0 90968.25 1.071320652961731 22.65999984741211
0 0 0 90969.515625 1.0713355541229248 22.65999984741211
0 0 0 90968.53125 1.0713238716125488 22.65999984741211
0 0 0 90968.375 1.0713220834732056 22.65999984741211
0 0 0 90969.40625 1.0713342428207397 22.65999984741211
0 0 0 90966.078125 1.0712950229644775 22.65999984741211
0 0 0 90967.734375 1.0713145732879639 22.65999984741211
0 0 0 90965.109375 1.0712835788726807 22.65999984741211
0 0 0 90967.4375 1.0713109970092773 22.65999984741211
0 0 0 90970.03125 1.071341633796692 22.65999984741211
0 0 0 90966.09375 1.0712952613830566 22.65999984741211
0 0 0 90966.125 1.0712956190109253 22.65999984741211
0 0 0 90964.8359375 1.0712441205978394 22.670000076293945
0 0 0 90965.765625 1.071255087852478 22.670000076293945
0 0 0 90967.734375 1.0713145732879639 22.65999984741211
0 0 0 90970.25 1.071307897567749 22.670000076293945
0 0 0 90968.609375 1.0712885856628418 22.670000076293945
0 0 0 90967.4375 1.0713109970092773 22.65999984741211
0 0 0 90968.578125 1.0713244676589966 22.65999984741211
0 0 0 90968.4921875 1.0712872743606567 22.670000076293945
0 0 0 90966.4765625 1.0712635517120361 22.670000076293945
0 0 0 90965.8203125 1.0712558031082153 22.670000076293945
0 0 0 90966.1953125 1.0712602138519287 22.670000076293945
0 0 0 90966.4765625 1.0712635517120361 22.670000076293945
0 0 0 90965.515625 1.0712522268295288 22.670000076293945
0 0 0 90966.78125 1.0713032484054565 22.65999984741211
0 0 0 90967.1796875 1.0712717771530151 22.670000076293945
0 0 0 90966.359375 1.0712621212005615 22.670000076293945
0 0 0 90965.2109375 1.0712486505508423 22.670000076293945
0 0 0 90964.0390625 1.0712348222732544 22.670000076293945
0 0 0 90967.1875 1.0712718963623047 22.670000076293945
0 0 0 90967.34375 1.071273684501648 22.670000076293945
0 0 0 90968.65625 1.0712891817092896 22.670000076293945
0 0 0 90968.4921875 1.0712872743606567 22.670000076293945
0 0 0 90964.2265625 1.0712369680404663 22.670000076293945
0 0 0 90967.671875 1.0712776184082031 22.670000076293945
0 0 0 90967.8359375 1.071279525756836 22.670000076293945
0 0 0 90966.03125 1.071258306503296 22.670000076293945
0 0 0 90964.90625 1.0712088346481323 22.68000030517578
0 0 0 90966.546875 1.0712281465530396 22.68000030517578
0 0 0 90966.546875 1.0712281465530396 22.68000030517578
0 0 0 90968.1875 1.0712474584579468 22.68000030517578
0 0 0 90968.6796875 1.0712531805038452 22.68000030517578
0 0 0 90966.7109375 1.0712300539016724 22.68000030517578
0 0 0 90968.515625 1.0712512731552124 22.68000030517578
0 0 0 90967.3671875 1.0712378025054932 22.68000030517578
0 0 0 90968.1875 1.0712474584579468 22.68000030517578
0 0 0 90967.859375 1.0712435245513916 22.68000030517578
0 0 0 90966.21875 1.0712242126464844 22.68000030517578
0 0 0 90964.265625 1.071201205253601 22.68000030517578
0 0 0 90967.203125 1.0712358951568604 22.68000030517578
0 0 0 90968.015625 1.0712454319000244 22.68000030517578
0 0 0 90968.703125 1.0712535381317139 22.68000030517578
0 0 0 90966.375 1.0712261199951172 22.68000030517578
0 0 0 90967.203125 1.0712358951568604 22.68000030517578
0 0 0 90967.390625 1.0712380409240723 22.68000030517578
0 0 0 90966.546875 1.0712281465530396 22.68000030517578
0 0 0 90965.9140625 1.0712206363677979 22.68000030517578
0 0 0 90967.5546875 1.071239948272705 22.68000030517578
0 0 0 90966.375 1.0712261199951172 22.68000030517578
0 0 0 90965.09375 1.0712109804153442 22.68000030517578
0 0 0 90964.625 1.071205496788025 22.68000030517578
0 0 0 90965.9375 1.0712209939956665 22.68000030517578
0 0 0 90965.1171875 1.071211338043213 22.68000030517578
0 0 0 90964.953125 1.0712093114852905 22.68000030517578
0 0 0 90967.2734375 1.0712004899978638 22.690000534057617
0 0 0 90966.1484375 1.0711872577667236 22.690000534057617
0 0 0 90964.5078125 1.0711679458618164 22.690000534057617
0 0 0 90964.5078125 1.0711679458618164 22.690000534057617
0 0 0 90965.171875 1.0711756944656372 22.690000534057617
0 0 0 90967.984375 1.0712088346481323 22.690000534057617
0 0 0 90967.625 1.0712045431137085 22.690000534057617
0 0 0 90968.3125 1.071212649345398 22.690000534057617
0 0 0 90966.5 1.0711913108825684 22.690000534057617
0 0 0 90966.96875 1.0711969137191772 22.690000534057617
0 0 0 90966.8125 1.0711950063705444 22.690000534057617
0 0 0 90966.859375 1.0711956024169922 22.690000534057617
0 0 0 90966.203125 1.0711878538131714 22.690000534057617
0 0 0 90967.984375 1.0712088346481323 22.690000534057617
0 0 0 90968.1171875 1.0712103843688965 22.690000534057617
0 0 0 90964.890625 1.0711723566055298 22.690000534057617
0 0 0 90968.5 1.0712149143218994 22.690000534057617
0 0 0 90968.65625 1.0712167024612427 22.690000534057617
0 0 0 90967.890625 1.071171522140503 22.700000762939453
0 0 0 90967.015625 1.0711973905563354 22.690000534057617
0 0 0 90966.71875 1.071157693862915 22.700000762939453
0 0 0 90968.328125 1.071212887763977 22.690000534057617
0 0 0 90967.1875 1.0711994171142578 22.690000534057617
0 0 0 90971 1.071208119392395 22.700000762939453
0 0 0 90970.015625 1.0711965560913086 22.700000762939453
0 0 0 90966.0859375 1.071150302886963 22.700000762939453
0 0 0 90966.0625 1.0711499452590942 22.700000762939453
0 0 0 90964.25 1.0711286067962646 22.700000762939453
0 0 0 90965.546875 1.0711801052093506 22.690000534057617
0 0 0 90966.578125 1.0711560249328613 22.700000762939453
0 0 0 90966.4375 1.0711543560028076 22.700000762939453
0 0 0 90962.828125 1.0711119174957275 22.700000762939453
0 0 0 90965.78125 1.0711467266082764 22.700000762939453
0 0 0 90966.90625 1.0711599588394165 22.700000762939453
0 0 0 90963.625 1.071121335029602 22.700000762939453
0 0 0 90966.390625 1.0711538791656494 22.700000762939453
0 0 0 90966.796875 1.0711586475372314 22.700000762939453
0 0 0 90967.609375 1.0711681842803955 22.700000762939453
0 0 0 90964.9609375 1.0711370706558228 22.700000762939453
0 0 0 90965.125 1.0711389780044556 22.700000762939453
0 0 0 90965.1015625 1.071138620376587 22.700000762939453
0 0 0 90967.75 1.0711698532104492 22.700000762939453
0 0 0 90969.4140625 1.0711894035339355 22.700000762939453
0 0 0 90968.1015625 1.0711740255355835 22.700000762939453
0 0 0 90969.4375 1.0711535215377808 22.709999084472656
0 0 0 90965.9921875 1.0711129903793335 22.709999084472656
0 0 0 90969.4375 1.0711535215377808 22.709999084472656
0 0 0 90967.9375 1.0711721181869507 22.700000762939453
0 0 0 90967.7734375 1.0711700916290283 22.700000762939453
0 0 0 90965.4765625 1.0711431503295898 22.700000762939453
0 0 0 90969.484375 1.0711541175842285 22.709999084472656
0 0 0 90967.4453125 1.0711662769317627 22.700000762939453
0 0 0 90968.6171875 1.0711438655853271 22.709999084472656
0 0 0 90968.453125 1.0711419582366943 22.709999084472656
0 0 0 90967.3125 1.071128487586975 22.709999084472656
0 0 0 90967.140625 1.0711264610290527 22.709999084472656
0 0 0 90966.328125 1.0711169242858887 22.709999084472656
0 0 0 90967.171875 1.0711268186569214 22.709999084472656
0 0 0 90965.21875 1.071103811264038 22.709999084472656
0 0 0 90964.5625 1.0710961818695068 22.709999084472656
0 0 0 90967.1875 1.0711270570755005 22.709999084472656
0 0 0 90968.171875 1.071138620376587 22.709999084472656
0 0 0 90970.828125 1.0711337327957153 22.719999313354492
0 0 0 90968.5 1.071142554283142 22.709999084472656
0 0 0 90968.359375 1.071104645729065 22.719999313354492
0 0 0 90968.0078125 1.071136713027954 22.709999084472656
0 0 0 90967.6875 1.0711328983306885 22.709999084472656
0 0 0 90969.015625 1.0711123943328857 22.719999313354492
0 0 0 90970.796875 1.0711694955825806 22.709999084472656
0 0 0 90971.96875 1.071147084236145 22.719999313354492
0 0 0 90971.1484375 1.0711374282836914 22.719999313354492
0 0 0 90968.0078125 1.071136713027954 22.709999084472656
0 0 0 90969.34375 1.0711162090301514 22.719999313354492
0 0 0 90969.234375 1.0711148977279663 22.719999313354492
0 0 0 90967.890625 1.0710991621017456 22.719999313354492
0 0 0 90967.890625 1.0710991621017456 22.719999313354492
0 0 0 90966.578125 1.071083664894104 22.719999313354492
0 0 0 90967.890625 1.0710991621017456 22.719999313354492
0 0 0 90969.390625 1.0711168050765991 22.719999313354492
0 0 0 90968.40625 1.0711052417755127 22.719999313354492
0 0 0 90967.75 1.071097493171692 22.719999313354492
0 0 0 90964.3125 1.0710569620132446 22.719999313354492
0 0 0 90968.578125 1.071107268333435 22.719999313354492
0 0 0 90964.96875 1.0710647106170654 22.719999313354492
0 0 0 90965.78125 1.0710742473602295 22.719999313354492
0 0 0 90967.265625 1.0710917711257935 22.719999313354492
0 0 0 90965.59375 1.0710721015930176 22.719999313354492
0 0 0 90965.453125 1.0710704326629639 22.719999313354492
0 0 0 90965.296875 1.071068525314331 22.719999313354492
0 0 0 90966.4375 1.0710819959640503 22.719999313354492
0 0 0 90966.9375 1.0710878372192383 22.719999313354492
0 0 0 90965.453125 1.0710704326629639 22.719999313354492
0 0 0 90964.46875 1.0710588693618774 22.719999313354492
0 0 0 90966.46875 1.0710461139678955 22.729999542236328
0 0 0 90967.8046875 1.0710618495941162 22.729999542236328
0 0 0 90966.484375 1.0710463523864746 22.729999542236328
0 0 0 90967 1.0710524320602417 22.729999542236328
0 0 0 90965.859375 1.0710389614105225 22.729999542236328
0 0 0 90966.8125 1.0710501670837402 22.729999542236328
0 0 0 90966.015625 1.0710408687591553 22.729999542236328
0 0 0 90964.1875 1.0710192918777466 22.729999542236328
0 0 0 90965.0625 1.0710296630859375 22.729999542236328
0 0 0 90965.96875 1.0710402727127075 22.729999542236328
0 0 0 90962.765625 1.0710026025772095 22.729999542236328
0 0 0 90963.3984375 1.0710099935531616 22.729999542236328
0 0 0 90962.734375 1.0710022449493408 22.729999542236328
0 0 0 90964.890625 1.0710276365280151 22.729999542236328
0 0 0 90964.4296875 1.0709859132766724 22.739999771118164
0 0 0 90964.1015625 1.0709820985794067 22.739999771118164
0 0 0 90961.125 1.0709832906723022 22.729999542236328
0 0 0 90963.9375 1.070980191230774 22.739999771118164
0 0 0 90959.4375 1.0709633827209473 22.729999542236328
0 0 0 90963.3125 1.0709728002548218 22.739999771118164
0 0 0 90966.28125 1.0710077285766602 22.739999771118164
0 0 0 90964.921875 1.0709917545318604 22.739999771118164
0 0 0 90965.7421875 1.071001410484314 22.739999771118164
0 0 0 90963.78125 1.0709782838821411 22.739999771118164
0 0 0 90962.4609375 1.0709627866744995 22.739999771118164
0 0 0 90963.09375 1.071006417274475 22.729999542236328
0 0 0 90962.15625 1.070959210395813 22.739999771118164
0 0 0 90965.46875 1.070998191833496 22.739999771118164
0 0 0 90962.296875 1.0709608793258667 22.739999771118164
0 0 0 90961.640625 1.070953130722046 22.739999771118164
0 0 0 90962.484375 1.0709630250930786 22.739999771118164
0 0 0 90962.84375 1.0709673166275024 22.739999771118164
0 0 0 90964.859375 1.0709547996520996 22.75
0 0 0 90965.15625 1.07099449634552 22.739999771118164
0 0 0 90961.359375 1.0709497928619385 22.739999771118164
0 0 0 90963.6875 1.0709772109985352 22.739999771118164
0 0 0 90964.0078125 1.0709810256958008 22.739999771118164
0 0 0 90963.546875 1.0709394216537476 22.75
0 0 0 90961.734375 1.070918083190918 22.75
0 0 0 90965.84375 1.070966362953186 22.75
0 0 0 90964.53125 1.070950984954834 22.75
0 0 0 90963.375 1.0709373950958252 22.75
0 0 0 90964.859375 1.0709547996520996 22.75
0 0 0 90965.0703125 1.0709573030471802 22.75
0 0 0 90962.9375 1.070932149887085 22.75
0 0 0 90962.234375 1.070923924446106 22.75
0 0 0 90963.078125 1.0709338188171387 22.75
0 0 0 90963.59375 1.0709398984909058 22.75
0 0 0 90964.25 1.0709476470947266 22.75
0 0 0 90966 1.0709682703018188 22.75
0 0 0 90966.6875 1.0709763765335083 22.75
0 0 0 90966.375 1.0709726810455322 22.75
0 0 0 90964.6875 1.0709527730941772 22.75
0 0 0 90963.890625 1.0709434747695923 22.75
0 0 0 90966.828125 1.070978045463562 22.75
0 0 0 90965.234375 1.070959210395813 22.75
0 0 0 90965.703125 1.0709648132324219 22.75
0 0 0 90967.859375 1.0709902048110962 22.75
0 0 0 90968.140625 1.0709210634231567 22.770000457763672
0 0 0 90964.671875 1.0709887742996216 22.739999771118164
0 0 0 90967.34375 1.070984125137329 22.75
0 0 0 90966.21875 1.070970892906189 22.75
0 0 0 90966.21875 1.070970892906189 22.75
0 0 0 90967.53125 1.070986270904541 22.75
0 0 0 90968.015625 1.0709919929504395 22.75
0 0 0 90967.875 1.0709540843963623 22.760000228881836
0 0 0 90966.453125 1.0709373950958252 22.760000228881836
0 0 0 90964.296875 1.0709120035171509 22.760000228881836
0 0 0 90963.828125 1.0709065198898315 22.760000228881836
0 0 0 90966.453125 1.0709373950958252 22.760000228881836
0 0 0 90966.6171875 1.070939302444458 22.760000228881836
0 0 0 90966.125 1.0709335803985596 22.760000228881836
0 0 0 90968.90625 1.0709662437438965 22.760000228881836
0 0 0 90967.9296875 1.0709547996520996 22.760000228881836
0 0 0 90966.6171875 1.070939302444458 22.760000228881836
0 0 0 90963.6875 1.0709048509597778 22.760000228881836
0 0 0 90964.640625 1.0709160566329956 22.760000228881836
0 0 0 90965.65625 1.0709279775619507 22.760000228881836
0 0 0 90967.1328125 1.070945382118225 22.760000228881836
0 0 0 90964.53125 1.0708786249160767 22.770000457763672
0 0 0 90963.7109375 1.070868968963623 22.770000457763672
0 0 0 90964.203125 1.0708746910095215 22.770000457763672
0 0 0 90966.171875 1.0708979368209839 22.770000457763672
0 0 0 90967.328125 1.0709115266799927 22.770000457763672
0 0 0 90966.671875 1.0709037780761719 22.770000457763672
0 0 0 90964.671875 1.0709164142608643 22.760000228881836
0 0 0 90965.6875 1.0708922147750854 22.770000457763672
0 0 0 90967.015625 1.0709078311920166 22.770000457763672
0 0 0 90965.0234375 1.070884346961975 22.770000457763672
0 0 0 90965.234375 1.0708868503570557 22.770000457763672
0 0 0 90965.375 1.0708885192871094 22.770000457763672
0 0 0 90964.046875 1.0708729028701782 22.770000457763672
0 0 0 90964.0859375 1.0708733797073364 22.770000457763672
0 0 0 90962.609375 1.070855975151062 22.770000457763672
0 0 0 90964.109375 1.070837378501892 22.780000686645508
0 0 0 90962.9375 1.0708597898483276 22.770000457763672
0 0 0 90962.796875 1.07082200050354 22.780000686645508
0 0 0 90961.625 1.0708444118499756 22.770000457763672
0 0 0 90962.125 1.0708502531051636 22.770000457763672
0 0 0 90966.7109375 1.07090425491333 22.770000457763672
0 0 0 90964.09375 1.0708733797073364 22.770000457763672
0 0 0 90964.7421875 1.0708811283111572 22.770000457763672
0 0 0 90963.4375 1.0708657503128052 22.770000457763672
0 0 0 90962.609375 1.070855975151062 22.770000457763672
0 0 0 90962.359375 1.0708168745040894 22.780000686645508
0 0 0 90963.8125 1.0708339214324951 22.780000686645508
0 0 0 90963.671875 1.0708322525024414 22.780000686645508
0 0 0 90965.234375 1.0708868503570557 22.770000457763672
0 0 0 90965.828125 1.0708576440811157 22.780000686645508
0 0 0 90965.6640625 1.070855736732483 22.780000686645508
0 0 0 90964.6796875 1.0708441734313965 22.780000686645508
0 0 0 90965.359375 1.070815920829773 22.790000915527344
0 0 0 90963.859375 1.0708345174789429 22.780000686645508
0 0 0 90963.875 1.0707985162734985 22.790000915527344
0 0 0 90962.5703125 1.0707831382751465 22.790000915527344
0 0 0 90961.421875 1.0707696676254272 22.790000915527344
0 0 0 90960.4375 1.0707579851150513 22.790000915527344
0 0 0 90964.046875 1.070800542831421 22.790000915527344
0 0 0 90963.71875 1.0707966089248657 22.790000915527344
0 0 0 90962.8984375 1.070786952972412 22.790000915527344
0 0 0 90964.0625 1.0708006620407104 22.790000915527344
0 0 0 90965.1953125 1.0708140134811401 22.790000915527344
0 0 0 90962.078125 1.0707772970199585 22.790000915527344
0 0 0 90960.2734375 1.0707560777664185 22.790000915527344
0 0 0 90963.875 1.0707985162734985 22.790000915527344
0 0 0 90962.09375 1.0707775354385376 22.790000915527344
0 0 0 90966.171875 1.0708255767822266 22.790000915527344
0 0 0 90965.375 1.070816159248352 22.790000915527344
0 0 0 90966.90625 1.0707980394363403 22.799999237060547
0 0 0 90966.859375 1.0708335638046265 22.790000915527344
0 0 0 90964.5390625 1.0708062648773193 22.790000915527344
0 0 0 90964.5625 1.070806622505188 22.790000915527344
0 0 0 90968.3828125 1.0708153247833252 22.799999237060547
0 0 0 90963.90625 1.0707988739013672 22.790000915527344
0 0 0 90968.2421875 1.070813775062561 22.799999237060547
0 0 0 90965.890625 1.0708222389221191 22.790000915527344
0 0 0 90964.609375 1.0707709789276123 22.799999237060547
0 0 0 90966.4140625 1.0707921981811523 22.799999237060547
0 0 0 90966.953125 1.0707985162734985 22.799999237060547
0 0 0 90967.2578125 1.070802092552185 22.799999237060547
0 0 0 90964.234375 1.0708026885986328 22.790000915527344
0 0 0 90967.09375 1.0708001852035522 22.799999237060547
0 0 0 90965.78125 1.0707848072052002 22.799999237060547
0 0 0 90965.96875 1.070786952972412 22.799999237060547
0 0 0 90967.28125 1.0708024501800537 22.799999237060547
0 0 0 90965.8125 1.0707851648330688 22.799999237060547
0 0 0 90965.9921875 1.0707871913909912 22.799999237060547
0 0 0 90965.59375 1.0707825422286987 22.799999237060547
0 0 0 90966.796875 1.0707967281341553 22.799999237060547
0 0 0 90966.625 1.070794701576233 22.799999237060547
0 0 0 90966.8125 1.0707968473434448 22.799999237060547
0 0 0 90969.140625 1.0707881450653076 22.809999465942383
0 0 0 90968.953125 1.0708221197128296 22.799999237060547
0 0 0 90966.6484375 1.070794939994812 22.799999237060547
0 0 0 90962.71875 1.0707486867904663 22.799999237060547
0 0 0 90968.296875 1.0708143711090088 22.799999237060547
0 0 0 90965.5 1.0707814693450928 22.799999237060547
0 0 0 90965.859375 1.0707495212554932 22.809999465942383
0 0 0 90968.6953125 1.0707828998565674 22.809999465942383
0 0 0 90966.71875 1.070759654045105 22.809999465942383
0 0 0 90966.0703125 1.0707520246505737 22.809999465942383
0 0 0 90966.015625 1.0707513093948364 22.809999465942383
0 0 0 90965.71875 1.0707478523254395 22.809999465942383
0 0 0 90965.390625 1.0707439184188843 22.809999465942383
0 0 0 90967.078125 1.0707638263702393 22.809999465942383
0 0 0 90967.921875 1.070737600326538 22.81999969482422
0 0 0 90967.734375 1.07077157497406 22.809999465942383
0 0 0 90965.578125 1.0707461833953857 22.809999465942383
0 0 0 90965.25 1.0707423686981201 22.809999465942383
0 0 0 90965.90625 1.0707499980926514 22.809999465942383
0 0 0 90966.09375 1.0707522630691528 22.809999465942383
0 0 0 90967.1875 1.0707651376724243 22.809999465942383
0 0 0 90967.265625 1.0707298517227173 22.81999969482422
0 0 0 90965.625 1.07071053981781 22.81999969482422
0 0 0 90968.4140625 1.0707433223724365 22.81999969482422
0 0 0 90967.5703125 1.0707696676254272 22.809999465942383
0 0 0 90967.40625 1.0707676410675049 22.809999465942383
0 0 0 90962.671875 1.0706758499145508 22.81999969482422
0 0 0 90964.3359375 1.070695400238037 22.81999969482422
0 0 0 90963.8203125 1.07068932056427 22.81999969482422
0 0 0 90966.609375 1.0707221031188965 22.81999969482422
0 0 0 90965.9765625 1.0707147121429443 22.81999969482422
0 0 0 90966.625 1.0707223415374756 22.81999969482422
0 0 0 90966.3046875 1.07071852684021 22.81999969482422
0 0 0 90966.625 1.0707223415374756 22.81999969482422
0 0 0 90965.9765625 1.0707147121429443 22.81999969482422
0 0 0 90965.15625 1.0707050561904907 22.81999969482422
0 0 0 90968.1328125 1.0707401037216187 22.81999969482422
0 0 0 90967.8046875 1.0707361698150635 22.81999969482422
0 0 0 90964.171875 1.0706934928894043 22.81999969482422
0 0 0 90966.625 1.0707223415374756 22.81999969482422
0 0 0 90967.3359375 1.0706945657730103 22.829999923706055
0 0 0 90968.4609375 1.0707439184188843 22.81999969482422
0 0 0 90965.3203125 1.0707069635391235 22.81999969482422
0 0 0 90965.8125 1.0707128047943115 22.81999969482422
0 0 0 90966.9609375 1.0707262754440308 22.81999969482422
0 0 0 90964.3359375 1.070695400238037 22.81999969482422
0 0 0 90965.5 1.0707091093063354 22.81999969482422
0 0 0 90966.4921875 1.0707207918167114 22.81999969482422
0 0 0 90969.796875 1.070723533630371 22.829999923706055
0 0 0 90970.6171875 1.0707331895828247 22.829999923706055
0 0 0 90969.140625 1.0707157850265503 22.829999923706055
0 0 0 90970.609375 1.0707330703735352 22.829999923706055
0 0 0 90969.796875 1.070723533630371 22.829999923706055
0 0 0 90968.15625 1.0707042217254639 22.829999923706055
0 0 0 90967.5 1.070696473121643 22.829999923706055
0 0 0 90966.6796875 1.0706868171691895 22.829999923706055
0 0 0 90966.703125 1.0706870555877686 22.829999923706055
0 0 0 90967.1953125 1.0706928968429565 22.829999923706055
0 0 0 90967.515625 1.0706965923309326 22.829999923706055
0 0 0 90966.84375 1.0706887245178223 22.829999923706055
0 0 0 90967.6875 1.070698618888855 22.829999923706055
0 0 0 90968.34375 1.0707063674926758 22.829999923706055
0 0 0 90967.359375 1.0706948041915894 22.829999923706055
0 0 0 90969.375 1.0706822872161865 22.84000015258789
0 0 0 90969.65625 1.0707218647003174 22.829999923706055
0 0 0 90967.0546875 1.0706912279129028 22.829999923706055
0 0 0 90967.1015625 1.0706555843353271 22.84000015258789
0 0 0 90966.453125 1.070647954940796 22.84000015258789
0 0 0 90970.6875 1.0706977844238281 22.84000015258789
0 0 0 90966.2578125 1.0706456899642944 22.84000015258789
0 0 0 90969.2109375 1.0706803798675537 22.84000015258789
0 0 0 90966.7265625 1.0706872940063477 22.829999923706055
0 0 0 90967.125 1.0706558227539062 22.84000015258789
0 0 0 90967.875 1.0707008838653564 22.829999923706055
0 0 0 90967.59375 1.0706614255905151 22.84000015258789
0 0 0 90969.5625 1.070684552192688 22.84000015258789
0 0 0 90967.8984375 1.0706650018692017 22.84000015258789
0 0 0 90965.8125 1.0706404447555542 22.84000015258789
0 0 0 90968.765625 1.0706751346588135 22.84000015258789
0 0 0 90970.0625 1.070690393447876 22.84000015258789
0 0 0 90967.625 1.0706617832183838 22.84000015258789
0 0 0 90968.625 1.0706734657287598 22.84000015258789
0 0 0 90968.625 1.0706734657287598 22.84000015258789
0 0 0 90968.8203125 1.0706396102905273 22.850000381469727
0 0 0 90966.65625 1.070650339126587 22.84000015258789
0 0 0 90971.609375 1.0706725120544434 22.850000381469727
0 0 0 90970.78125 1.0706627368927002 22.850000381469727
0 0 0 90971.109375 1.0706665515899658 22.850000381469727
0 0 0 90968.15625 1.0706318616867065 22.850000381469727
0 0 0 90970.296875 1.0706570148468018 22.850000381469727
0 0 0 90969.828125 1.0706515312194824 22.850000381469727
0 0 0 90968.65625 1.0706377029418945 22.850000381469727
0 0 0 90966.546875 1.070612907409668 22.850000381469727
0 0 0 90966.375 1.0706108808517456 22.850000381469727
0 0 0 90965.5390625 1.070600986480713 22.850000381469727
0 0 0 90967.828125 1.0706279277801514 22.850000381469727
0 0 0 90969.1953125 1.0706440210342407 22.850000381469727
0 0 0 90967.5546875 1.0706247091293335 22.850000381469727
0 0 0 90969.03125 1.070642113685608 22.850000381469727
0 0 0 90965.71875 1.0706031322479248 22.850000381469727
0 0 0 90967.859375 1.07062828540802 22.850000381469727
0 0 0 90967.8828125 1.0706286430358887 22.850000381469727
0 0 0 90965.859375 1.0706048011779785 22.850000381469727
0 0 0 90966.7578125 1.070579171180725 22.860000610351562
0 0 0 90970.15625 1.070655345916748 22.850000381469727
0 0 0 90965.71875 1.0706031322479248 22.850000381469727
0 0 0 90966.9453125 1.0705814361572266 22.860000610351562
0 0 0 90966.59375 1.0705772638320923 22.860000610351562
0 0 0 90967.765625 1.0705910921096802 22.860000610351562
0 0 0 90964.953125 1.070557951927185 22.860000610351562
0 0 0 90966.2421875 1.0706093311309814 22.850000381469727
0 0 0 90963.5 1.0705409049987793 22.860000610351562
0 0 0 90966.125 1.070571780204773 22.860000610351562
0 0 0 90964.53125 1.07051682472229 22.8700008392334
0 0 0 90969.453125 1.0706108808517456 22.860000610351562
0 0 0 90967.625 1.0705894231796265 22.860000610351562
0 0 0 90966.8125 1.0705798864364624 22.860000610351562
0 0 0 90966.3125 1.0705739259719849 22.860000610351562
0 0 0 90965.6875 1.0705666542053223 22.860000610351562
0 0 0 90966.0078125 1.0705703496932983 22.860000610351562
0 0 0 90963.6875 1.0705430507659912 22.860000610351562
0 0 0 90966.828125 1.070580005645752 22.860000610351562
0 0 0 90964.53125 1.070552945137024 22.860000610351562
0 0 0 90967.6484375 1.0705896615982056 22.860000610351562
0 0 0 90962.2109375 1.0705256462097168 22.860000610351562
0 0 0 90964.046875 1.070547342300415 22.860000610351562
0 0 0 90965.0234375 1.070522665977478 22.8700008392334
0 0 0 90966.1953125 1.0705363750457764 22.8700008392334
0 0 0 90966.5234375 1.0705403089523315 22.8700008392334
0 0 0 90962.078125 1.0705240964889526 22.860000610351562
0 0 0 90962.7265625 1.07049560546875 22.8700008392334
0 0 0 90964.203125 1.0705130100250244 22.8700008392334
0 0 0 90966.0625 1.0705348253250122 22.8700008392334
0 0 0 90965.375 1.0705267190933228 22.8700008392334
0 0 0 90967.34375 1.0705499649047852 22.8700008392334
0 0 0 90967.1875 1.0705480575561523 22.8700008392334
0 0 0 90967.203125 1.0705482959747314 22.8700008392334
0 0 0 90969.171875 1.0705714225769043 22.8700008392334
0 0 0 90965.078125 1.0705232620239258 22.8700008392334
0 0 0 90964.90625 1.0705212354660034 22.8700008392334
0 0 0 90963.7578125 1.0705077648162842 22.8700008392334
0 0 0 90965.234375 1.070525050163269 22.8700008392334
0 0 0 90965.921875 1.0704970359802246 22.8799991607666
0 0 0 90964.90625 1.0705212354660034 22.8700008392334
0 0 0 90965.5625 1.0705289840698242 22.8700008392334
0 0 0 90965.7265625 1.070530891418457 22.8700008392334
0 0 0 90965.921875 1.0704970359802246 22.8799991607666
0 0 0 90963.453125 1.0704679489135742 22.8799991607666
0 0 0 90963.8046875 1.0704721212387085 22.8799991607666
0 0 0 90965.96875 1.0704976320266724 22.8799991607666
0 0 0 90963.8046875 1.0704721212387085 22.8799991607666
0 0 0 90964.15625 1.0704762935638428 22.8799991607666
0 0 0 90965.3125 1.0704898834228516 22.8799991607666
0 0 0 90965.171875 1.0704882144927979 22.8799991607666
0 0 0 90967.625 1.0705170631408691 22.8799991607666
0 0 0 90964.671875 1.0704823732376099 22.8799991607666
0 0 0 90964.1328125 1.0704759359359741 22.8799991607666
0 0 0 90963.4765625 1.0704683065414429 22.8799991607666
0 0 0 90962.6875 1.070459008216858 22.8799991607666
0 0 0 90963.9921875 1.0704742670059204 22.8799991607666
0 0 0 90964.328125 1.0704783201217651 22.8799991607666
0 0 0 90966.78125 1.0705071687698364 22.8799991607666
0 0 0 90966.8125 1.070507526397705 22.8799991607666
0 0 0 90968.9140625 1.070532202720642 22.8799991607666
0 0 0 90968.9375 1.0705325603485107 22.8799991607666
0 0 0 90967.953125 1.0705209970474243 22.8799991607666
0 0 0 90970.25 1.0705479383468628 22.8799991607666
0 0 0 90968.28125 1.07052481174469 22.8799991607666
0 0 0 90967.484375 1.0704792737960815 22.889999389648438
0 0 0 90968.8046875 1.0704947710037231 22.889999389648438
0 0 0 90965.6328125 1.0704935789108276 22.8799991607666
0 0 0 90967.515625 1.0704796314239502 22.889999389648438
0 0 0 90968.96875 1.070496678352356 22.889999389648438
0 0 0 90968.3359375 1.0704892873764038 22.889999389648438
0 0 0 90969.3203125 1.0705008506774902 22.889999389648438
0 0 0 90969.15625 1.0704989433288574 22.889999389648438
0 0 0 90966.171875 1.07046377658844 22.889999389648438
0 0 0 90967.15625 1.0704753398895264 22.889999389648438
0 0 0 90966.859375 1.0704718828201294 22.889999389648438
0 0 0 90964.09375 1.070439338684082 22.889999389648438
0 0 0 90966.2265625 1.0704644918441772 22.889999389648438
0 0 0 90966.71875 1.0704702138900757 22.889999389648438
0 0 0 90966.578125 1.070468544960022 22.889999389648438
0 0 0 90969.0625 1.070461630821228 22.899999618530273
0 0 0 90966.90625 1.0704724788665771 22.889999389648438
0 0 0 90968.3828125 1.0704898834228516 22.889999389648438
0 0 0 90966.2734375 1.0704288482666016 22.899999618530273
0 0 0 90968.3828125 1.0704898834228516 22.889999389648438
0 0 0 90966.6015625 1.0704326629638672 22.899999618530273
0 0 0 90969.7421875 1.070469617843628 22.899999618530273
0 0 0 90970.375 1.0704771280288696 22.899999618530273
0 0 0 90969.578125 1.0704677104949951 22.899999618530273
0 0 0 90970.5625 1.0704792737960815 22.899999618530273
0 0 0 90968.40625 1.0704540014266968 22.899999618530273
0 0 0 90967.28125 1.0704407691955566 22.899999618530273
0 0 0 90967.796875 1.0704467296600342 22.899999618530273
0 0 0 90965.9453125 1.070425033569336 22.899999618530273
0 0 0 90966.15625 1.070427417755127 22.899999618530273
0 0 0 90966.1328125 1.0704271793365479 22.899999618530273
0 0 0 90967.609375 1.0704445838928223 22.899999618530273
0 0 0 90966.984375 1.0704371929168701 22.899999618530273
0 0 0 90965.34375 1.070417881011963 22.899999618530273
0 0 0 90965.5234375 1.0704200267791748 22.899999618530273
0 0 0 90967.140625 1.070439100265503 22.899999618530273
0 0 0 90969.796875 1.0704703330993652 22.899999618530273
0 0 0 90967.96875 1.0704487562179565 22.899999618530273
0 0 0 90967.984375 1.0704489946365356 22.899999618530273
0 0 0 90968.484375 1.0704548358917236 22.899999618530273
0 0 0 90969.953125 1.0704721212387085 22.899999618530273
0 0 0 90968.640625 1.0704567432403564 22.899999618530273
0 0 0 90967 1.0704011917114258 22.90999984741211
0 0 0 90967.8203125 1.0704108476638794 22.90999984741211
0 0 0 90967.828125 1.0704470872879028 22.899999618530273
0 0 0 90970.28125 1.0704398155212402 22.90999984741211
0 0 0 90968.203125 1.0704153776168823 22.90999984741211
0 0 0 90965.546875 1.07038414478302 22.90999984741211
0 0 0 90968.9921875 1.0704246759414673 22.90999984741211
0 0 0 90966.3671875 1.0703938007354736 22.90999984741211
0 0 0 90966.1796875 1.0703915357589722 22.90999984741211
0 0 0 90965.875 1.0703879594802856 22.90999984741211
0 0 0 90967.5625 1.0704078674316406 22.90999984741211
0 0 0 90968.359375 1.0704172849655151 22.90999984741211
0 0 0 90965.2421875 1.0703805685043335 22.90999984741211
0 0 0 90967.546875 1.0704076290130615 22.90999984741211
0 0 0 90966.90625 1.0704001188278198 22.90999984741211
0 0 0 90969.53125 1.0704309940338135 22.90999984741211
0 0 0 90967.890625 1.0704116821289062 22.90999984741211
0 0 0 90967.703125 1.0704095363616943 22.90999984741211
0 0 0 90971.53125 1.070418357849121 22.920000076293945
0 0 0 90966.90625 1.0704001188278198 22.90999984741211
0 0 0 90965.125 1.070343017578125 22.920000076293945
0 0 0 90968.59375 1.0703837871551514 22.920000076293945
0 0 0 90969.421875 1.0703935623168945 22.920000076293945
0 0 0 90965.625 1.070348858833313 22.920000076293945
0 0 0 90968.25 1.0703798532485962 22.920000076293945
0 0 0 90966.796875 1.0703626871109009 22.920000076293945
0 0 0 90970.078125 1.0704013109207153 22.920000076293945
0 0 0 90967.4296875 1.0703701972961426 22.920000076293945
0 0 0 90968.4375 1.070381999015808 22.920000076293945
0 0 0 90971.359375 1.0704163312911987 22.920000076293945
0 0 0 90970.21875 1.070402979850769 22.920000076293945
0 0 0 90970.7578125 1.0704092979431152 22.920000076293945
0 0 0 90966.8203125 1.07036292552948 22.920000076293945
0 0 0 90964.359375 1.0703340768814087 22.920000076293945
0 0 0 90967.46875 1.0703705549240112 22.920000076293945
0 0 0 90969.109375 1.0703898668289185 22.920000076293945
0 0 0 90968.125 1.070378303527832 22.920000076293945
0 0 0 90967.640625 1.0703725814819336 22.920000076293945
0 0 0 90970.921875 1.070411205291748 22.920000076293945
0 0 0 90967.3125 1.070368766784668 22.920000076293945
0 0 0 90966.65625 1.0703610181808472 22.920000076293945
0 0 0 90968.265625 1.0703799724578857 22.920000076293945
0 0 0 90969.3046875 1.070356011390686 22.93000030517578
0 0 0 90967.796875 1.0703744888305664 22.920000076293945
0 0 0 90969.765625 1.0703976154327393 22.920000076293945
0 0 0 90969.9375 1.0703996419906616 22.920000076293945
0 0 0 90968.296875 1.0703803300857544 22.920000076293945
0 0 0 90968.15625 1.0703425407409668 22.93000030517578
0 0 0 90965.859375 1.0703154802322388 22.93000030517578
0 0 0 90966.6484375 1.0703608989715576 22.920000076293945
0 0 0 90963.3671875 1.0703223943710327 22.920000076293945
0 0 0 90963.890625 1.070292353630066 22.93000030517578
0 0 0 90969.625 1.0703598260879517 22.93000030517578
0 0 0 90968.203125 1.0703431367874146 22.93000030517578
0 0 0 90967.65625 1.0703366994857788 22.93000030517578
0 0 0 90967.796875 1.0703744888305664 22.920000076293945
0 0 0 90967.65625 1.0703366994857788 22.93000030517578
0 0 0 90968.6953125 1.070348858833313 22.93000030517578
0 0 0 90969.15625 1.0703543424606323 22.93000030517578
0 0 0 90967.40625 1.07033371925354 22.93000030517578
0 0 0 90968.71875 1.0703492164611816 22.93000030517578
0 0 0 90967.1015625 1.0702940225601196 22.940000534057617
0 0 0 90964.9921875 1.0702691078186035 22.940000534057617
0 0 0 90965.4140625 1.0703102350234985 22.93000030517578
0 0 0 90966.7734375 1.0702900886535645 22.940000534057617
0 0 0 90968.8828125 1.0703511238098145 22.93000030517578
0 0 0 90966.25 1.0703201293945312 22.93000030517578
0 0 0 90967.7578125 1.0703016519546509 22.940000534057617
0 0 0 90967.1015625 1.0702940225601196 22.940000534057617
0 0 0 90966.5625 1.0703238248825073 22.93000030517578
0 0 0 90965.765625 1.0703144073486328 22.93000030517578
0 0 0 90964.171875 1.0702595710754395 22.940000534057617
0 0 0 90967.953125 1.070304036140442 22.940000534057617
0 0 0 90966.9375 1.0702919960021973 22.940000534057617
0 0 0 90968.109375 1.0703058242797852 22.940000534057617
0 0 0 90969.75 1.0703251361846924 22.940000534057617
0 0 0 90968.109375 1.0703058242797852 22.940000534057617
0 0 0 90966.796875 1.070290446281433 22.940000534057617
0 0 0 90966.6328125 1.0702884197235107 22.940000534057617
0 0 0 90966.46875 1.070286512374878 22.940000534057617
0 0 0 90969.09375 1.0703173875808716 22.940000534057617
0 0 0 90967.96875 1.0703041553497314 22.940000534057617
0 0 0 90969.75 1.0703251361846924 22.940000534057617
0 0 0 90965.640625 1.0702767372131348 22.940000534057617
0 0 0 90968.78125 1.0703136920928955 22.940000534057617
0 0 0 90969.796875 1.0702894926071167 22.950000762939453
0 0 0 90965.203125 1.0702354907989502 22.950000762939453
0 0 0 90962.71875 1.0702424049377441 22.940000534057617
0 0 0 90961.546875 1.0702285766601562 22.940000534057617
0 0 0 90964.4375 1.0702265501022339 22.950000762939453
0 0 0 90963.9140625 1.0702203512191772 22.950000762939453
0 0 0 90963.9140625 1.0702203512191772 22.950000762939453
0 0 0 90965.578125 1.0702399015426636 22.950000762939453
0 0 0 90963.1171875 1.0702109336853027 22.950000762939453
0 0 0 90964.5703125 1.070228099822998 22.950000762939453
0 0 0 90968.203125 1.0702707767486572 22.950000762939453
0 0 0 90969.875 1.070290446281433 22.950000762939453
0 0 0 90966.7265625 1.0702533721923828 22.950000762939453
0 0 0 90965.2734375 1.070236325263977 22.950000762939453
0 0 0 90966.46875 1.0702142715454102 22.959999084472656
0 0 0 90968.890625 1.0702788829803467 22.950000762939453
0 0 0 90964.921875 1.0702321529388428 22.950000762939453
0 0 0 90963.78125 1.070218801498413 22.950000762939453
0 0 0 90962.734375 1.0702064037322998 22.950000762939453
0 0 0 90965.296875 1.0702004432678223 22.959999084472656
0 0 0 90963.65625 1.070181131362915 22.959999084472656
0 0 0 90964.78125 1.070230484008789 22.950000762939453
0 0 0 90964.15625 1.0701870918273926 22.959999084472656
0 0 0 90963.84375 1.0701833963394165 22.959999084472656
0 0 0 90964.15625 1.0701870918273926 22.959999084472656
0 0 0 90963.515625 1.0701794624328613 22.959999084472656
0 0 0 90963 1.0701735019683838 22.959999084472656
0 0 0 90963.328125 1.0701773166656494 22.959999084472656
0 0 0 90965.1640625 1.070198893547058 22.959999084472656
0 0 0 90965.015625 1.0701971054077148 22.959999084472656
0 0 0 90966.78125 1.0702179670333862 22.959999084472656
0 0 0 90968.140625 1.070233941078186 22.959999084472656
0 0 0 90969.8046875 1.0702534914016724 22.959999084472656
0 0 0 90968.65625 1.0702400207519531 22.959999084472656
0 0 0 90967.8359375 1.0702303647994995 22.959999084472656
0 0 0 90967.9765625 1.0702320337295532 22.959999084472656
0 0 0 90965.84375 1.070206880569458 22.959999084472656
0 0 0 90970.4609375 1.0702612400054932 22.959999084472656
0 0 0 90965.7265625 1.0701693296432495 22.969999313354492
0 0 0 90967.859375 1.0701944828033447 22.969999313354492
0 0 0 90970.015625 1.070219874382019 22.969999313354492
0 0 0 90967.640625 1.0702279806137085 22.959999084472656
0 0 0 90966.8984375 1.0701831579208374 22.969999313354492
0 0 0 90967.203125 1.070186734199524 22.969999313354492
0 0 0 90964.765625 1.0701581239700317 22.969999313354492
0 0 0 90966.59375 1.0701795816421509 22.969999313354492
0 0 0 90966.59375 1.0701795816421509 22.969999313354492
0 0 0 90969.875 1.0702182054519653 22.969999313354492
0 0 0 90970.703125 1.0702279806137085 22.969999313354492
0 0 0 90968.515625 1.0702022314071655 22.969999313354492
0 0 0 90968.5625 1.0702027082443237 22.969999313354492
0 0 0 90967.8828125 1.0701947212219238 22.969999313354492
0 0 0 90966.59375 1.0701795816421509 22.969999313354492
0 0 0 90964.953125 1.0701602697372437 22.969999313354492
0 0 0 90963.640625 1.0701448917388916 22.969999313354492
0 0 0 90962.984375 1.0701371431350708 22.969999313354492
0 0 0 90963.15625 1.0701391696929932 22.969999313354492
0 0 0 90969.0546875 1.0701724290847778 22.979999542236328
0 0 0 90967.90625 1.0701950788497925 22.969999313354492
0 0 0 90965.609375 1.0701318979263306 22.979999542236328
0 0 0 90964.953125 1.0701241493225098 22.979999542236328
0 0 0 90962.328125 1.07012939453125 22.969999313354492
0 0 0 90962.34375 1.0700933933258057 22.979999542236328
0 0 0 90964.671875 1.0701208114624023 22.979999542236328
0 0 0 90964.640625 1.0701204538345337 22.979999542236328
0 0 0 90968.75 1.0701688528060913 22.979999542236328
0 0 0 90966.7109375 1.0701086521148682 22.989999771118164
0 0 0 90965.609375 1.0701318979263306 22.979999542236328
0 0 0 90964.484375 1.0701186656951904 22.979999542236328
0 0 0 90962.34375 1.0700933933258057 22.979999542236328
0 0 0 90965.65625 1.0701323747634888 22.979999542236328
0 0 0 90963.65625 1.0701088905334473 22.979999542236328
0 0 0 90966.984375 1.07014799118042 22.979999542236328
0 0 0 90966.125 1.0701379776000977 22.979999542236328
0 0 0 90967.34375 1.0701161623001099 22.989999771118164
0 0 0 90964.21875 1.0700793266296387 22.989999771118164
0 0 0 90964.0859375 1.0700777769088745 22.989999771118164
0 0 0 90965.34375 1.0701286792755127 22.979999542236328
0 0 0 90965.515625 1.070130705833435 22.979999542236328
0 0 0 90965.015625 1.070124864578247 22.979999542236328
0 0 0 90965.34375 1.0701286792755127 22.979999542236328
0 0 0 90964.828125 1.0701227188110352 22.979999542236328
0 0 0 90969.828125 1.0701453685760498 22.989999771118164
0 0 0 90965.046875 1.0700891017913818 22.989999771118164
0 0 0 90967.046875 1.0701125860214233 22.989999771118164
0 0 0 90969.875 1.070145845413208 22.989999771118164
0 0 0 90968.046875 1.0701243877410889 22.989999771118164
0 0 0 90965.8671875 1.0700987577438354 22.989999771118164
0 0 0 90965.046875 1.0700891017913818 22.989999771118164
0 0 0 90966.2421875 1.0701031684875488 22.989999771118164
0 0 0 90966.21875 1.0701029300689697 22.989999771118164
0 0 0 90967.09375 1.070113182067871 22.989999771118164
0 0 0 90967.140625 1.070077657699585 23
0 0 0 90963.2890625 1.0700684785842896 22.989999771118164
0 0 0 90965.3125 1.0700560808181763 23
0 0 0 90967.25 1.0701149702072144 22.989999771118164
0 0 0 90965.46875 1.070057988166809 23
0 0 0 90964.625 1.0700840950012207 22.989999771118164
0 0 0 90963.3125 1.0700687170028687 22.989999771118164
0 0 0 90965.1171875 1.0700899362564087 22.989999771118164
0 0 0 90967.609375 1.0700831413269043 23
0 0 0 90964.15625 1.0700424909591675 23
0 0 0 90965.84375 1.0700623989105225 23
0 0 0 90965.03125 1.0700527429580688 23
0 0 0 90965.1171875 1.0700899362564087 22.989999771118164
0 0 0 90961.6953125 1.0700135231018066 23
0 0 0 90960.875 1.070003867149353 23
0 0 0 90961.53125 1.0700116157531738 23
0 0 0 90960.90625 1.0700042247772217 23
0 0 0 90964.25 1.0700074434280396 23.010000228881836
0 0 0 90962.421875 1.0700221061706543 23
0 0 0 90962.234375 1.0700198411941528 23
0 0 0 90962.09375 1.0700182914733887 23
0 0 0 90962.75 1.07002592086792 23
0 0 0 90964.4453125 1.070009708404541 23.010000228881836
0 0 0 90961.765625 1.0700143575668335 23
0 0 0 90964.109375 1.0700057744979858 23.010000228881836
0 0 0 90961.984375 1.0699808597564697 23.010000228881836
0 0 0 90962.2578125 1.0700201988220215 23
0 0 0 90964.9375 1.070015549659729 23.010000228881836
0 0 0 90965.2890625 1.0700197219848633 23.010000228881836
0 0 0 90964.796875 1.0700138807296753 23.010000228881836
0 0 0 90962.3359375 1.0699849128723145 23.010000228881836
0 0 0 90962.6640625 1.0699888467788696 23.010000228881836
0 0 0 90965.125 1.0700178146362305 23.010000228881836
0 0 0 90965.96875 1.0700277090072632 23.010000228881836
0 0 0 90969.4140625 1.0700682401657104 23.010000228881836
0 0 0 90969.2734375 1.0700304508209229 23.020000457763672
0 0 0 90965.140625 1.0699818134307861 23.020000457763672
0 0 0 90964.8203125 1.0700141191482544 23.010000228881836
0 0 0 90964.65625 1.0700122117996216 23.010000228881836
0 0 0 90964.984375 1.0700161457061768 23.010000228881836
0 0 0 90965.640625 1.0699876546859741 23.020000457763672
0 0 0 90967.609375 1.0700109004974365 23.020000457763672
0 0 0 90968.9453125 1.0700265169143677 23.020000457763672
0 0 0 90968.265625 1.0700185298919678 23.020000457763672
0 0 0 90970.75 1.0700477361679077 23.020000457763672
0 0 0 90968.921875 1.0700262784957886 23.020000457763672
0 0 0 90966.296875 1.0700315237045288 23.010000228881836
0 0 0 90968.6171875 1.070022702217102 23.020000457763672
0 0 0 90967.984375 1.07001531124115 23.020000457763672
0 0 0 90964.703125 1.0699766874313354 23.020000457763672
0 0 0 90965.6875 1.0699882507324219 23.020000457763672
0 0 0 90967 1.070003628730774 23.020000457763672
0 0 0 90965.6640625 1.0699880123138428 23.020000457763672
0 0 0 90968.125 1.070016860961914 23.020000457763672
0 0 0 90968.96875 1.0700268745422363 23.020000457763672
0 0 0 90970.453125 1.0700442790985107 23.020000457763672
0 0 0 90968.8125 1.0700249671936035 23.020000457763672
0 0 0 90969.2734375 1.0700304508209229 23.020000457763672
0 0 0 90966.5 1.069997787475586 23.020000457763672
0 0 0 90968.4765625 1.0700210332870483 23.020000457763672
0 0 0 90968.828125 1.0699890851974487 23.030000686645508
0 0 0 90966.71875 1.0699642896652222 23.030000686645508
0 0 0 90963.3828125 1.0699611902236938 23.020000457763672
0 0 0 90968.3359375 1.0699832439422607 23.030000686645508
0 0 0 90968.3359375 1.0699832439422607 23.030000686645508
0 0 0 90965.703125 1.0699522495269775 23.030000686645508
0 0 0 90965.875 1.0699542760849 23.030000686645508
0 0 0 90966.0625 1.0699565410614014 23.030000686645508
0 0 0 90965.03125 1.069980502128601 23.020000457763672
0 0 0 90967.515625 1.0699735879898071 23.030000686645508
0 0 0 90967.375 1.0699719190597534 23.030000686645508
0 0 0 90964.578125 1.0699390172958374 23.030000686645508
0 0 0 90967.75 1.0699763298034668 23.030000686645508
0 0 0 90969.1796875 1.0699931383132935 23.030000686645508
0 0 0 90969.859375 1.070001244544983 23.030000686645508
0 0 0 90965.59375 1.069951057434082 23.030000686645508
0 0 0 90971.359375 1.0700188875198364 23.030000686645508
0 0 0 90967.5859375 1.069974422454834 23.030000686645508
0 0 0 90967.421875 1.0699725151062012 23.030000686645508
0 0 0 90966.4375 1.0699609518051147 23.030000686645508
0 0 0 90970.21875 1.0700054168701172 23.030000686645508
0 0 0 90969.609375 1.0699621438980103 23.040000915527344
0 0 0 90967.609375 1.0699386596679688 23.040000915527344
0 0 0 90967.75 1.0699763298034668 23.030000686645508
0 0 0 90967.7734375 1.0699405670166016 23.040000915527344
0 0 0 90967.1171875 1.0699328184127808 23.040000915527344
0 0 0 90964.4921875 1.069901943206787 23.040000915527344
0 0 0 90962 1.0699087381362915 23.030000686645508
0 0 0 90963.53125 1.0698906183242798 23.040000915527344
0 0 0 90966.84375 1.069929599761963 23.040000915527344
0 0 0 90966.9765625 1.069931149482727 23.040000915527344
0 0 0 90965.2890625 1.0699474811553955 23.030000686645508
0 0 0 90970.125 1.0699682235717773 23.040000915527344
0 0 0 90967.796875 1.0699408054351807 23.040000915527344
0 0 0 90969.625 1.0699622631072998 23.040000915527344
0 0 0 90967.171875 1.0699334144592285 23.040000915527344
0 0 0 90968.3125 1.0699468851089478 23.040000915527344
0 0 0 90970.453125 1.069972038269043 23.040000915527344
0 0 0 90968.34375 1.0699472427368164 23.040000915527344
0 0 0 90970.28125 1.0699700117111206 23.040000915527344
0 0 0 90966.1875 1.069921851158142 23.040000915527344
0 0 0 90969.484375 1.069960594177246 23.040000915527344
0 0 0 90966.53125 1.0699259042739868 23.040000915527344
0 0 0 90964.2578125 1.0698630809783936 23.049999237060547
0 0 0 90963.5625 1.0698909759521484 23.040000915527344
0 0 0 90965.078125 1.0698727369308472 23.049999237060547
0 0 0 90964.234375 1.0698989629745483 23.040000915527344
0 0 0 90967.1875 1.0699336528778076 23.040000915527344
0 0 0 90965.578125 1.0698785781860352 23.049999237060547
0 0 0 90964.59375 1.0698670148849487 23.049999237060547
0 0 0 90963.296875 1.0698517560958862 23.049999237060547
0 0 0 90962.96875 1.0698479413986206 23.049999237060547
0 0 0 90968.390625 1.0699117183685303 23.049999237060547
0 0 0 90962.9921875 1.0698481798171997 23.049999237060547
0 0 0 90963.953125 1.069859504699707 23.049999237060547
0 0 0 90963.625 1.0698555707931519 23.049999237060547
0 0 0 90963.65625 1.06985604763031 23.049999237060547
0 0 0 90967.234375 1.0698981285095215 23.049999237060547
0 0 0 90967.078125 1.0698962211608887 23.049999237060547
0 0 0 90965.5 1.0698415040969849 23.059999465942383
0 0 0 90967.8046875 1.0698686838150024 23.059999465942383
0 0 0 90967.609375 1.069866418838501 23.059999465942383
0 0 0 90970.0546875 1.0699312686920166 23.049999237060547
0 0 0 90968.25 1.0699100494384766 23.049999237060547
0 0 0 90967.421875 1.0699002742767334 23.049999237060547
0 0 0 90970.5703125 1.0699012279510498 23.059999465942383
0 0 0 90967.421875 1.0699002742767334 23.049999237060547
0 0 0 90964.796875 1.0698693990707397 23.049999237060547
0 0 0 90961.5625 1.0697952508926392 23.059999465942383
0 0 0 90962.21875 1.06980299949646 23.059999465942383
0 0 0 90962.359375 1.0698046684265137 23.059999465942383
0 0 0 90961.75 1.069797396659851 23.059999465942383
0 0 0 90965.203125 1.069838047027588 23.059999465942383
0 0 0 90964 1.0698238611221313 23.059999465942383
0 0 0 90962.734375 1.069809079170227 23.059999465942383
0 0 0 90962.59375 1.0698074102401733 23.059999465942383
0 0 0 90966.390625 1.0698158740997314 23.06999969482422
0 0 0 90966.015625 1.069847583770752 23.059999465942383
0 0 0 90968.671875 1.0698788166046143 23.059999465942383
0 0 0 90968.1796875 1.0698730945587158 23.059999465942383
0 0 0 90968.015625 1.069871187210083 23.059999465942383
0 0 0 90964.4296875 1.0697928667068481 23.06999969482422
0 0 0 90969.046875 1.0698471069335938 23.06999969482422
0 0 0 90963.609375 1.0697832107543945 23.06999969482422
0 0 0 90966.0703125 1.0698121786117554 23.06999969482422
0 0 0 90968.7421875 1.0698435306549072 23.06999969482422
0 0 0 90969.2109375 1.0698491334915161 23.06999969482422
0 0 0 90966.75 1.0698201656341553 23.06999969482422
0 0 0 90968.90625 1.06984543800354 23.06999969482422
0 0 0 90968.25 1.0698378086090088 23.06999969482422
0 0 0 90965.1328125 1.0698010921478271 23.06999969482422
0 0 0 90969.7265625 1.0698550939559937 23.06999969482422
0 0 0 90969.078125 1.0698474645614624 23.06999969482422
0 0 0 90968.4375 1.0698038339614868 23.079999923706055
0 0 0 90967.125 1.0697884559631348 23.079999923706055
0 0 0 90967.265625 1.0698262453079224 23.06999969482422
0 0 0 90968.7421875 1.0698435306549072 23.06999969482422
0 0 0 90968.7890625 1.069808006286621 23.079999923706055
0 0 0 90965.7890625 1.069808840751648 23.06999969482422
0 0 0 90968.9296875 1.0698096752166748 23.079999923706055
0 0 0 90965.7890625 1.069808840751648 23.06999969482422
0 0 0 90966.7734375 1.0698204040527344 23.06999969482422
0 0 0 90967.265625 1.0698262453079224 23.06999969482422
0 0 0 90966.3046875 1.0697788000106812 23.079999923706055
0 0 0 90967.1015625 1.06982421875 23.06999969482422
0 0 0 90968.0859375 1.069835901260376 23.06999969482422
0 0 0 90966.8203125 1.0697848796844482 23.079999923706055
0 0 0 90966.28125 1.069814682006836 23.06999969482422
0 0 0 90966.46875 1.069780707359314 23.079999923706055
0 0 0 90966.1640625 1.0697771310806274 23.079999923706055
0 0 0 90966 1.0697752237319946 23.079999923706055
0 0 0 90967.3359375 1.0697909593582153 23.079999923706055
0 0 0 90964.7109375 1.0697600841522217 23.079999923706055
0 0 0 90966.65625 1.0697829723358154 23.079999923706055
0 0 0 90967.96875 1.0697983503341675 23.079999923706055
0 0 0 90967.0078125 1.0697870254516602 23.079999923706055
0 0 0 90966.046875 1.0697757005691528 23.079999923706055
0 0 0 90968.015625 1.0697989463806152 23.079999923706055
0 0 0 90966.375 1.069779634475708 23.079999923706055
0 0 0 90964.8984375 1.0697622299194336 23.079999923706055
0 0 0 90964.0546875 1.0697523355484009 23.079999923706055
0 0 0 90966.5390625 1.069745421409607 23.09000015258789
0 0 0 90962.765625 1.069737195968628 23.079999923706055
0 0 0 90964.40625 1.0697203874588013 23.09000015258789
0 0 0 90965.0625 1.0697280168533325 23.09000015258789
0 0 0 90964.5625 1.0697221755981445 23.09000015258789
0 0 0 90966.046875 1.0697396993637085 23.09000015258789
0 0 0 90964.59375 1.0697225332260132 23.09000015258789
0 0 0 90964.4296875 1.0697206258773804 23.09000015258789
0 0 0 90963.9609375 1.069715142250061 23.09000015258789
0 0 0 90964.3125 1.0697191953659058 23.09000015258789
0 0 0 90966.28125 1.0697424411773682 23.09000015258789
0 0 0 90967.734375 1.069759488105774 23.09000015258789
0 0 0 90966.9140625 1.0697498321533203 23.09000015258789
0 0 0 90969.046875 1.069774866104126 23.09000015258789
0 0 0 90966.609375 1.0697462558746338 23.09000015258789
0 0 0 90966.9375 1.0697500705718994 23.09000015258789
0 0 0 90968.765625 1.0697355270385742 23.100000381469727
0 0 0 90967.921875 1.0697256326675415 23.100000381469727
0 0 0 90968.90625 1.0697733163833618 23.09000015258789
0 0 0 90968.296875 1.0697300434112549 23.100000381469727
0 0 0 90967.1484375 1.069716453552246 23.100000381469727
0 0 0 90970.4375 1.06975519657135 23.100000381469727
0 0 0 90968.609375 1.0697336196899414 23.100000381469727
0 0 0 90967.4375 1.069756031036377 23.09000015258789
0 0 0 90967.453125 1.0697200298309326 23.100000381469727
0 0 0 90968.0859375 1.0697636604309082 23.09000015258789
0 0 0 90970.4375 1.06975519657135 23.100000381469727
0 0 0 90968.46875 1.0697320699691772 23.100000381469727
0 0 0 90964.1953125 1.0696817636489868 23.100000381469727
0 0 0 90966 1.0697029829025269 23.100000381469727
0 0 0 90965.046875 1.069691777229309 23.100000381469727
0 0 0 90964.828125 1.069689154624939 23.100000381469727
0 0 0 90966.1875 1.0697051286697388 23.100000381469727
0 0 0 90966.171875 1.0697050094604492 23.100000381469727
0 0 0 90967.03125 1.0696790218353271 23.110000610351562
0 0 0 90968.6796875 1.0697344541549683 23.100000381469727
0 0 0 90968.15625 1.0697283744812012 23.100000381469727
0 0 0 90967.171875 1.0697168111801147 23.100000381469727
0 0 0 90968.328125 1.0697304010391235 23.100000381469727
0 0 0 90966.546875 1.0697094202041626 23.100000381469727
0 0 0 90967.875 1.0696889162063599 23.110000610351562
0 0 0 90967.390625 1.0696831941604614 23.110000610351562
0 0 0 90967.21875 1.069681167602539 23.110000610351562
0 0 0 90967.4140625 1.06968355178833 23.110000610351562
0 0 0 90966.09375 1.069667935371399 23.110000610351562
0 0 0 90966.59375 1.0696738958358765 23.110000610351562
0 0 0 90966.640625 1.0696743726730347 23.110000610351562
0 0 0 90967.265625 1.0696817636489868 23.110000610351562
0 0 0 90964.828125 1.069653034210205 23.110000610351562
0 0 0 90964.8125 1.0696529150009155 23.110000610351562
0 0 0 90964.5 1.0696492195129395 23.110000610351562
0 0 0 90967.8125 1.0696520805358887 23.1200008392334
0 0 0 90966.6640625 1.0696386098861694 23.1200008392334
0 0 0 90965 1.0696550607681274 23.110000610351562
0 0 0 90967.4609375 1.0696840286254883 23.110000610351562
0 0 0 90966.171875 1.0696327686309814 23.1200008392334
0 0 0 90966.6875 1.0696388483047485 23.1200008392334
0 0 0 90962.3984375 1.0695884227752686 23.1200008392334
0 0 0 90966.875 1.06964111328125 23.1200008392334
0 0 0 90966.7109375 1.0696390867233276 23.1200008392334
0 0 0 90965.375 1.0696234703063965 23.1200008392334
0 0 0 90965 1.0696550607681274 23.110000610351562
0 0 0 90966.546875 1.0696371793746948 23.1200008392334
0 0 0 90965.890625 1.069629430770874 23.1200008392334
0 0 0 90967.6953125 1.069650650024414 23.1200008392334
0 0 0 90965.5625 1.0696256160736084 23.1200008392334
0 0 0 90964.90625 1.0696178674697876 23.1200008392334
0 0 0 90967.859375 1.0696526765823364 23.1200008392334
0 0 0 90964.90625 1.0696178674697876 23.1200008392334
0 0 0 90965.7265625 1.0696275234222412 23.1200008392334
0 0 0 90967.53125 1.0696487426757812 23.1200008392334
0 0 0 90963.265625 1.0695985555648804 23.1200008392334
0 0 0 90964.90625 1.0696178674697876 23.1200008392334
0 0 0 90965.2265625 1.0695855617523193 23.1299991607666
0 0 0 90968.0703125 1.069619059562683 23.1299991607666
0 0 0 90965.578125 1.0695897340774536 23.1299991607666
0 0 0 90964.921875 1.0695819854736328 23.1299991607666
0 0 0 90968.5625 1.0696247816085815 23.1299991607666
0 0 0 90965.75 1.069591760635376 23.1299991607666
0 0 0 90967.078125 1.0696073770523071 23.1299991607666
0 0 0 90964.59375 1.0695781707763672 23.1299991607666
0 0 0 90964.40625 1.0695759057998657 23.1299991607666
0 0 0 90966.75 1.069603443145752 23.1299991607666
0 0 0 90964.640625 1.0695786476135254 23.1299991607666
0 0 0 90965.609375 1.0695900917053223 23.1299991607666
0 0 0 90966.9453125 1.069605827331543 23.1299991607666
0 0 0 90964.453125 1.0695765018463135 23.1299991607666
0 0 0 90968.7265625 1.0696266889572144 23.1299991607666
0 0 0 90964.59375 1.0695781707763672 23.1299991607666
0 0 0 90965.625 1.0695902109146118 23.1299991607666
0 0 0 90964.5 1.0695409774780273 23.139999389648438
0 0 0 90965 1.0695468187332153 23.139999389648438
0 0 0 90965.953125 1.069594144821167 23.1299991607666
0 0 0 90964.921875 1.0695819854736328 23.1299991607666
0 0 0 90965.984375 1.0695583820343018 23.139999389648438
0 0 0 90964.828125 1.069544792175293 23.139999389648438
0 0 0 90964.34375 1.0695390701293945 23.139999389648438
0 0 0 90964.359375 1.0695393085479736 23.139999389648438
0 0 0 90963.890625 1.0695338249206543 23.139999389648438
0 0 0 90960.265625 1.0694911479949951 23.139999389648438
0 0 0 90960.609375 1.0694952011108398 23.139999389648438
0 0 0 90962.046875 1.069512128829956 23.139999389648438
0 0 0 90961.21875 1.069502353668213 23.139999389648438
0 0 0 90961.90625 1.0695104598999023 23.139999389648438
0 0 0 90965.015625 1.0695469379425049 23.139999389648438
0 0 0 90968.140625 1.069583773612976 23.139999389648438
0 0 0 90964.578125 1.0695418119430542 23.139999389648438
0 0 0 90964.265625 1.0695021152496338 23.149999618530273
0 0 0 90961.125 1.069501280784607 23.139999389648438
0 0 0 90965.5859375 1.0695176124572754 23.149999618530273
0 0 0 90968.21875 1.0695486068725586 23.149999618530273
0 0 0 90967.2265625 1.0695369243621826 23.149999618530273
0 0 0 90963.75 1.0695321559906006 23.139999389648438
0 0 0 90964.0859375 1.0695360898971558 23.139999389648438
0 0 0 90967.390625 1.0695388317108154 23.149999618530273
0 0 0 90966.7578125 1.0695314407348633 23.149999618530273
0 0 0 90964.953125 1.0695102214813232 23.149999618530273
0 0 0 90966.734375 1.0695310831069946 23.149999618530273
0 0 0 90966.7578125 1.0695314407348633 23.149999618530273
0 0 0 90968.265625 1.0695490837097168 23.149999618530273
0 0 0 90967.09375 1.0695353746414185 23.149999618530273
0 0 0 90967.25 1.0695371627807617 23.149999618530273
0 0 0 90965.96875 1.0695221424102783 23.149999618530273
0 0 0 90970.421875 1.0695744752883911 23.149999618530273
0 0 0 90966.296875 1.069525957107544 23.149999618530273
0 0 0 90969.4375 1.0695629119873047 23.149999618530273
0 0 0 90966.953125 1.0695337057113647 23.149999618530273
0 0 0 90965.984375 1.0695222616195679 23.149999618530273
0 0 0 90968.59375 1.069553017616272 23.149999618530273
0 0 0 90969.953125 1.069532871246338 23.15999984741211
0 0 0 90968.3125 1.0695135593414307 23.15999984741211
0 0 0 90968.125 1.069547414779663 23.149999618530273
0 0 0 90968.78125 1.0695551633834839 23.149999618530273
0 0 0 90968.8046875 1.0695194005966187 23.15999984741211
0 0 0 90969.4609375 1.06952702999115 23.15999984741211
0 0 0 90968.828125 1.0695196390151978 23.15999984741211
0 0 0 90966.359375 1.0694905519485474 23.15999984741211
0 0 0 90964.2265625 1.0694655179977417 23.15999984741211
0 0 0 90963.734375 1.0694597959518433 23.15999984741211
0 0 0 90966.6875 1.0694944858551025 23.15999984741211
0 0 0 90967.1875 1.0695003271102905 23.15999984741211
0 0 0 90963.2421875 1.0694539546966553 23.15999984741211
0 0 0 90962.421875 1.0694442987442017 23.15999984741211
0 0 0 90963.578125 1.0694578886032104 23.15999984741211
0 0 0 90961.9375 1.0694385766983032 23.15999984741211
0 0 0 90966.359375 1.0694905519485474 23.15999984741211
0 0 0 90967.53125 1.0695043802261353 23.15999984741211
0 0 0 90964.7421875 1.0694715976715088 23.15999984741211
0 0 0 90967.53125 1.0695043802261353 23.15999984741211
0 0 0 90968.6875 1.069517970085144 23.15999984741211
0 0 0 90967.71875 1.0694705247879028 23.170000076293945
0 0 0 90966.359375 1.0694905519485474 23.15999984741211
0 0 0 90967.703125 1.0695064067840576 23.15999984741211
0 0 0 90970.1875 1.0694994926452637 23.170000076293945
0 0 0 90967.09375 1.0694631338119507 23.170000076293945
0 0 0 90966.734375 1.0694589614868164 23.170000076293945
0 0 0 90969.21875 1.0694881677627563 23.170000076293945
0 0 0 90971.96875 1.0695565938949585 23.15999984741211
0 0 0 90973.4921875 1.0695383548736572 23.170000076293945
0 0 0 90966.921875 1.0694611072540283 23.170000076293945
0 0 0 90969.7421875 1.0694942474365234 23.170000076293945
0 0 0 90968.921875 1.0694845914840698 23.170000076293945
0 0 0 90962.8203125 1.0694129467010498 23.170000076293945
0 0 0 90962.796875 1.0694125890731812 23.170000076293945
0 0 0 90964.953125 1.0694379806518555 23.170000076293945
0 0 0 90966.953125 1.069461464881897 23.170000076293945
0 0 0 90967.953125 1.0694371461868286 23.18000030517578
0 0 0 90965.328125 1.069406270980835 23.18000030517578
0 0 0 90972.0625 1.0694854259490967 23.18000030517578
0 0 0 90966.125 1.0694518089294434 23.170000076293945
0 0 0 90963.3828125 1.0693833827972412 23.18000030517578
0 0 0 90964.34375 1.0693947076797485 23.18000030517578
0 0 0 90966.1484375 1.0694159269332886 23.18000030517578
0 0 0 90966.34375 1.06941819190979 23.18000030517578
0 0 0 90967.953125 1.0694371461868286 23.18000030517578
0 0 0 90966.8125 1.069423794746399 23.18000030517578
0 0 0 90962.234375 1.069369912147522 23.18000030517578
0 0 0 90969.6953125 1.0694215297698975 23.190000534057617
0 0 0 90964.046875 1.0693912506103516 23.18000030517578
0 0 0 90966.875 1.0694245100021362 23.18000030517578
0 0 0 90967.703125 1.0694341659545898 23.18000030517578
0 0 0 90962.1171875 1.069368600845337 23.18000030517578
0 0 0 90964.9375 1.0693656206130981 23.190000534057617
0 0 0 90967.5625 1.0693964958190918 23.190000534057617
0 0 0 90970.1875 1.0694273710250854 23.190000534057617
0 0 0 90963.484375 1.0693485736846924 23.190000534057617
0 0 0 90965.75 1.0693751573562622 23.190000534057617
0 0 0 90964.421875 1.069395661354065 23.18000030517578
0 0 0 90966.625 1.0693854093551636 23.190000534057617
0 0 0 90964.109375 1.069355845451355 23.190000534057617
0 0 0 90966.59375 1.069385051727295 23.190000534057617
0 0 0 90960.03125 1.0693079233169556 23.190000534057617
0 0 0 90965.9453125 1.0693774223327637 23.190000534057617
0 0 0 90962.4921875 1.0693368911743164 23.190000534057617
0 0 0 90965.125 1.06936776638031 23.190000534057617
0 0 0 90965.3125 1.0693700313568115 23.190000534057617
0 0 0 90962.359375 1.0693353414535522 23.190000534057617
0 0 0 90964.484375 1.0693602561950684 23.190000534057617
0 0 0 90964.34375 1.0693585872650146 23.190000534057617
0 0 0 90964 1.0693546533584595 23.190000534057617
0 0 0 90964.6796875 1.0693626403808594 23.190000534057617
0 0 0 90966.109375 1.069379448890686 23.190000534057617
0 0 0 90969.109375 1.0694146156311035 23.190000534057617
0 0 0 90966.8125 1.069387674331665 23.190000534057617
0 0 0 90967.953125 1.0693650245666504 23.200000762939453
0 0 0 90971.5703125 1.0694074630737305 23.200000762939453
0 0 0 90966.671875 1.0693498849868774 23.200000762939453
0 0 0 90968.125 1.0693670511245728 23.200000762939453
0 0 0 90964.015625 1.0693186521530151 23.200000762939453
0 0 0 90967.140625 1.0693553686141968 23.200000762939453
0 0 0 90972.71875 1.0694570541381836 23.190000534057617
0 0 0 90966.96875 1.069353461265564 23.200000762939453
0 0 0 90966.484375 1.0693477392196655 23.200000762939453
0 0 0 90969.765625 1.0693862438201904 23.200000762939453
0 0 0 90964.015625 1.069354772567749 23.190000534057617
0 0 0 90970.28125 1.0693923234939575 23.200000762939453
0 0 0 90965.3125 1.0693700313568115 23.190000534057617
0 0 0 90968.171875 1.069367527961731 23.200000762939453
0 0 0 90965.359375 1.0693345069885254 23.200000762939453
0 0 0 90967.515625 1.0693597793579102 23.200000762939453
0 0 0 90966.3125 1.0693457126617432 23.200000762939453
0 0 0 90964.0625 1.069319248199463 23.200000762939453
0 0 0 90964.421875 1.0693234205245972 23.200000762939453
0 0 0 90966.4140625 1.0693107843399048 23.209999084472656
0 0 0 90967.34375 1.0693578720092773 23.200000762939453
0 0 0 90968.640625 1.0693730115890503 23.200000762939453
0 0 0 90969.0390625 1.0693416595458984 23.209999084472656
0 0 0 90968.6875 1.069373607635498 23.200000762939453
0 0 0 90966.90625 1.0693166255950928 23.209999084472656
0 0 0 90972.484375 1.0693821907043457 23.209999084472656
0 0 0 90970.84375 1.0693628787994385 23.209999084472656
0 0 0 90966.25 1.069308876991272 23.209999084472656
0 0 0 90970.1640625 1.0693910121917725 23.200000762939453
0 0 0 90965.4296875 1.0692992210388184 23.209999084472656
0 0 0 90970.5625 1.069359540939331 23.209999084472656
0 0 0 90972.859375 1.069386601448059 23.209999084472656
0 0 0 90969.25 1.069344162940979 23.209999084472656
0 0 0 90971.03125 1.06936514377594 23.209999084472656
0 0 0 90969.203125 1.0693435668945312 23.209999084472656
0 0 0 90970.046875 1.069353461265564 23.209999084472656
0 0 0 90969.2734375 1.069344401359558 23.209999084472656
0 0 0 90969.75 1.069350004196167 23.209999084472656
0 0 0 90968.7578125 1.069338321685791 23.209999084472656
0 0 0 90965.6640625 1.069301962852478 23.209999084472656
0 0 0 90965.8046875 1.0693036317825317 23.209999084472656
0 0 0 90967.984375 1.0692931413650513 23.219999313354492
0 0 0 90965.8515625 1.0692681074142456 23.219999313354492
38.4022331237793 33.704925537109375 0 90962.375 1.0692633390426636 23.209999084472656
38.4022331237793 33.704925537109375 918.2000122070312 90969.46875 1.0693106651306152 23.219999313354492
38.4022331237793 33.704925537109375 918.2000122070312 90967.6328125 1.0693250894546509 23.209999084472656
38.4022331237793 33.704925537109375 918.2000122070312 90970.140625 1.0693185329437256 23.219999313354492
38.4022331237793 33.704925537109375 918.2000122070312 90967.515625 1.069287657737732 23.219999313354492
38.40224075317383 33.70492935180664 918.2000122070312 90968.171875 1.0692954063415527 23.219999313354492
38.40224075317383 33.70492935180664 918 90968.8125 1.0693029165267944 23.219999313354492
38.40224075317383 33.70492935180664 918 90967.0234375 1.0692819356918335 23.219999313354492
38.40224075317383 33.70492935180664 918 90967.375 1.0692859888076782 23.219999313354492
38.40224075317383 33.70492935180664 918 90965.734375 1.0692667961120605 23.219999313354492
38.40224838256836 33.70492935180664 918 90961.609375 1.0692182779312134 23.219999313354492
38.40224838256836 33.70492935180664 917.2999877929688 90965.078125 1.0692590475082397 23.219999313354492
38.40224838256836 33.70492935180664 917.2999877929688 90965.546875 1.069264531135559 23.219999313354492
38.40224838256836 33.70492935180664 917.2999877929688 90968.53125 1.069299578666687 23.219999313354492
38.40224838256836 33.70492935180664 917.2999877929688 90966.0625 1.0692706108093262 23.219999313354492
38.40225601196289 33.70492935180664 916.7999877929688 90966.25 1.0692367553710938 23.229999542236328
38.40225601196289 33.70492935180664 916.7999877929688 90964.75 1.0692551136016846 23.219999313354492
38.40225601196289 33.70492935180664 916.7999877929688 90962.6171875 1.069230079650879 23.219999313354492
38.40225601196289 33.70492935180664 916.7999877929688 90962.453125 1.069228172302246 23.219999313354492
38.40225601196289 33.70492935180664 916.7000122070312 90963.109375 1.069235920906067 23.219999313354492
38.40225601196289 33.70492935180664 916.7999877929688 90963.59375 1.0692415237426758 23.219999313354492
38.40225601196289 33.70492935180664 916.7000122070312 90964.75 1.0692551136016846 23.219999313354492
38.40225601196289 33.70492935180664 916.7000122070312 90963.3203125 1.0692023038864136 23.229999542236328
38.40225601196289 33.70492935180664 916.7000122070312 90962.453125 1.069228172302246 23.219999313354492
38.402259826660156 33.70492935180664 916.7000122070312 90964.25 1.0692492723464966 23.219999313354492
38.402259826660156 33.70492935180664 916.2999877929688 90962.46875 1.0691922903060913 23.229999542236328
38.402259826660156 33.70492935180664 916.2999877929688 90962.5 1.06919264793396 23.229999542236328
38.402259826660156 33.70492935180664 916.2999877929688 90963.6484375 1.0692061185836792 23.229999542236328
38.402259826660156 33.70492935180664 916.2999877929688 90962.828125 1.0691964626312256 23.229999542236328
38.40227127075195 33.704933166503906 916.2999877929688 90962.03125 1.0691871643066406 23.229999542236328
38.40227127075195 33.704933166503906 915 90962.984375 1.0691983699798584 23.229999542236328
38.40227127075195 33.704933166503906 915 90961.71875 1.0691834688186646 23.229999542236328
38.40227127075195 33.704933166503906 915 90964.65625 1.0692180395126343 23.229999542236328
38.40227127075195 33.704933166503906 915 90959.8984375 1.0691620111465454 23.229999542236328
38.40229034423828 33.70493698120117 915 90963.53125 1.0691686868667603 23.239999771118164
38.40229034423828 33.70493698120117 913 90964.1640625 1.0692121982574463 23.229999542236328
38.40229034423828 33.70493698120117 913 90963.53125 1.0692048072814941 23.229999542236328
38.40229034423828 33.70493698120117 913 90962.5234375 1.069192886352539 23.229999542236328
38.40229034423828 33.70493698120117 913 90962.5625 1.069157361984253 23.239999771118164
38.40230178833008 33.70494079589844 911.4000244140625 90966.484375 1.0692394971847534 23.229999542236328
38.40230178833008 33.70494079589844 911.4000244140625 90963.53125 1.0691686868667603 23.239999771118164
38.40230178833008 33.70494079589844 911.4000244140625 90963.21875 1.0691649913787842 23.239999771118164
38.40230178833008 33.70494079589844 911.4000244140625 90963.6875 1.0691704750061035 23.239999771118164
38.40230178833008 33.70494079589844 911.4000244140625 90962.375 1.0691550970077515 23.239999771118164
38.402305603027344 33.70494079589844 911.2000122070312 90961.234375 1.0691777467727661 23.229999542236328
38.402305603027344 33.70494079589844 911.2000122070312 90964.84375 1.0691840648651123 23.239999771118164
38.402305603027344 33.70494079589844 911.2000122070312 90960.625 1.0691344738006592 23.239999771118164
38.402305603027344 33.70494079589844 911.2000122070312 90964.046875 1.0691747665405273 23.239999771118164
38.402305603027344 33.70494079589844 911.2000122070312 90962.703125 1.069158911705017 23.239999771118164
38.402313232421875 33.7049446105957 910 90965.1953125 1.0691882371902466 23.239999771118164
38.402313232421875 33.7049446105957 910 90967.3515625 1.069213628768921 23.239999771118164
38.402313232421875 33.7049446105957 910 90967.046875 1.0692100524902344 23.239999771118164
38.402313232421875 33.7049446105957 910 90963.390625 1.0691670179367065 23.239999771118164
38.402313232421875 33.7049446105957 910 90965.546875 1.0691924095153809 23.239999771118164
38.402313232421875 33.7049446105957 910.2999877929688 90962.4296875 1.0691556930541992 23.239999771118164
38.402313232421875 33.7049446105957 910.2999877929688 90964.234375 1.0691769123077393 23.239999771118164
38.402313232421875 33.7049446105957 910.2999877929688 90964.25 1.0691771507263184 23.239999771118164
38.402313232421875 33.7049446105957 910.2999877929688 90964.421875 1.0691791772842407 23.239999771118164
38.40230178833008 33.7049446105957 910.2999877929688 90965.734375 1.0691945552825928 23.239999771118164
38.40230178833008 33.7049446105957 911.5 90964.5859375 1.0691810846328735 23.239999771118164
38.40230178833008 33.7049446105957 911.5 90964.9375 1.069149136543274 23.25
38.40230178833008 33.7049446105957 911.5 90960.6484375 1.0691348314285278 23.239999771118164
38.40230178833008 33.7049446105957 911.5 90960.828125 1.0691008567810059 23.25
38.40230178833008 33.7049446105957 911.2999877929688 90962.9921875 1.0691262483596802 23.25
38.40230178833008 33.7049446105957 911.2999877929688 90962.171875 1.0691165924072266 23.25
38.40230178833008 33.7049446105957 911.2999877929688 90964.6328125 1.0691455602645874 23.25
38.40230178833008 33.7049446105957 911.2999877929688 90962.3359375 1.069118618965149 23.25
38.40230178833008 33.7049446105957 911.2999877929688 90963.15625 1.069128155708313 23.25
38.402305603027344 33.7049446105957 911.0999755859375 90963.2734375 1.0691657066345215 23.239999771118164
38.402305603027344 33.7049446105957 911.0999755859375 90964.796875 1.0691474676132202 23.25
38.402305603027344 33.7049446105957 911.0999755859375 90963.953125 1.0691375732421875 23.25
38.402305603027344 33.7049446105957 911.0999755859375 90960.765625 1.0690640211105347 23.260000228881836
38.40230941772461 33.70494842529297 911.0999755859375 90961.1875 1.0691050291061401 23.25
38.40230941772461 33.70494842529297 910.2999877929688 90962.46875 1.069120168685913 23.25
38.40230941772461 33.70494842529297 910.2999877929688 90962.171875 1.0691165924072266 23.25
38.40230941772461 33.70494842529297 910.2999877929688 90965.640625 1.069157361984253 23.25
38.40230941772461 33.70494842529297 910.2999877929688 90962.6640625 1.0691224336624146 23.25
38.402305603027344 33.70494842529297 910.2999877929688 90962.03125 1.0691150426864624 23.25
38.402305603027344 33.70494842529297 910.7000122070312 90961.5390625 1.0691092014312744 23.25
38.402305603027344 33.70494842529297 910.7000122070312 90962.875 1.0690888166427612 23.260000228881836
38.402305603027344 33.70494842529297 910.7000122070312 90962.359375 1.069118857383728 23.25
38.40229797363281 33.7049446105957 910.7000122070312 90963.1796875 1.0691285133361816 23.25
38.402305603027344 33.70494842529297 910.7000122070312 90962.6875 1.0691226720809937 23.25
38.40229797363281 33.7049446105957 911.5 90967.9375 1.069184422492981 23.25
38.40229797363281 33.7049446105957 911.5 90962.5 1.0691205263137817 23.25
38.40229797363281 33.7049446105957 911.5 90965.03125 1.0691142082214355 23.260000228881836
38.40229797363281 33.7049446105957 911.5 90959.75 1.0690521001815796 23.260000228881836
38.40229415893555 33.7049446105957 912 90960.109375 1.0690562725067139 23.260000228881836
38.40229415893555 33.7049446105957 912 90960.0859375 1.0690560340881348 23.260000228881836
38.40229415893555 33.7049446105957 912 90961.9375 1.0690778493881226 23.260000228881836
38.40229415893555 33.7049446105957 912 90963.0625 1.0690910816192627 23.260000228881836
38.40229415893555 33.7049446105957 912 90964.890625 1.0691125392913818 23.260000228881836
38.40228271484375 33.70494079589844 913 90965.390625 1.0691183805465698 23.260000228881836
38.40228271484375 33.70494079589844 913 90961.28125 1.0690701007843018 23.260000228881836
38.40228271484375 33.70494079589844 913 90963.609375 1.0690975189208984 23.260000228881836
38.40228271484375 33.70494079589844 913 90963.109375 1.069091558456421 23.260000228881836
38.40228271484375 33.70494079589844 913 90959.640625 1.0690507888793945 23.260000228881836
38.40228271484375 33.70494079589844 913 90960.8125 1.0690646171569824 23.260000228881836
38.40228271484375 33.70494079589844 913 90960.625 1.069062352180481 23.260000228881836
38.40228271484375 33.70494079589844 913 90964.125 1.0690674781799316 23.270000457763672
38.40228271484375 33.70494079589844 913 90966.234375 1.0691282749176025 23.260000228881836
38.402278900146484 33.70494079589844 913 90964.890625 1.0691125392913818 23.260000228881836
38.402278900146484 33.70494079589844 913.5 90964.421875 1.0691070556640625 23.260000228881836
38.402278900146484 33.70494079589844 913.5 90965.9296875 1.0690886974334717 23.270000457763672
38.402278900146484 33.70494079589844 913.5 90962.5 1.0690484046936035 23.270000457763672
38.402278900146484 33.70494079589844 913.5 90962.8125 1.06905198097229 23.270000457763672
38.40227508544922 33.70493698120117 913.5 90963 1.0690542459487915 23.270000457763672
38.40227508544922 33.70493698120117 913.7999877929688 90962.34375 1.0690464973449707 23.270000457763672
38.40227508544922 33.70493698120117 913.7999877929688 90963.8125 1.0690637826919556 23.270000457763672
38.40227508544922 33.70493698120117 913.7999877929688 90964.328125 1.0690698623657227 23.270000457763672
38.40227508544922 33.70493698120117 913.7999877929688 90963.625 1.0690616369247437 23.270000457763672
38.40227508544922 33.70493698120117 913.7999877929688 90965.640625 1.0690852403640747 23.270000457763672
38.40227508544922 33.70493698120117 913.7999877929688 90964.3125 1.0690696239471436 23.270000457763672
38.40227508544922 33.70493698120117 913.7999877929688 90965.296875 1.06908118724823 23.270000457763672
38.40227508544922 33.70493698120117 913.7999877929688 90964.328125 1.0690698623657227 23.270000457763672
38.40227508544922 33.70493698120117 913.7999877929688 90965.15625 1.0690795183181763 23.270000457763672
38.40227127075195 33.70493698120117 914.0999755859375 90964.640625 1.0690735578536987 23.270000457763672
38.40227127075195 33.70493698120117 914.0999755859375 90963.8125 1.0690637826919556 23.270000457763672
38.40227127075195 33.70493698120117 914.0999755859375 90966.140625 1.0690912008285522 23.270000457763672
38.40227127075195 33.70493698120117 914.0999755859375 90965.125 1.0690791606903076 23.270000457763672
38.40226745605469 33.70493698120117 914.0999755859375 90964.3046875 1.0690696239471436 23.270000457763672
38.40226745605469 33.70493698120117 914.5 90965.8125 1.069087266921997 23.270000457763672
38.40226745605469 33.70493698120117 914.5 90961.875 1.0690410137176514 23.270000457763672
38.40226745605469 33.70493698120117 914.5 90960.71875 1.0690274238586426 23.270000457763672
38.40226745605469 33.70493698120117 914.5 90964.984375 1.0690414905548096 23.280000686645508
38.40226364135742 33.70493698120117 914.5 90963.34375 1.0690221786499023 23.280000686645508
38.40226364135742 33.70493698120117 914.9000244140625 90965.3125 1.0690453052520752 23.280000686645508
38.40226364135742 33.70493698120117 914.9000244140625 90962.828125 1.0690522193908691 23.270000457763672
38.40226364135742 33.70493698120117 914.9000244140625 90962.84375 1.0690163373947144 23.280000686645508
38.40226364135742 33.70493698120117 914.9000244140625 90962.375 1.069010853767395 23.280000686645508
38.402252197265625 33.704933166503906 914.9000244140625 90960.859375 1.0690290927886963 23.270000457763672
38.402252197265625 33.704933166503906 916.2999877929688 90961.671875 1.0690386295318604 23.270000457763672
38.402252197265625 33.704933166503906 916.2999877929688 90960.53125 1.0690252780914307 23.270000457763672
38.402252197265625 33.704933166503906 916.2999877929688 90960.734375 1.0689915418624878 23.280000686645508
38.402252197265625 33.704933166503906 916.2999877929688 90961.421875 1.0689996480941772 23.280000686645508
38.40223693847656 33.70492935180664 917.9000244140625 90960.53125 1.0690252780914307 23.270000457763672
38.40223693847656 33.70492935180664 917.9000244140625 90960.078125 1.068983793258667 23.280000686645508
38.40223693847656 33.70492935180664 917.9000244140625 90960.578125 1.0689897537231445 23.280000686645508
38.40223693847656 33.70492935180664 917.9000244140625 90962.40625 1.0690112113952637 23.280000686645508
38.40223693847656 33.70492935180664 917.9000244140625 90957.828125 1.0689574480056763 23.280000686645508
38.4022331237793 33.70492935180664 918.5999755859375 90961.5625 1.069001317024231 23.280000686645508
38.4022331237793 33.70492935180664 918.5999755859375 90962.7578125 1.069015383720398 23.280000686645508
38.4022331237793 33.70492935180664 918.5999755859375 90960.9296875 1.0689938068389893 23.280000686645508
38.4022331237793 33.70492935180664 918.5999755859375 90959.78125 1.06898033618927 23.280000686645508
38.40222930908203 33.704925537109375 918.5999755859375 90961.609375 1.0690017938613892 23.280000686645508
38.40222930908203 33.704925537109375 918.9000244140625 90959.921875 1.0689820051193237 23.280000686645508
38.40222930908203 33.704925537109375 918.9000244140625 90967.40625 1.0690338611602783 23.290000915527344
38.40222930908203 33.704925537109375 918.9000244140625 90965.59375 1.0690126419067383 23.290000915527344
38.40222930908203 33.704925537109375 918.9000244140625 90964.09375 1.0689949989318848 23.290000915527344
38.40222930908203 33.704925537109375 918.9000244140625 90962.265625 1.06900954246521 23.280000686645508
38.40222930908203 33.704925537109375 918.7999877929688 90962.15625 1.0689722299575806 23.290000915527344
38.40222930908203 33.704925537109375 918.7999877929688 90961.8203125 1.0689682960510254 23.290000915527344
38.40222930908203 33.704925537109375 918.7999877929688 90961.46875 1.0689641237258911 23.290000915527344
38.40222930908203 33.704925537109375 918.7999877929688 90962.4765625 1.0689759254455566 23.290000915527344
38.40222930908203 33.704925537109375 918.7999877929688 90963.328125 1.068985939025879 23.290000915527344
38.40222930908203 33.704925537109375 918.7999877929688 90963.4375 1.068987250328064 23.290000915527344
38.40222930908203 33.704925537109375 918.7999877929688 90964.28125 1.0689971446990967 23.290000915527344
38.40222930908203 33.704925537109375 918.7999877929688 90963.8125 1.0689916610717773 23.290000915527344
38.40222930908203 33.704925537109375 918.7999877929688 90961.984375 1.0689702033996582 23.290000915527344
38.40222930908203 33.704925537109375 919 90963.8125 1.0689916610717773 23.290000915527344
38.40222930908203 33.704925537109375 919 90962.828125 1.068980097770691 23.290000915527344
38.40222930908203 33.704925537109375 919 90962.3125 1.0689740180969238 23.290000915527344
38.40222930908203 33.704925537109375 919 90965.5 1.0689754486083984 23.299999237060547
38.40222930908203 33.704925537109375 919 90963.84375 1.068992018699646 23.290000915527344
38.402225494384766 33.704925537109375 919.2999877929688 90962.53125 1.068976640701294 23.290000915527344
38.402225494384766 33.704925537109375 919.2999877929688 90962.6875 1.0689784288406372 23.290000915527344
38.402225494384766 33.704925537109375 919.2999877929688 90962.546875 1.0689407587051392 23.299999237060547
38.402225494384766 33.704925537109375 919.2999877929688 90962.03125 1.0689706802368164 23.290000915527344
38.402225494384766 33.704925537109375 919.2999877929688 90961.5859375 1.0689294338226318 23.299999237060547
38.402225494384766 33.704925537109375 919.5999755859375 90965.015625 1.0689697265625 23.299999237060547
38.402225494384766 33.704925537109375 919.5999755859375 90964.21875 1.068960428237915 23.299999237060547
38.402225494384766 33.704925537109375 919.5999755859375 90962.3828125 1.0689388513565063 23.299999237060547
38.402225494384766 33.704925537109375 919.5999755859375 90962.546875 1.0689407587051392 23.299999237060547
38.4022216796875 33.704925537109375 919.5999755859375 90963.5625 1.0689526796340942 23.299999237060547
38.4022216796875 33.704925537109375 919.7000122070312 90968.1875 1.0690070390701294 23.299999237060547
38.4022216796875 33.704925537109375 919.7000122070312 90962.875 1.0689445734024048 23.299999237060547
38.4022216796875 33.704925537109375 919.7000122070312 90963.046875 1.0689465999603271 23.299999237060547
38.4022216796875 33.704925537109375 919.7000122070312 90964.546875 1.0689642429351807 23.299999237060547
38.4022216796875 33.704925537109375 919.7000122070312 90959.78125 1.0689082145690918 23.299999237060547
38.4022216796875 33.704925537109375 920 90965.0859375 1.0689705610275269 23.299999237060547
38.4022216796875 33.704925537109375 920 90962.578125 1.0689411163330078 23.299999237060547
38.4022216796875 33.704925537109375 920 90965.0859375 1.0689705610275269 23.299999237060547
38.4022216796875 33.704925537109375 920 90963.0625 1.0689468383789062 23.299999237060547
38.402217864990234 33.704925537109375 920.5 90966.2109375 1.068983793258667 23.299999237060547
38.402217864990234 33.704925537109375 920.5 90963.765625 1.0689550638198853 23.299999237060547
38.402217864990234 33.704925537109375 920.5 90966.2109375 1.068983793258667 23.299999237060547
38.402217864990234 33.704925537109375 920.5 90963.890625 1.0689564943313599 23.299999237060547
38.402217864990234 33.704925537109375 920.5 90964.734375 1.0689663887023926 23.299999237060547
38.402217864990234 33.704925537109375 920.5999755859375 90966.046875 1.0689818859100342 23.299999237060547
38.402217864990234 33.704925537109375 920.5999755859375 90965.578125 1.0689764022827148 23.299999237060547
38.402217864990234 33.704925537109375 920.5999755859375 90963.9375 1.0689570903778076 23.299999237060547
38.402217864990234 33.704925537109375 920.5999755859375 90963.4375 1.0689512491226196 23.299999237060547
38.40221405029297 33.704925537109375 920.5999755859375 90964.9375 1.0689327716827393 23.309999465942383
38.40221405029297 33.704925537109375 921.0999755859375 90964.1171875 1.0689231157302856 23.309999465942383
38.40221405029297 33.704925537109375 921.0999755859375 90964.265625 1.0689609050750732 23.299999237060547
38.40221405029297 33.704925537109375 921.0999755859375 90964.796875 1.0689311027526855 23.309999465942383
38.40221405029297 33.704925537109375 921.0999755859375 90961.171875 1.068888545036316 23.309999465942383
38.40221405029297 33.704925537109375 921.0999755859375 90964.609375 1.0689289569854736 23.309999465942383
38.40221405029297 33.704925537109375 921 90962.5 1.068904161453247 23.309999465942383
38.40221405029297 33.704925537109375 921 90961.984375 1.06889808177948 23.309999465942383
38.40221405029297 33.704925537109375 921 90964 1.0689218044281006 23.309999465942383
38.40221405029297 33.704925537109375 921 90961.515625 1.0688925981521606 23.309999465942383
38.40221405029297 33.704925537109375 921 90960.203125 1.068877100944519 23.309999465942383
38.40221405029297 33.704925537109375 921.0999755859375 90963.65625 1.0689177513122559 23.309999465942383
38.40221405029297 33.704925537109375 921.0999755859375 90960.421875 1.0688436031341553 23.31999969482422
38.40221405029297 33.704925537109375 921.0999755859375 90960.8828125 1.068885087966919 23.309999465942383
38.40221405029297 33.704925537109375 921.0999755859375 90963.84375 1.0689198970794678 23.309999465942383
38.40221405029297 33.704925537109375 920.9000244140625 90963.015625 1.0689101219177246 23.309999465942383
38.40221405029297 33.704925537109375 920.9000244140625 90965.5 1.0689033269882202 23.31999969482422
38.40221405029297 33.704925537109375 920.9000244140625 90962.03125 1.0688985586166382 23.309999465942383
38.40221405029297 33.704925537109375 920.9000244140625 90964.359375 1.068889856338501 23.31999969482422
38.40221405029297 33.704925537109375 920.9000244140625 90964.515625 1.0688917636871338 23.31999969482422
38.40221405029297 33.704925537109375 921.0999755859375 90964.171875 1.0689237117767334 23.309999465942383
38.40221405029297 33.704925537109375 921.0999755859375 90962.71875 1.0688706636428833 23.31999969482422
38.40221405029297 33.704925537109375 921.0999755859375 90962.25 1.068865180015564 23.31999969482422
38.40221405029297 33.704925537109375 921.0999755859375 90961.2578125 1.068853497505188 23.31999969482422
38.4022102355957 33.70492172241211 921.0999755859375 90960.28125 1.0688420534133911 23.31999969482422
38.4022102355957 33.70492172241211 921.7000122070312 90963.234375 1.0688767433166504 23.31999969482422
38.4022102355957 33.70492172241211 921.7000122070312 90959.765625 1.068835973739624 23.31999969482422
38.4022102355957 33.70492172241211 921.7000122070312 90960.25 1.068841576576233 23.31999969482422
38.4022102355957 33.70492172241211 921.7000122070312 90962.765625 1.0688711404800415 23.31999969482422
38.4022102355957 33.70492172241211 921.7000122070312 90966.703125 1.0689175128936768 23.31999969482422
38.4022102355957 33.70492172241211 921.9000244140625 90962.7578125 1.0688711404800415 23.31999969482422
38.4022102355957 33.70492172241211 921.9000244140625 90962.4375 1.0688673257827759 23.31999969482422
38.4022102355957 33.70492172241211 921.9000244140625 90963.7421875 1.068882703781128 23.31999969482422
38.4022102355957 33.70492172241211 921.9000244140625 90960.796875 1.0688480138778687 23.31999969482422
38.4022102355957 33.70492172241211 921.5999755859375 90963.25 1.06887686252594 23.31999969482422
38.4022102355957 33.70492172241211 921.5999755859375 90962.2734375 1.068865418434143 23.31999969482422
38.4022102355957 33.70492172241211 921.5999755859375 90960.4375 1.0688438415527344 23.31999969482422
38.4022102355957 33.70492172241211 921.5999755859375 90960.4375 1.0688438415527344 23.31999969482422
38.4022102355957 33.70492172241211 921.5999755859375 90958.984375 1.0688267946243286 23.31999969482422
38.4022102355957 33.70492172241211 921.5 90957.8359375 1.0688132047653198 23.31999969482422
38.4022102355957 33.70492172241211 921.5 90955.671875 1.0687878131866455 23.31999969482422
38.4022102355957 33.70492172241211 921.5 90959.3125 1.0688306093215942 23.31999969482422
38.4022102355957 33.70492172241211 921.5 90955.0234375 1.0687801837921143 23.31999969482422
38.4022102355957 33.70492172241211 921.5 90956.84375 1.0688016414642334 23.31999969482422
38.4022102355957 33.704917907714844 921.5 90960.4609375 1.0688440799713135 23.31999969482422
38.4022102355957 33.704917907714844 921.5 90961.328125 1.068818211555481 23.329999923706055
38.4022102355957 33.704917907714844 921.5 90961.8203125 1.068824052810669 23.329999923706055
38.4022102355957 33.704917907714844 921.5 90961.1171875 1.0688518285751343 23.31999969482422
38.40221405029297 33.70492172241211 921.5 90962.1015625 1.0688633918762207 23.31999969482422
38.40221405029297 33.70492172241211 921.2999877929688 90959.8515625 1.068800926208496 23.329999923706055
38.40221405029297 33.70492172241211 921.2999877929688 90960.484375 1.0688083171844482 23.329999923706055
38.40221405029297 33.70492172241211 921.2999877929688 90960.671875 1.0688105821609497 23.329999923706055
38.40221405029297 33.70492172241211 921.2999877929688 90959.546875 1.0687973499298096 23.329999923706055
38.40221405029297 33.70492172241211 921.2999877929688 90956.546875 1.0687620639801025 23.329999923706055
38.40221405029297 33.70492172241211 921.5 90959.3828125 1.0687954425811768 23.329999923706055
38.40221405029297 33.70492172241211 921.5 90959.03125 1.0687912702560425 23.329999923706055
38.40221405029297 33.70492172241211 921.5 90959.3828125 1.0687954425811768 23.329999923706055
38.40221405029297 33.70492172241211 921.5 90957.765625 1.0687763690948486 23.329999923706055
38.40221405029297 33.704917907714844 921 90960.71875 1.068811058998108 23.329999923706055
38.40221405029297 33.704917907714844 921 90960.2265625 1.0688053369522095 23.329999923706055
38.40221405029297 33.704917907714844 921 90959.078125 1.0687917470932007 23.329999923706055
38.40221405029297 33.704917907714844 921 90961.546875 1.068820834159851 23.329999923706055
38.40221405029297 33.704917907714844 921 90959.765625 1.0687638521194458 23.34000015258789
38.40221405029297 33.704917907714844 921.0999755859375 90959.078125 1.0687917470932007 23.329999923706055
38.40221405029297 33.704917907714844 921.0999755859375 90960.0859375 1.0687675476074219 23.34000015258789
38.40221405029297 33.704917907714844 921.0999755859375 90960.0859375 1.0687675476074219 23.34000015258789
38.40221405029297 33.704917907714844 921.0999755859375 90959.078125 1.0687917470932007 23.329999923706055
38.40221405029297 33.704917907714844 921.0999755859375 90958.8203125 1.0687527656555176 23.34000015258789
38.40221405029297 33.704917907714844 921.0999755859375 90960.6015625 1.068773627281189 23.34000015258789
38.40221405029297 33.704917907714844 921.0999755859375 90960.71875 1.068811058998108 23.329999923706055
38.40221405029297 33.704917907714844 921.0999755859375 90961.59375 1.068785309791565 23.34000015258789
38.40221405029297 33.704917907714844 921.0999755859375 90962.90625 1.068800687789917 23.34000015258789
38.40221405029297 33.704917907714844 921.0999755859375 90961.921875 1.0687891244888306 23.34000015258789
38.40221405029297 33.704917907714844 921 90962.21875 1.068792700767517 23.34000015258789
38.40221405029297 33.704917907714844 921 90960.28125 1.068769931793213 23.34000015258789
38.40221405029297 33.704917907714844 921 90965.203125 1.068827748298645 23.34000015258789
38.40221405029297 33.704917907714844 921 90964.515625 1.0688196420669556 23.34000015258789
38.402217864990234 33.70491409301758 921 90962.4375 1.0687952041625977 23.34000015258789
38.402217864990234 33.70491409301758 920.5999755859375 90960.28125 1.068769931793213 23.34000015258789
38.402217864990234 33.70491409301758 920.5999755859375 90961.921875 1.0687891244888306 23.34000015258789
38.402217864990234 33.70491409301758 920.5999755859375 90961.6640625 1.0687501430511475 23.350000381469727
38.402217864990234 33.70491409301758 920.5999755859375 90963.28125 1.0688050985336304 23.34000015258789
38.402217864990234 33.70491409301758 920.2999877929688 90961.328125 1.0687460899353027 23.350000381469727
38.402217864990234 33.70491409301758 920.2999877929688 90964.921875 1.0688244104385376 23.34000015258789
38.402217864990234 33.70491409301758 920.2999877929688 90963.3046875 1.0687693357467651 23.350000381469727
38.402217864990234 33.70491409301758 920.2999877929688 90962.3203125 1.0687577724456787 23.350000381469727
38.402217864990234 33.70491409301758 920.2999877929688 90960.984375 1.068778157234192 23.34000015258789
38.40221405029297 33.70491409301758 920.7999877929688 90958.046875 1.0687075853347778 23.350000381469727
38.40221405029297 33.70491409301758 920.7999877929688 90958.859375 1.068717122077942 23.350000381469727
38.40221405029297 33.70491409301758 920.7999877929688 90957.0390625 1.0687317848205566 23.34000015258789
38.40221405029297 33.70491409301758 920.7999877929688 90962.640625 1.0687615871429443 23.350000381469727
38.40221405029297 33.70491409301758 920.7999877929688 90957.71875 1.0687037706375122 23.350000381469727
38.40221405029297 33.70491409301758 920.5999755859375 90958.046875 1.0687075853347778 23.350000381469727
38.40221405029297 33.70491409301758 920.5999755859375 90957.8828125 1.068705677986145 23.350000381469727
38.40221405029297 33.70491409301758 920.5999755859375 90960.859375 1.0687406063079834 23.350000381469727
38.40221405029297 33.70491409301758 920.5999755859375 90959.53125 1.0687249898910522 23.350000381469727
38.4022102355957 33.704917907714844 920.5999755859375 90963.625 1.0687731504440308 23.350000381469727
38.4022102355957 33.704917907714844 921.2000122070312 90961.4921875 1.068748116493225 23.350000381469727
38.4022102355957 33.704917907714844 921.2000122070312 90962.171875 1.068756103515625 23.350000381469727
38.4022102355957 33.704917907714844 921.2000122070312 90960.6953125 1.0687386989593506 23.350000381469727
38.4022102355957 33.704917907714844 921.2000122070312 90960.7421875 1.0687031745910645 23.360000610351562
38.4022102355957 33.70492172241211 921.2000122070312 90959.21875 1.0687214136123657 23.350000381469727
38.4022102355957 33.70492172241211 921.2999877929688 90960.390625 1.068735122680664 23.350000381469727
38.4022102355957 33.70492172241211 921.2999877929688 90960.3671875 1.068734884262085 23.350000381469727
38.4022102355957 33.70492172241211 921.2999877929688 90961.078125 1.0687071084976196 23.360000610351562
38.4022102355957 33.70492172241211 921.2999877929688 90960.71875 1.0687389373779297 23.350000381469727
38.4022102355957 33.70492172241211 921.4000244140625 90959.90625 1.0687294006347656 23.350000381469727
38.4022102355957 33.70492172241211 921.4000244140625 90961.234375 1.0687090158462524 23.360000610351562
38.4022102355957 33.70492172241211 921.4000244140625 90962.03125 1.0687544345855713 23.350000381469727
38.4022102355957 33.70492172241211 921.4000244140625 90962.859375 1.068764090538025 23.350000381469727
38.4022102355957 33.70492172241211 921.4000244140625 90959.78125 1.0686919689178467 23.360000610351562
38.4022102355957 33.704925537109375 921.4000244140625 90960.53125 1.0687367916107178 23.350000381469727
38.4022102355957 33.704925537109375 921.4000244140625 90964.875 1.0687518119812012 23.360000610351562
38.4022102355957 33.704925537109375 921.4000244140625 90960.7421875 1.0687031745910645 23.360000610351562
38.4022102355957 33.704925537109375 921.4000244140625 90961.5625 1.068712830543518 23.360000610351562
38.4022102355957 33.70492935180664 921.4000244140625 90962.9296875 1.0687289237976074 23.360000610351562
38.4022102355957 33.70492935180664 921.7999877929688 90959.6171875 1.0686899423599243 23.360000610351562
38.4022102355957 33.70492935180664 921.7999877929688 90961.125 1.0687077045440674 23.360000610351562
38.4022102355957 33.70492935180664 921.7999877929688 90963.5859375 1.0687366724014282 23.360000610351562
38.4022102355957 33.70492935180664 921.7999877929688 90961.921875 1.068717122077942 23.360000610351562
38.4022102355957 33.704925537109375 921.7999877929688 90963.9375 1.068740725517273 23.360000610351562
38.4022102355957 33.704925537109375 921.5 90963.75 1.068738579750061 23.360000610351562
38.4022102355957 33.704925537109375 921.5 90960.625 1.0687018632888794 23.360000610351562
38.4022102355957 33.704925537109375 921.5 90963.625 1.0687010288238525 23.3700008392334
38.4022102355957 33.704925537109375 921.5 90961.453125 1.068711519241333 23.360000610351562
38.4022102355957 33.704925537109375 921.5 90961.96875 1.0687175989151 23.360000610351562
38.4022102355957 33.704925537109375 921.5 90961.828125 1.068679928779602 23.3700008392334
38.4022102355957 33.704925537109375 921.5 90965.6015625 1.068724274635315 23.3700008392334
38.4022102355957 33.704925537109375 921.5 90964.78125 1.0687146186828613 23.3700008392334
38.4022102355957 33.704925537109375 921.5 90964.9453125 1.0687165260314941 23.3700008392334
38.4022102355957 33.704925537109375 921.7000122070312 90968.046875 1.068789005279541 23.360000610351562
38.4022102355957 33.704925537109375 921.7000122070312 90963.4453125 1.0687350034713745 23.360000610351562
38.4022102355957 33.704925537109375 921.7000122070312 90963.8203125 1.068703293800354 23.3700008392334
38.4022102355957 33.704925537109375 921.7000122070312 90962.484375 1.0686876773834229 23.3700008392334
38.4022102355957 33.704925537109375 921.7000122070312 90964.96875 1.0687168836593628 23.3700008392334
38.40220642089844 33.70492935180664 922.2000122070312 90966.1171875 1.068730354309082 23.3700008392334
38.40220642089844 33.70492935180664 922.2000122070312 90965.6484375 1.0687248706817627 23.3700008392334
38.40220642089844 33.70492935180664 922.2000122070312 90965.9375 1.0687282085418701 23.3700008392334
38.40220642089844 33.70492935180664 922.2000122070312 90961.7109375 1.0686784982681274 23.3700008392334
38.40220642089844 33.70492935180664 922.2000122070312 90961.5234375 1.0686763525009155 23.3700008392334
38.40220642089844 33.70492935180664 922.2999877929688 90965.6484375 1.0687248706817627 23.3700008392334
38.40220642089844 33.70492935180664 922.2999877929688 90962.34375 1.0686860084533691 23.3700008392334
38.40220642089844 33.70492935180664 922.2999877929688 90962.359375 1.0686861276626587 23.3700008392334
38.40220642089844 33.70492935180664 922.2999877929688 90960.890625 1.0686689615249634 23.3700008392334
38.4022102355957 33.70492172241211 922.2999877929688 90962.203125 1.0686843395233154 23.3700008392334
38.4022102355957 33.70492172241211 921.5999755859375 90962.1796875 1.0686841011047363 23.3700008392334
38.4022102355957 33.70492172241211 921.5999755859375 90962.3671875 1.0686862468719482 23.3700008392334
38.4022102355957 33.70492172241211 921.5999755859375 90961.21875 1.068672776222229 23.3700008392334
38.4022102355957 33.70492172241211 921.5999755859375 90964.3359375 1.068709373474121 23.3700008392334
38.4022102355957 33.70492172241211 921.5999755859375 90962.875 1.0686562061309814 23.3799991607666
38.4022102355957 33.70492172241211 921.5999755859375 90966.0234375 1.0686931610107422 23.3799991607666
38.4022102355957 33.70492172241211 921.5999755859375 90965.015625 1.0686813592910767 23.3799991607666
38.4022102355957 33.70492172241211 921.5999755859375 90963.1875 1.0686959028244019 23.3700008392334
38.4022102355957 33.70492172241211 921.5999755859375 90963.203125 1.068660020828247 23.3799991607666
38.4022102355957 33.704917907714844 921.5999755859375 90962.546875 1.0686523914337158 23.3799991607666
38.4022102355957 33.704917907714844 921.5999755859375 90961.875 1.0686805248260498 23.3700008392334
38.4022102355957 33.704917907714844 921.5999755859375 90964.1953125 1.068671703338623 23.3799991607666
38.4022102355957 33.704917907714844 921.5999755859375 90964.21875 1.0686719417572021 23.3799991607666
38.4022102355957 33.704917907714844 921.5999755859375 90965.5625 1.0686877965927124 23.3799991607666
38.40221405029297 33.70491409301758 921.0999755859375 90963.5859375 1.06866455078125 23.3799991607666
38.40221405029297 33.70491409301758 921.0999755859375 90963.3984375 1.068662405014038 23.3799991607666
38.40221405029297 33.70491409301758 921.0999755859375 90963.421875 1.0686626434326172 23.3799991607666
38.40221405029297 33.70491409301758 921.0999755859375 90964.890625 1.068679928779602 23.3799991607666
38.40221405029297 33.70491409301758 921.0999755859375 90963.234375 1.0686603784561157 23.3799991607666
38.40221405029297 33.70491409301758 921.0999755859375 90961.453125 1.0686395168304443 23.3799991607666
38.40221405029297 33.70491409301758 921.0999755859375 90960.5078125 1.0685923099517822 23.389999389648438
38.40221405029297 33.70491409301758 921.0999755859375 90960.953125 1.0686336755752563 23.3799991607666
38.40221405029297 33.70491409301758 921.0999755859375 90961.1171875 1.0686355829238892 23.3799991607666
38.40221405029297 33.70491027832031 921.0999755859375 90958.65625 1.0686066150665283 23.3799991607666
38.40221405029297 33.70491027832031 920.7000122070312 90960.625 1.0686297416687012 23.3799991607666
38.40221405029297 33.70491027832031 920.7000122070312 90959.9921875 1.0685863494873047 23.389999389648438
38.40221405029297 33.70491027832031 920.7000122070312 90960.4609375 1.0686278343200684 23.3799991607666
38.40221405029297 33.70491027832031 920.7000122070312 90961.609375 1.0686413049697876 23.3799991607666
38.402217864990234 33.70491027832031 920.5999755859375 90963.28125 1.0686249732971191 23.389999389648438
38.402217864990234 33.70491027832031 920.5999755859375 90963.46875 1.068627119064331 23.389999389648438
38.402217864990234 33.70491027832031 920.5999755859375 90962.96875 1.068621277809143 23.389999389648438
38.402217864990234 33.70491027832031 920.5999755859375 90962.953125 1.068621039390564 23.389999389648438
38.402217864990234 33.70491027832031 920.5999755859375 90957.828125 1.0685969591140747 23.3799991607666
38.4022216796875 33.70490646362305 920 90960.34375 1.0685904026031494 23.389999389648438
38.4022216796875 33.70490646362305 920 90963.8125 1.0686311721801758 23.389999389648438
38.4022216796875 33.70490646362305 920 90960.0625 1.068587064743042 23.389999389648438
38.4022216796875 33.70490646362305 920 90960.015625 1.0685865879058838 23.389999389648438
38.4022216796875 33.70490264892578 920 90960.71875 1.0685948133468628 23.389999389648438
38.4022216796875 33.70490264892578 919.5999755859375 90961.046875 1.0685986280441284 23.389999389648438
38.4022216796875 33.70490264892578 919.5999755859375 90957.9296875 1.0685620307922363 23.389999389648438
38.4022216796875 33.70490264892578 919.5999755859375 90961.4921875 1.0686038732528687 23.389999389648438
38.4022216796875 33.70490264892578 919.5999755859375 90962.53125 1.0686161518096924 23.389999389648438
38.402225494384766 33.70490264892578 919.5999755859375 90959.6875 1.0685827732086182 23.389999389648438
38.402225494384766 33.70490264892578 919.0999755859375 90960.2265625 1.0685890913009644 23.389999389648438
38.402225494384766 33.70490264892578 919.0999755859375 90960.859375 1.0685964822769165 23.389999389648438
38.402225494384766 33.70490264892578 919.0999755859375 90965.15625 1.0686469078063965 23.389999389648438
38.402225494384766 33.70490264892578 919.0999755859375 90963.703125 1.0685938596725464 23.399999618530273
38.402225494384766 33.70490264892578 919.0999755859375 90963.046875 1.0685861110687256 23.399999618530273
38.402225494384766 33.70490264892578 919.2999877929688 90964 1.0686333179473877 23.389999389648438
38.402225494384766 33.70490264892578 919.2999877929688 90966.65625 1.0686285495758057 23.399999618530273
38.402225494384766 33.70490264892578 919.2999877929688 90964.1953125 1.0685995817184448 23.399999618530273
38.402225494384766 33.70490264892578 919.2999877929688 90965.859375 1.0686191320419312 23.399999618530273
38.402225494384766 33.70490264892578 919.2999877929688 90964.546875 1.068603754043579 23.399999618530273
38.402225494384766 33.70490264892578 919.2999877929688 90965.0390625 1.068609595298767 23.399999618530273
38.402225494384766 33.70490264892578 919.2999877929688 90964.0546875 1.0685980319976807 23.399999618530273
38.402225494384766 33.70490264892578 919.2999877929688 90964.21875 1.0685999393463135 23.399999618530273
38.402225494384766 33.70490264892578 919.2999877929688 90966.8671875 1.0686310529708862 23.399999618530273
38.4022216796875 33.70490646362305 919.7000122070312 90965.2265625 1.068611741065979 23.399999618530273
38.4022216796875 33.70490646362305 919.7000122070312 90964.2421875 1.0686001777648926 23.399999618530273
38.4022216796875 33.70490646362305 919.7000122070312 90964.21875 1.0685999393463135 23.399999618530273
38.4022216796875 33.70490646362305 919.7000122070312 90962.625 1.068581223487854 23.399999618530273
38.4022216796875 33.70490646362305 919.7000122070312 90963.28125 1.0685888528823853 23.399999618530273
38.4022216796875 33.70490646362305 920 90964.1015625 1.0685985088348389 23.399999618530273
38.4022216796875 33.70490646362305 920 90963.421875 1.068590521812439 23.399999618530273
38.4022216796875 33.70490646362305 920 90963.3984375 1.0685902833938599 23.399999618530273
38.4022216796875 33.70490646362305 920 90966.3984375 1.068625569343567 23.399999618530273
38.402217864990234 33.70491027832031 920 90963.4453125 1.0685908794403076 23.399999618530273
38.402217864990234 33.70491027832031 920.2999877929688 90968.234375 1.0686110258102417 23.40999984741211
38.402217864990234 33.70491027832031 920.2999877929688 90965.2734375 1.0685762166976929 23.40999984741211
38.402217864990234 33.70491027832031 920.2999877929688 90963.421875 1.068590521812439 23.399999618530273
38.402217864990234 33.70491027832031 920.2999877929688 90961.171875 1.0685280561447144 23.40999984741211
38.402217864990234 33.70491409301758 920.2999877929688 90965.4375 1.0685782432556152 23.40999984741211
38.402217864990234 33.70491409301758 920.7000122070312 90966.28125 1.068588137626648 23.40999984741211
38.402217864990234 33.70491409301758 920.7000122070312 90962.15625 1.0685396194458008 23.40999984741211
38.402217864990234 33.70491409301758 920.7000122070312 90962.15625 1.0685396194458008 23.40999984741211
38.40221405029297 33.704917907714844 921.2999877929688 90966.09375 1.0685858726501465 23.40999984741211
38.402217864990234 33.70491409301758 920.7000122070312 90963.796875 1.068558931350708 23.40999984741211
38.40221405029297 33.704917907714844 921.2999877929688 90964.640625 1.0685688257217407 23.40999984741211
38.40221405029297 33.704917907714844 921.2999877929688 90966.28125 1.068588137626648 23.40999984741211
38.40221405029297 33.704917907714844 921.2999877929688 90965.46875 1.0685786008834839 23.40999984741211
38.40221405029297 33.704917907714844 921.2999877929688 90964.6171875 1.0685685873031616 23.40999984741211
38.4022102355957 33.70492172241211 921.5 90964.5 1.068567156791687 23.40999984741211
38.4022102355957 33.70492172241211 921.5 90964.9921875 1.068572998046875 23.40999984741211
38.4022102355957 33.70492172241211 921.5 90965.46875 1.0685786008834839 23.40999984741211
38.4022102355957 33.70492172241211 921.5 90963.6796875 1.0685575008392334 23.40999984741211
38.4022102355957 33.70492172241211 921.5 90965.1875 1.0685752630233765 23.40999984741211
38.4022102355957 33.70492172241211 921.5 90968.3046875 1.0686118602752686 23.40999984741211
38.4022102355957 33.70492172241211 921.5 90966.828125 1.0685945749282837 23.40999984741211
38.4022102355957 33.70492172241211 921.5 90966.515625 1.0685548782348633 23.420000076293945
38.4022102355957 33.70492172241211 921.5 90961.8984375 1.068536639213562 23.40999984741211
38.4022102355957 33.704925537109375 921.5 90964.375 1.068529725074768 23.420000076293945
38.4022102355957 33.704925537109375 921.7999877929688 90966.5 1.0685906410217285 23.40999984741211
38.4022102355957 33.704925537109375 921.7999877929688 90965.34375 1.0685770511627197 23.40999984741211
38.4022102355957 33.704925537109375 921.7999877929688 90963.046875 1.0685501098632812 23.40999984741211
38.4022102355957 33.704925537109375 921.7999877929688 90965.375 1.068541407585144 23.420000076293945
38.4022102355957 33.704925537109375 921.7999877929688 90966.6875 1.068556785583496 23.420000076293945
38.4022102355957 33.704925537109375 921.7999877929688 90967.03125 1.0685608386993408 23.420000076293945
38.4022102355957 33.704925537109375 921.7999877929688 90965.8828125 1.0685473680496216 23.420000076293945
38.4022102355957 33.704925537109375 921.7999877929688 90967.859375 1.068570613861084 23.420000076293945
38.4022102355957 33.704925537109375 921.7999877929688 90964.5703125 1.0685319900512695 23.420000076293945
38.4022102355957 33.704925537109375 921.7999877929688 90968.046875 1.0685367584228516 23.43000030517578
38.4022102355957 33.704925537109375 921.7999877929688 90965.2265625 1.0685397386550903 23.420000076293945
38.4022102355957 33.704925537109375 921.7999877929688 90964.21875 1.0685278177261353 23.420000076293945
38.4022102355957 33.704925537109375 921.7999877929688 90963.109375 1.0684788227081299 23.43000030517578
38.4022102355957 33.704925537109375 921.7999877929688 90966.2109375 1.0685513019561768 23.420000076293945
38.4022102355957 33.704925537109375 921.7999877929688 90965.765625 1.0685099363327026 23.43000030517578
38.4022102355957 33.704925537109375 921.7999877929688 90964.40625 1.0685300827026367 23.420000076293945
38.4022102355957 33.704925537109375 921.7999877929688 90963.421875 1.0685185194015503 23.420000076293945
38.4022102355957 33.704925537109375 921.7999877929688 90963.25 1.068516492843628 23.420000076293945
38.40221405029297 33.704925537109375 921.7999877929688 90963.28125 1.0684808492660522 23.43000030517578
38.40221405029297 33.704925537109375 921.4000244140625 90961.796875 1.0684633255004883 23.43000030517578
38.40221405029297 33.704925537109375 921.4000244140625 90965.8828125 1.0685473680496216 23.420000076293945
38.40221405029297 33.704925537109375 921.4000244140625 90961.796875 1.0684633255004883 23.43000030517578
38.40221405029297 33.704925537109375 921.4000244140625 90963.953125 1.0684887170791626 23.43000030517578
38.40221405029297 33.704925537109375 921.4000244140625 90964.9453125 1.0685003995895386 23.43000030517578
38.40221405029297 33.704925537109375 921.5 90964.8046875 1.0684987306594849 23.43000030517578
38.40221405029297 33.704925537109375 921.5 90963.28125 1.0684808492660522 23.43000030517578
38.40221405029297 33.704925537109375 921.5 90962.34375 1.068469762802124 23.43000030517578
38.40221405029297 33.704925537109375 921.5 90966.828125 1.0684864521026611 23.440000534057617
38.4022102355957 33.704925537109375 922 90963.328125 1.0684813261032104 23.43000030517578
38.4022102355957 33.704925537109375 922 90963.140625 1.0684791803359985 23.43000030517578
38.4022102355957 33.704925537109375 922 90965.6015625 1.0685080289840698 23.43000030517578
38.4022102355957 33.704925537109375 922 90963.515625 1.068483591079712 23.43000030517578
38.4022102355957 33.704925537109375 922 90964.125 1.068490743637085 23.43000030517578
38.4022102355957 33.70492935180664 922.2999877929688 90965.8125 1.0685105323791504 23.43000030517578
38.4022102355957 33.70492935180664 922.2999877929688 90967.671875 1.0684963464736938 23.440000534057617
38.4022102355957 33.70492935180664 922.2999877929688 90965.125 1.068502426147461 23.43000030517578
38.4022102355957 33.70492935180664 922.2999877929688 90966.0234375 1.0684770345687866 23.440000534057617
38.4022102355957 33.70492935180664 922.2999877929688 90963.3984375 1.068446159362793 23.440000534057617
38.4022102355957 33.70492935180664 922.4000244140625 90963.140625 1.0684791803359985 23.43000030517578
38.4022102355957 33.70492935180664 922.4000244140625 90965.8359375 1.0684747695922852 23.440000534057617
38.4022102355957 33.70492935180664 922.4000244140625 90966.375 1.0684810876846313 23.440000534057617
38.4022102355957 33.70492935180664 922.4000244140625 90965.71875 1.0684734582901 23.440000534057617
38.4022102355957 33.70492935180664 922.4000244140625 90965.421875 1.0684698820114136 23.440000534057617
38.4022102355957 33.70492935180664 922.2999877929688 90965.8828125 1.068475365638733 23.440000534057617
38.4022102355957 33.70492935180664 922.2999877929688 90964.265625 1.0684562921524048 23.440000534057617
38.4022102355957 33.70492935180664 922.2999877929688 90961.78125 1.0684272050857544 23.440000534057617
38.4022102355957 33.70492935180664 922.2999877929688 90962.7890625 1.06843900680542 23.440000534057617
38.40220642089844 33.704933166503906 922.2999877929688 90965.4375 1.0684341192245483 23.450000762939453
38.40220642089844 33.704933166503906 922.9000244140625 90961.6640625 1.0683897733688354 23.450000762939453
38.40220642089844 33.704933166503906 922.9000244140625 90961.6640625 1.0683897733688354 23.450000762939453
38.40220642089844 33.704933166503906 922.9000244140625 90962.484375 1.068399429321289 23.450000762939453
38.40220642089844 33.704933166503906 922.9000244140625 90961.828125 1.0683916807174683 23.450000762939453
38.40220642089844 33.704933166503906 922.5999755859375 90965.953125 1.0684400796890259 23.450000762939453
38.40220642089844 33.704933166503906 922.5999755859375 90964.1015625 1.068454384803772 23.440000534057617
38.40220642089844 33.704933166503906 922.5999755859375 90963.7734375 1.0684505701065063 23.440000534057617
38.40220642089844 33.704933166503906 922.5999755859375 90964.4765625 1.068422794342041 23.450000762939453
38.40220642089844 33.704933166503906 922.5999755859375 90964.0078125 1.0684173107147217 23.450000762939453
38.4022102355957 33.70492935180664 922.2999877929688 90965.6484375 1.0684365034103394 23.450000762939453
38.4022102355957 33.70492935180664 922.2999877929688 90966.796875 1.0684500932693481 23.450000762939453
38.4022102355957 33.70492935180664 922.2999877929688 90964.96875 1.0684285163879395 23.450000762939453
38.4022102355957 33.70492935180664 922.2999877929688 90963.6796875 1.0684133768081665 23.450000762939453
38.40220642089844 33.704933166503906 922.2999877929688 90960.3984375 1.0683748722076416 23.450000762939453
38.40220642089844 33.704933166503906 922.7000122070312 90960.890625 1.0683807134628296 23.450000762939453
38.40220642089844 33.704933166503906 922.7000122070312 90961.875 1.068392276763916 23.450000762939453
38.40220642089844 33.704933166503906 922.7000122070312 90962.53125 1.0683999061584473 23.450000762939453
38.40220642089844 33.704933166503906 922.7000122070312 90961.21875 1.0683845281600952 23.450000762939453
38.40220642089844 33.704933166503906 922.7000122070312 90961.7109375 1.0683902502059937 23.450000762939453
38.40220642089844 33.704933166503906 922.5 90964.9921875 1.068428874015808 23.450000762939453
38.40220642089844 33.704933166503906 922.5 90965.484375 1.0684345960617065 23.450000762939453
38.40220642089844 33.704933166503906 922.5 90963.515625 1.0684114694595337 23.450000762939453
38.40220642089844 33.704933166503906 922.5 90967.5 1.0684223175048828 23.459999084472656
38.4022102355957 33.704933166503906 922.2999877929688 90965.5078125 1.0683988332748413 23.459999084472656
38.4022102355957 33.704933166503906 922.2999877929688 90964.515625 1.0683872699737549 23.459999084472656
38.4022102355957 33.704933166503906 922.2999877929688 90962.734375 1.068366289138794 23.459999084472656
38.4022102355957 33.704933166503906 922.2999877929688 90965.2265625 1.0683956146240234 23.459999084472656
38.4022102355957 33.704933166503906 922.2999877929688 90965.6953125 1.0684010982513428 23.459999084472656
38.4022102355957 33.704933166503906 921.9000244140625 90962.765625 1.0683666467666626 23.459999084472656
38.4022102355957 33.704933166503906 921.9000244140625 90966.0234375 1.0684049129486084 23.459999084472656
38.4022102355957 33.704933166503906 921.9000244140625 90963.25 1.068372368812561 23.459999084472656
38.4022102355957 33.704933166503906 921.9000244140625 90964.734375 1.0683897733688354 23.459999084472656
38.40221405029297 33.704933166503906 921.9000244140625 90964.453125 1.0683504343032837 23.469999313354492
38.40221405029297 33.704933166503906 921.7000122070312 90964.921875 1.068392038345337 23.459999084472656
38.40221405029297 33.704933166503906 921.7000122070312 90965.2265625 1.0683956146240234 23.459999084472656
38.40221405029297 33.704933166503906 921.7000122070312 90964.265625 1.0683842897415161 23.459999084472656
38.40221405029297 33.704933166503906 921.7000122070312 90966.890625 1.0684151649475098 23.459999084472656
38.40221405029297 33.704933166503906 921.7000122070312 90967.59375 1.0683873891830444 23.469999313354492
38.40221405029297 33.704933166503906 921.9000244140625 90966.078125 1.0684056282043457 23.459999084472656
38.40221405029297 33.704933166503906 921.9000244140625 90963.7734375 1.0683785676956177 23.459999084472656
38.40221405029297 33.704933166503906 921.9000244140625 90964.78125 1.0683543682098389 23.469999313354492
38.40221405029297 33.704933166503906 921.9000244140625 90962.8125 1.068331241607666 23.469999313354492
38.40221405029297 33.70492935180664 921.9000244140625 90966.921875 1.068379521369934 23.469999313354492
38.40221405029297 33.70492935180664 921.5999755859375 90966.3046875 1.0683722496032715 23.469999313354492
38.40221405029297 33.70492935180664 921.5999755859375 90965.984375 1.0683684349060059 23.469999313354492
38.40221405029297 33.70492935180664 921.5999755859375 90963.9375 1.0683804750442505 23.459999084472656
38.40221405029297 33.70492935180664 921.5999755859375 90962.8359375 1.0683314800262451 23.469999313354492
38.402217864990234 33.70492935180664 921.2000122070312 90963.3046875 1.0683369636535645 23.469999313354492
38.402217864990234 33.70492935180664 921.2000122070312 90964 1.0683451890945435 23.469999313354492
38.402217864990234 33.70492935180664 921.2000122070312 90965.3203125 1.068360686302185 23.469999313354492
38.402217864990234 33.70492935180664 921.2000122070312 90964.171875 1.0683472156524658 23.469999313354492
38.402217864990234 33.70492935180664 921.2000122070312 90964.328125 1.068349003791809 23.469999313354492
38.402217864990234 33.70492935180664 921.4000244140625 90961.0546875 1.0683106184005737 23.469999313354492
38.402217864990234 33.70492935180664 921.4000244140625 90967.453125 1.0683857202529907 23.469999313354492
38.402217864990234 33.70492935180664 921.4000244140625 90966.796875 1.06837797164917 23.469999313354492
38.402217864990234 33.70492935180664 921.4000244140625 90964.5 1.0683510303497314 23.469999313354492
38.402217864990234 33.70492935180664 921.4000244140625 90965.109375 1.0683581829071045 23.469999313354492
38.4022216796875 33.704925537109375 921.0999755859375 90964.3125 1.0683488845825195 23.469999313354492
38.4022216796875 33.704925537109375 920.5 90964.828125 1.068354845046997 23.469999313354492
38.4022216796875 33.704925537109375 920.5 90964.5 1.0683510303497314 23.469999313354492
38.4022216796875 33.704925537109375 920.5 90969.125 1.0683693885803223 23.479999542236328
38.4022216796875 33.704925537109375 920.5 90965.15625 1.0683587789535522 23.469999313354492
38.4022216796875 33.70492935180664 920.5999755859375 90967.6171875 1.0683876276016235 23.469999313354492
38.4022216796875 33.70492935180664 920.5999755859375 90965.015625 1.0683211088180542 23.479999542236328
38.4022216796875 33.70492935180664 920.5999755859375 90961.890625 1.0682843923568726 23.479999542236328
38.4022216796875 33.70492935180664 920.5999755859375 90966.546875 1.0683391094207764 23.479999542236328
38.4022216796875 33.70492935180664 920.5999755859375 90966.328125 1.0683364868164062 23.479999542236328
38.4022216796875 33.704925537109375 920.4000244140625 90966.375 1.068337082862854 23.479999542236328
38.4022216796875 33.704925537109375 920.4000244140625 90964.6640625 1.0683529376983643 23.469999313354492
38.4022216796875 33.704925537109375 920.4000244140625 90969.46875 1.0683733224868774 23.479999542236328
38.4022216796875 33.704925537109375 920.4000244140625 90967.0078125 1.0683444738388062 23.479999542236328
38.4022216796875 33.704925537109375 920.4000244140625 90966.2109375 1.0683350563049316 23.479999542236328
38.402225494384766 33.704925537109375 920.0999755859375 90968.328125 1.0683599710464478 23.479999542236328
38.402225494384766 33.704925537109375 920.0999755859375 90968.671875 1.0683640241622925 23.479999542236328
38.402225494384766 33.704925537109375 920.0999755859375 90966.890625 1.0683430433273315 23.479999542236328
38.402225494384766 33.704925537109375 920.0999755859375 90970.3203125 1.0683833360671997 23.479999542236328
38.40222930908203 33.70492172241211 920.0999755859375 90967.875 1.068354606628418 23.479999542236328
38.40222930908203 33.70492172241211 919.5999755859375 90966.7265625 1.0683411359786987 23.479999542236328
38.40222930908203 33.70492172241211 919.5999755859375 90967.578125 1.0683151483535767 23.489999771118164
38.40222930908203 33.70492172241211 919.5999755859375 90965.0859375 1.068321943283081 23.479999542236328
38.40222930908203 33.70492172241211 919.5999755859375 90967.40625 1.0683131217956543 23.489999771118164
38.40222930908203 33.70492172241211 919.5999755859375 90968.890625 1.0683305263519287 23.489999771118164
38.40222930908203 33.70492172241211 919.5 90970.1796875 1.068381667137146 23.479999542236328
38.40222930908203 33.70492172241211 919.5 90969.546875 1.0683382749557495 23.489999771118164
38.40222930908203 33.70492172241211 919.5 90966.421875 1.0683015584945679 23.489999771118164
38.40222930908203 33.70492172241211 919.5 90966.609375 1.0683038234710693 23.489999771118164
38.40222930908203 33.704925537109375 919.5 90966.609375 1.0683038234710693 23.489999771118164
38.40222930908203 33.704925537109375 919.5 90966.09375 1.0682977437973022 23.489999771118164
38.40222930908203 33.704925537109375 919.5 90968.09375 1.0683212280273438 23.489999771118164
38.40222930908203 33.704925537109375 919.5 90969.265625 1.068334937095642 23.489999771118164
38.40222930908203 33.704925537109375 919.5 90964.828125 1.0682828426361084 23.489999771118164
38.40222930908203 33.704925537109375 919.7000122070312 90965.625 1.068292260169983 23.489999771118164
38.40222930908203 33.704925537109375 919.7000122070312 90966.140625 1.0682982206344604 23.489999771118164
38.40222930908203 33.704925537109375 919.7000122070312 90966.140625 1.0682982206344604 23.489999771118164
38.40222930908203 33.70492935180664 919.7000122070312 90965.8125 1.0682944059371948 23.489999771118164
38.40222930908203 33.704925537109375 919.7000122070312 90967.125 1.0683097839355469 23.489999771118164
38.40222930908203 33.70492935180664 919.9000244140625 90967.125 1.0683097839355469 23.489999771118164
38.40222930908203 33.70492935180664 919.9000244140625 90967.125 1.0683097839355469 23.489999771118164
38.40222930908203 33.70492935180664 919.9000244140625 90965.984375 1.0682964324951172 23.489999771118164
38.40222930908203 33.70492935180664 919.9000244140625 90965.8125 1.0682944059371948 23.489999771118164
38.40222930908203 33.70492935180664 919.9000244140625 90963.3515625 1.0682655572891235 23.489999771118164
38.40222930908203 33.70492935180664 919.9000244140625 90961.703125 1.0682461261749268 23.489999771118164
38.40222930908203 33.70492935180664 919.9000244140625 90960.890625 1.0682365894317627 23.489999771118164
38.40222930908203 33.70492935180664 919.9000244140625 90960.71875 1.0682345628738403 23.489999771118164
38.40222930908203 33.70492935180664 919.9000244140625 90963.671875 1.0682692527770996 23.489999771118164
38.40222930908203 33.70492935180664 919.9000244140625 90960.234375 1.0682289600372314 23.489999771118164
38.40222930908203 33.70492935180664 920.0999755859375 90962.546875 1.0682200193405151 23.5
38.40222930908203 33.70492935180664 920.0999755859375 90962.71875 1.0682220458984375 23.5
38.40222930908203 33.70492935180664 920.0999755859375 90959.8984375 1.0682249069213867 23.489999771118164
38.40222930908203 33.70492935180664 920.0999755859375 90962.078125 1.0682145357131958 23.5
38.40222930908203 33.704933166503906 920.2000122070312 90960.390625 1.0682307481765747 23.489999771118164
38.40222930908203 33.704933166503906 920.2000122070312 90960.421875 1.068195104598999 23.5
38.40222930908203 33.704933166503906 920.2000122070312 90961.40625 1.0682066679000854 23.5
38.40222930908203 33.704933166503906 920.2000122070312 90963.375 1.0682297945022583 23.5
38.40222930908203 33.704933166503906 920.2000122070312 90965.671875 1.0682567358016968 23.5
38.402225494384766 33.704933166503906 920.5 90966.046875 1.0682611465454102 23.5
38.402225494384766 33.704933166503906 920.5 90964.7109375 1.0682454109191895 23.5
38.402225494384766 33.704933166503906 920.5 90965.8828125 1.0682592391967773 23.5
38.402225494384766 33.704933166503906 920.5 90965.390625 1.0682533979415894 23.5
38.40222930908203 33.704933166503906 920.5 90964.5703125 1.0682438611984253 23.5
38.40222930908203 33.704933166503906 920.2000122070312 90965.71875 1.0682573318481445 23.5
38.40222930908203 33.704933166503906 920.2000122070312 90962.25 1.0682165622711182 23.5
38.40222930908203 33.704933166503906 920.2000122070312 90964.7109375 1.0682454109191895 23.5
38.40222930908203 33.704933166503906 920.2000122070312 90966.8671875 1.0682708024978638 23.5
38.40222930908203 33.704933166503906 920.2000122070312 90964.875 1.0682474374771118 23.5
38.40222930908203 33.704933166503906 920.5999755859375 90964.9453125 1.0682121515274048 23.510000228881836
38.40222930908203 33.704933166503906 920.5999755859375 90967.2421875 1.0682392120361328 23.510000228881836
38.40222930908203 33.704933166503906 920.5999755859375 90968.015625 1.068284273147583 23.5
38.40222930908203 33.704933166503906 920.5999755859375 90964.875 1.0682474374771118 23.5
38.40222930908203 33.70493698120117 920.4000244140625 90964.2890625 1.0682045221328735 23.510000228881836
38.40222930908203 33.70493698120117 920.4000244140625 90964.453125 1.0682064294815063 23.510000228881836
38.40222930908203 33.70493698120117 920.4000244140625 90965.2734375 1.06821608543396 23.510000228881836
38.40222930908203 33.70493698120117 920.4000244140625 90968.09375 1.068249225616455 23.510000228881836
38.40222930908203 33.70493698120117 920.4000244140625 90967.265625 1.068239450454712 23.510000228881836
38.4022331237793 33.70492935180664 919.5 90967.765625 1.0682452917099 23.510000228881836
38.4022331237793 33.70492935180664 919.5 90963.1640625 1.0681912899017334 23.510000228881836
38.4022331237793 33.70492935180664 919.5 90964.453125 1.0682064294815063 23.510000228881836
38.4022331237793 33.70492935180664 919.5 90964.6171875 1.0682083368301392 23.510000228881836
38.4022331237793 33.70492935180664 919.5 90963.515625 1.0681954622268677 23.510000228881836
38.4022331237793 33.70492935180664 919.4000244140625 90963.984375 1.068200945854187 23.510000228881836
38.4022331237793 33.70492935180664 919.4000244140625 90966.7734375 1.0682337284088135 23.510000228881836
38.4022331237793 33.70492935180664 919.4000244140625 90965.84375 1.0682227611541748 23.510000228881836
38.4022331237793 33.70492935180664 919.4000244140625 90964.640625 1.0682085752487183 23.510000228881836
38.40223693847656 33.70492935180664 919.4000244140625 90965.8125 1.0682224035263062 23.510000228881836
38.40223693847656 33.70492935180664 918.9000244140625 90967.640625 1.0682438611984253 23.510000228881836
38.40223693847656 33.70492935180664 918.9000244140625 90968.15625 1.068213939666748 23.520000457763672
38.40223693847656 33.70492935180664 918.9000244140625 90967.828125 1.0682100057601929 23.520000457763672
38.40223693847656 33.704933166503906 918.9000244140625 90966.703125 1.0681968927383423 23.520000457763672
38.40223693847656 33.70492935180664 918.9000244140625 90965.3671875 1.0681811571121216 23.520000457763672
38.40223693847656 33.704933166503906 919.0999755859375 90965.390625 1.0681813955307007 23.520000457763672
38.40223693847656 33.704933166503906 919.0999755859375 90968.9609375 1.068259358406067 23.510000228881836
38.40223693847656 33.704933166503906 919.0999755859375 90968.375 1.0682164430618286 23.520000457763672
38.40223693847656 33.704933166503906 919.0999755859375 90965.390625 1.0681813955307007 23.520000457763672
38.4022331237793 33.704933166503906 919.2000122070312 90968.203125 1.0682144165039062 23.520000457763672
38.4022331237793 33.704933166503906 919.2000122070312 90969.96875 1.068235158920288 23.520000457763672
38.4022331237793 33.704933166503906 919.2000122070312 90971.3125 1.0682510137557983 23.520000457763672
38.4022331237793 33.704933166503906 919.2000122070312 90968.6796875 1.0682200193405151 23.520000457763672
38.4022331237793 33.704933166503906 919.2000122070312 90967.0390625 1.0682008266448975 23.520000457763672
38.4022331237793 33.70493698120117 919.4000244140625 90970.84375 1.0682454109191895 23.520000457763672
38.4022331237793 33.70493698120117 919.4000244140625 90963.421875 1.0681582689285278 23.520000457763672
38.4022331237793 33.70493698120117 919.4000244140625 90967.171875 1.0682023763656616 23.520000457763672
38.4022331237793 33.70493698120117 919.4000244140625 90969.359375 1.068228006362915 23.520000457763672
38.40222930908203 33.70493698120117 919.4000244140625 90967.5546875 1.068206787109375 23.520000457763672
38.40222930908203 33.70493698120117 919.4000244140625 90968.8671875 1.0682222843170166 23.520000457763672
38.40222930908203 33.70493698120117 919.4000244140625 90969.6875 1.0682319402694702 23.520000457763672
38.40222930908203 33.70493698120117 919.4000244140625 90968.046875 1.068212628364563 23.520000457763672
38.40222930908203 33.70493698120117 919.4000244140625 90969.1953125 1.0682260990142822 23.520000457763672
38.40222930908203 33.70494079589844 919.4000244140625 90966.234375 1.0681912899017334 23.520000457763672
38.40222930908203 33.70494079589844 919.4000244140625 90966.890625 1.0681990385055542 23.520000457763672
38.40222930908203 33.70494079589844 919.4000244140625 90966.703125 1.0681968927383423 23.520000457763672
38.40222930908203 33.70494079589844 919.4000244140625 90965.25 1.068179726600647 23.520000457763672
38.40222930908203 33.70494079589844 919.4000244140625 90966.921875 1.0681633949279785 23.530000686645508
38.402225494384766 33.7049446105957 919.4000244140625 90967.890625 1.0681748390197754 23.530000686645508
38.402225494384766 33.7049446105957 919.5 90965.6015625 1.068147897720337 23.530000686645508
38.402225494384766 33.7049446105957 919.5 90965.6015625 1.068147897720337 23.530000686645508
38.402225494384766 33.7049446105957 919.5 90962.7890625 1.0681508779525757 23.520000457763672
38.402225494384766 33.7049446105957 919.5 90965.265625 1.0681439638137817 23.530000686645508
38.402225494384766 33.7049446105957 919.4000244140625 90965.4375 1.068145990371704 23.530000686645508
38.402225494384766 33.7049446105957 919.4000244140625 90965.25 1.068179726600647 23.520000457763672
38.402225494384766 33.7049446105957 919.4000244140625 90966.421875 1.0681575536727905 23.530000686645508
38.402225494384766 33.7049446105957 919.4000244140625 90967.40625 1.068169116973877 23.530000686645508
38.402225494384766 33.7049446105957 919.4000244140625 90967.2421875 1.0682032108306885 23.520000457763672
38.402225494384766 33.70494842529297 919.5999755859375 90966.9140625 1.068163275718689 23.530000686645508
38.402225494384766 33.70494842529297 919.5999755859375 90966.75 1.0681613683700562 23.530000686645508
38.402225494384766 33.70494842529297 919.5999755859375 90967.5703125 1.0681710243225098 23.530000686645508
38.402225494384766 33.70494842529297 919.5999755859375 90965.7890625 1.0681501626968384 23.530000686645508
38.4022216796875 33.70494842529297 919.5999755859375 90966.75 1.0681613683700562 23.530000686645508
38.4022216796875 33.70494842529297 919.7999877929688 90966.9609375 1.0681638717651367 23.530000686645508
38.4022216796875 33.70494842529297 919.7999877929688 90964.640625 1.0681365728378296 23.530000686645508
38.4022216796875 33.70494842529297 919.7999877929688 90966.796875 1.068161964416504 23.530000686645508
38.4022216796875 33.70494842529297 919.7999877929688 90964.21875 1.0680956840515137 23.540000915527344
38.4022216796875 33.70494842529297 919.7999877929688 90966.3046875 1.068156123161316 23.530000686645508
38.4022216796875 33.70494842529297 919.9000244140625 90967.8046875 1.068137764930725 23.540000915527344
38.4022216796875 33.70494842529297 919.9000244140625 90965.8125 1.0681504011154175 23.530000686645508
38.4022216796875 33.70494842529297 919.9000244140625 90967.125 1.0681657791137695 23.530000686645508
38.4022216796875 33.70494842529297 919.9000244140625 90968.8125 1.0681495666503906 23.540000915527344
38.4022216796875 33.70494842529297 920.2000122070312 90968.484375 1.068145751953125 23.540000915527344
38.4022216796875 33.70494842529297 920.2000122070312 90967.140625 1.0681300163269043 23.540000915527344
38.4022216796875 33.70494842529297 920.2000122070312 90968.1328125 1.0681415796279907 23.540000915527344
38.4022216796875 33.70494842529297 920.2000122070312 90965.484375 1.0681464672088623 23.530000686645508
38.4022216796875 33.70494842529297 920.2000122070312 90965.96875 1.0681521892547607 23.530000686645508
38.4022216796875 33.704952239990234 920.2000122070312 90967.5 1.0681341886520386 23.540000915527344
38.4022216796875 33.704952239990234 920.2000122070312 90964.359375 1.0680973529815674 23.540000915527344
38.4022216796875 33.704952239990234 920.2000122070312 90967.03125 1.0681287050247192 23.540000915527344
38.4022216796875 33.704952239990234 920.2000122070312 90963.390625 1.0680859088897705 23.540000915527344
38.4022216796875 33.704952239990234 920.2000122070312 90965.53125 1.0681110620498657 23.540000915527344
38.4022216796875 33.7049560546875 919.7000122070312 90959.59375 1.0680413246154785 23.540000915527344
38.4022216796875 33.7049560546875 919.7000122070312 90962.40625 1.068074345588684 23.540000915527344
38.4022216796875 33.7049560546875 919.7000122070312 90963.09375 1.0680824518203735 23.540000915527344
38.4022216796875 33.7049560546875 919.7000122070312 90964.8046875 1.0680665969848633 23.549999237060547
38.4022216796875 33.704952239990234 919.7000122070312 90963.28125 1.0680845975875854 23.540000915527344
38.4022216796875 33.704952239990234 919.7999877929688 90964.734375 1.0681017637252808 23.540000915527344
38.4022216796875 33.704952239990234 919.7999877929688 90961.78125 1.0680670738220215 23.540000915527344
38.4022216796875 33.704952239990234 919.7999877929688 90959.828125 1.0680440664291382 23.540000915527344
38.4022216796875 33.704952239990234 919.7999877929688 90960.8359375 1.068019986152649 23.549999237060547
38.4022216796875 33.7049560546875 919.7999877929688 90961 1.0680218935012817 23.549999237060547
38.4022216796875 33.7049560546875 919.2999877929688 90960.0390625 1.0680105686187744 23.549999237060547
38.4022216796875 33.7049560546875 919.2999877929688 90960.671875 1.0680180788040161 23.549999237060547
38.4022216796875 33.7049560546875 919.2999877929688 90960.203125 1.0680124759674072 23.549999237060547
38.4022216796875 33.7049560546875 919.2999877929688 90959.5703125 1.068005084991455 23.549999237060547
38.4022216796875 33.704952239990234 919.7000122070312 90959.59375 1.0680053234100342 23.549999237060547
38.4022216796875 33.704952239990234 919.7000122070312 90955.578125 1.0679582357406616 23.549999237060547
38.4022216796875 33.704952239990234 919.7000122070312 90958.09375 1.0679877996444702 23.549999237060547
38.4022216796875 33.704952239990234 919.7000122070312 90961.03125 1.0680222511291504 23.549999237060547
38.4022216796875 33.704952239990234 919.7000122070312 90959.0546875 1.067999005317688 23.549999237060547
38.4022216796875 33.7049560546875 919.2000122070312 90962.359375 1.0680378675460815 23.549999237060547
38.4022216796875 33.7049560546875 919.2000122070312 90958.3984375 1.0679913759231567 23.549999237060547
38.4022216796875 33.7049560546875 919.2000122070312 90961.40625 1.0680266618728638 23.549999237060547
38.4022216796875 33.7049560546875 919.2000122070312 90961.546875 1.0680283308029175 23.549999237060547
38.4022216796875 33.7049560546875 919.2000122070312 90960.5546875 1.0680166482925415 23.549999237060547
38.4022216796875 33.7049560546875 919 90961.046875 1.06802237033844 23.549999237060547
38.4022216796875 33.7049560546875 919 90956.09375 1.0679643154144287 23.549999237060547
38.4022216796875 33.7049560546875 919 90959.90625 1.0680090188980103 23.549999237060547
38.4022216796875 33.7049560546875 919 90959.921875 1.0680092573165894 23.549999237060547
38.4022216796875 33.704952239990234 919 90959.5703125 1.068005084991455 23.549999237060547
38.4022216796875 33.704952239990234 919 90960.421875 1.0680150985717773 23.549999237060547
38.4022216796875 33.704952239990234 919 90956.171875 1.0679291486740112 23.559999465942383
38.4022216796875 33.704952239990234 919 90961.453125 1.0679912567138672 23.559999465942383
38.4022216796875 33.704952239990234 919 90961.59375 1.0679928064346313 23.559999465942383
38.402225494384766 33.70494842529297 919 90963.3984375 1.0680140256881714 23.559999465942383
38.402225494384766 33.70494842529297 919.2999877929688 90960.578125 1.0680168867111206 23.549999237060547
38.402225494384766 33.70494842529297 919.2999877929688 90956.96875 1.06797456741333 23.549999237060547
38.402225494384766 33.70494842529297 919.2999877929688 90962.2734375 1.0680007934570312 23.559999465942383
38.402225494384766 33.70494842529297 919.2999877929688 90965.578125 1.0680396556854248 23.559999465942383
38.4022216796875 33.704952239990234 919.2000122070312 90965.7421875 1.0680415630340576 23.559999465942383
38.4022216796875 33.704952239990234 919.2000122070312 90965.578125 1.0680396556854248 23.559999465942383
38.4022216796875 33.704952239990234 919.2000122070312 90966.734375 1.0680532455444336 23.559999465942383
38.4022216796875 33.704952239990234 919.2000122070312 90967.359375 1.0680605173110962 23.559999465942383
38.4022216796875 33.704952239990234 919.2000122070312 90965.421875 1.068037748336792 23.559999465942383
38.4022216796875 33.704952239990234 919.2000122070312 90963.9375 1.0680203437805176 23.559999465942383
38.4022216796875 33.704952239990234 919.2000122070312 90962.7890625 1.0680068731307983 23.559999465942383
38.4022216796875 33.704952239990234 919.2000122070312 90964.875 1.0680314302444458 23.559999465942383
38.4022216796875 33.704952239990234 919.2000122070312 90961.28125 1.0679892301559448 23.559999465942383
38.4022216796875 33.7049446105957 919.2000122070312 90963.765625 1.0680183172225952 23.559999465942383
38.4022216796875 33.7049446105957 919.7999877929688 90969.046875 1.0680443048477173 23.56999969482422
38.4022216796875 33.7049446105957 919.7999877929688 90965.578125 1.0680396556854248 23.559999465942383
38.4022216796875 33.7049446105957 919.7999877929688 90963.609375 1.068016529083252 23.559999465942383
38.4022216796875 33.7049446105957 919.7999877929688 90968.859375 1.0680781602859497 23.559999465942383
38.402225494384766 33.70494079589844 919.7999877929688 90964.78125 1.067994236946106 23.56999969482422
38.402225494384766 33.70494079589844 920 90966.390625 1.0680491924285889 23.559999465942383
38.402225494384766 33.70494079589844 920 90964.09375 1.0680222511291504 23.559999465942383
38.402225494384766 33.70494079589844 920 90964.8046875 1.0679945945739746 23.56999969482422
38.402225494384766 33.70494079589844 920 90961.9609375 1.0679972171783447 23.559999465942383
38.402225494384766 33.7049446105957 919.5999755859375 90964.3125 1.0679887533187866 23.56999969482422
38.402225494384766 33.7049446105957 919.5999755859375 90965.265625 1.0679999589920044 23.56999969482422
38.402225494384766 33.7049446105957 919.5999755859375 90961 1.067949891090393 23.56999969482422
38.402225494384766 33.7049446105957 919.5999755859375 90963.984375 1.067984938621521 23.56999969482422
38.402225494384766 33.7049446105957 919.5999755859375 90961.1640625 1.0679517984390259 23.56999969482422
38.402225494384766 33.70494079589844 919.2000122070312 90965.25 1.0680357217788696 23.559999465942383
38.402225494384766 33.70494079589844 919.2000122070312 90961.0234375 1.0679501295089722 23.56999969482422
38.402225494384766 33.70494079589844 919.2000122070312 90961.546875 1.0679563283920288 23.56999969482422
38.402225494384766 33.70494079589844 919.2000122070312 90963.671875 1.067981243133545 23.56999969482422
38.402225494384766 33.70494079589844 919.2000122070312 90964.140625 1.0679867267608643 23.56999969482422
38.402225494384766 33.70494079589844 919.9000244140625 90959.5234375 1.0679326057434082 23.56999969482422
38.402225494384766 33.70494079589844 919.9000244140625 90962.6875 1.0679696798324585 23.56999969482422
38.402225494384766 33.70494079589844 919.9000244140625 90963.46875 1.067978858947754 23.56999969482422
38.402225494384766 33.70494079589844 919.9000244140625 90960.0625 1.0679389238357544 23.56999969482422
38.402225494384766 33.70494079589844 919.9000244140625 90962.03125 1.0679620504379272 23.56999969482422
38.402225494384766 33.70494079589844 919.7999877929688 90963.328125 1.0679771900177002 23.56999969482422
38.402225494384766 33.70494079589844 919.7999877929688 90967.2890625 1.068023681640625 23.56999969482422
38.402225494384766 33.70494079589844 919.7999877929688 90965.953125 1.0680080652236938 23.56999969482422
38.402225494384766 33.70494079589844 919.7999877929688 90963.3671875 1.067941665649414 23.579999923706055
38.402225494384766 33.70494079589844 919.7999877929688 90964.171875 1.067987084388733 23.56999969482422
38.402225494384766 33.70494079589844 920.2000122070312 90965.484375 1.0680025815963745 23.56999969482422
38.402225494384766 33.70494079589844 920.2000122070312 90963.015625 1.0679734945297241 23.56999969482422
38.402225494384766 33.70494079589844 920.2000122070312 90966.796875 1.0680179595947266 23.56999969482422
38.402225494384766 33.70494079589844 920.2000122070312 90966.484375 1.0679782629013062 23.579999923706055
38.402225494384766 33.7049446105957 919.0999755859375 90964.3515625 1.0679532289505005 23.579999923706055
38.402225494384766 33.7049446105957 919.0999755859375 90965.3203125 1.0680005550384521 23.56999969482422
38.402225494384766 33.7049446105957 919.0999755859375 90961.203125 1.067952275276184 23.56999969482422
38.402225494384766 33.7049446105957 919.0999755859375 90960.90625 1.0679128170013428 23.579999923706055
38.402225494384766 33.7049446105957 919.0999755859375 90966.5390625 1.0679789781570435 23.579999923706055
38.402225494384766 33.70494842529297 919.0999755859375 90966 1.0679725408554077 23.579999923706055
38.402225494384766 33.70494842529297 919.0999755859375 90966.65625 1.0679802894592285 23.579999923706055
38.402225494384766 33.70494842529297 919.0999755859375 90963.0859375 1.0679383277893066 23.579999923706055
38.402225494384766 33.70494842529297 919.0999755859375 90966.703125 1.0679808855056763 23.579999923706055
38.402225494384766 33.704952239990234 919.0999755859375 90964.375 1.0679534673690796 23.579999923706055
38.402225494384766 33.704952239990234 919.2000122070312 90962.375 1.067929983139038 23.579999923706055
38.402225494384766 33.704952239990234 919.2000122070312 90964.5625 1.067955732345581 23.579999923706055
38.402225494384766 33.704952239990234 919.2000122070312 90967.1953125 1.0679866075515747 23.579999923706055
38.402225494384766 33.704952239990234 919.2000122070312 90966.71875 1.0679810047149658 23.579999923706055
38.402225494384766 33.70494842529297 919.2000122070312 90966.703125 1.0679808855056763 23.579999923706055
38.402225494384766 33.70494842529297 919 90967.078125 1.0679492950439453 23.59000015258789
38.402225494384766 33.70494842529297 919 90965.21875 1.0679634809494019 23.579999923706055
38.402225494384766 33.70494842529297 919 90963.28125 1.0679407119750977 23.579999923706055
38.402225494384766 33.70494842529297 919 90965.0625 1.067961573600769 23.579999923706055
38.402225494384766 33.7049446105957 919 90958.34375 1.0678826570510864 23.579999923706055
38.402225494384766 33.7049446105957 919.7000122070312 90961.9609375 1.067925214767456 23.579999923706055
38.402225494384766 33.7049446105957 919.7000122070312 90960.34375 1.0678702592849731 23.59000015258789
38.402225494384766 33.7049446105957 919.7000122070312 90962.2890625 1.0679290294647217 23.579999923706055
38.40220642089844 33.70487976074219 921.0999755859375 90966.2890625 1.06729257106781 23.770000457763672
38.40220642089844 33.70487976074219 920.5999755859375 90963.984375 1.067265510559082 23.770000457763672
38.40220642089844 33.70487976074219 920.5999755859375 90963.984375 1.067265510559082 23.770000457763672
38.40220642089844 33.70487976074219 920.5999755859375 90963.3125 1.0672576427459717 23.770000457763672
38.40220642089844 33.70487976074219 920.5999755859375 90965.3046875 1.0672810077667236 23.770000457763672
38.40220642089844 33.70487976074219 920.2999877929688 90968.2578125 1.067315697669983 23.770000457763672
38.40220642089844 33.70487976074219 920.2999877929688 90959.6875 1.067215085029602 23.770000457763672
38.40220642089844 33.70487976074219 920.2999877929688 90961.5234375 1.0672366619110107 23.770000457763672
38.40220642089844 33.70487976074219 920.2999877929688 90966.609375 1.0672963857650757 23.770000457763672
38.40220642089844 33.70487976074219 920.2999877929688 90964.3359375 1.067233681678772 23.780000686645508
38.4022102355957 33.70487594604492 919.5999755859375 90965.6484375 1.0672491788864136 23.780000686645508
38.4022102355957 33.70487594604492 919.5999755859375 90965.8125 1.0672510862350464 23.780000686645508
38.4022102355957 33.70487594604492 919.5999755859375 90964.4765625 1.06727135181427 23.770000457763672
38.4022102355957 33.70487594604492 919.5999755859375 90965.1875 1.0672436952590942 23.780000686645508
38.4022102355957 33.70487594604492 919.5999755859375 90965.8125 1.0672510862350464 23.780000686645508
38.4022102355957 33.70487594604492 919.5 90963.5390625 1.067224383354187 23.780000686645508
38.4022102355957 33.70487594604492 919.5 90966.3125 1.0672569274902344 23.780000686645508
38.4022102355957 33.70487594604492 919.5 90965.984375 1.0672531127929688 23.780000686645508
38.4022102355957 33.70487594604492 919.5 90965.15625 1.0672433376312256 23.780000686645508
38.4022102355957 33.70487594604492 919.5 90968.3046875 1.0672802925109863 23.780000686645508
38.4022102355957 33.70487594604492 919.2999877929688 90967.8125 1.067274570465088 23.780000686645508
38.4022102355957 33.70487594604492 919.2999877929688 90965.484375 1.0672471523284912 23.780000686645508
38.4022102355957 33.70487594604492 919.2999877929688 90965.328125 1.067245364189148 23.780000686645508
38.4022102355957 33.70487594604492 919.2999877929688 90966.828125 1.0672630071640015 23.780000686645508
38.40221405029297 33.704872131347656 919.2999877929688 90966.1875 1.0672554969787598 23.780000686645508
38.40221405029297 33.704872131347656 918.7000122070312 90961.1875 1.0672327280044556 23.770000457763672
38.40221405029297 33.704872131347656 918.7000122070312 90965.0390625 1.0672420263290405 23.780000686645508
38.40221405029297 33.704872131347656 918.7000122070312 90965.34375 1.067245602607727 23.780000686645508
38.40221405029297 33.704872131347656 918.7000122070312 90963.703125 1.0672262907028198 23.780000686645508
38.402217864990234 33.704872131347656 918.5 90962.21875 1.0672088861465454 23.780000686645508
38.402217864990234 33.704872131347656 918.5 90961.5625 1.0672011375427246 23.780000686645508
38.402217864990234 33.704872131347656 918.5 90962.734375 1.0672149658203125 23.780000686645508
38.402217864990234 33.704872131347656 918.5 90964.515625 1.0672358274459839 23.780000686645508
38.402217864990234 33.704872131347656 918.5 90967.0078125 1.0672650337219238 23.780000686645508
38.40221405029297 33.704872131347656 918.7999877929688 90967.203125 1.0672314167022705 23.790000915527344
38.40221405029297 33.704872131347656 918.7999877929688 90967.03125 1.0672293901443481 23.790000915527344
38.40221405029297 33.704872131347656 918.7999877929688 90965.0390625 1.0672420263290405 23.780000686645508
38.40221405029297 33.704872131347656 918.7999877929688 90968.515625 1.0672467947006226 23.790000915527344
38.4022102355957 33.70487976074219 918.7999877929688 90966.0703125 1.0672181844711304 23.790000915527344
38.4022102355957 33.70487976074219 919.7999877929688 90966.09375 1.0672184228897095 23.790000915527344
38.4022102355957 33.70487976074219 919.7999877929688 90963.703125 1.0672262907028198 23.780000686645508
38.4022102355957 33.70487976074219 919.7999877929688 90965.0625 1.0672062635421753 23.790000915527344
38.4022102355957 33.70487976074219 919.7999877929688 90967.546875 1.0672354698181152 23.790000915527344
38.4022102355957 33.70487594604492 919.7999877929688 90966.7265625 1.0672258138656616 23.790000915527344
38.4022102355957 33.70487594604492 919.5 90968.203125 1.0672430992126465 23.790000915527344
38.4022102355957 33.70487594604492 919.5 90968.375 1.0672451257705688 23.790000915527344
38.4022102355957 33.70487594604492 919.5 90968.203125 1.0672430992126465 23.790000915527344
38.4022102355957 33.70487594604492 919.5 90967.71875 1.0672374963760376 23.790000915527344
38.40220642089844 33.70487976074219 920 90966.703125 1.0672255754470825 23.790000915527344
38.40220642089844 33.70487976074219 920 90963.9375 1.0671931505203247 23.790000915527344
38.40220642089844 33.70487976074219 920 90962.484375 1.067176103591919 23.790000915527344
38.40220642089844 33.70487976074219 920 90967.265625 1.0672321319580078 23.790000915527344
38.40220642089844 33.70487976074219 920 90969.921875 1.0672273635864258 23.799999237060547
38.40220260620117 33.70488357543945 920.5 90966.7734375 1.0672264099121094 23.790000915527344
38.40220260620117 33.70488357543945 920.5 90965.296875 1.067209005355835 23.790000915527344
38.40220260620117 33.70488357543945 920.5 90964.140625 1.0671955347061157 23.790000915527344
38.40220260620117 33.70488357543945 920.5 90962.359375 1.067138671875 23.799999237060547
38.402198791503906 33.70488739013672 920.9000244140625 90967.4375 1.0672341585159302 23.790000915527344
38.402198791503906 33.70488739013672 920.5 90964.2890625 1.0671972036361694 23.790000915527344
38.402198791503906 33.70488739013672 920.9000244140625 90968.609375 1.0672119855880737 23.799999237060547
38.402198791503906 33.70488739013672 920.9000244140625 90964.6640625 1.067165732383728 23.799999237060547
38.402198791503906 33.70488739013672 920.9000244140625 90967.125 1.0671945810317993 23.799999237060547
38.402198791503906 33.70488739013672 920.9000244140625 90969.59375 1.0672235488891602 23.799999237060547
38.402198791503906 33.70488739013672 921.4000244140625 90965.3203125 1.0671733617782593 23.799999237060547
38.402198791503906 33.70488739013672 921.4000244140625 90967.296875 1.0671966075897217 23.799999237060547
38.402198791503906 33.70488739013672 921.4000244140625 90964.828125 1.0671676397323608 23.799999237060547
38.402198791503906 33.70488739013672 921.4000244140625 90968.328125 1.0672086477279663 23.799999237060547
38.402198791503906 33.70488739013672 921.4000244140625 90967.78125 1.0672023296356201 23.799999237060547
38.402198791503906 33.70488739013672 921.0999755859375 90964.640625 1.0672013759613037 23.790000915527344
38.402198791503906 33.70488739013672 921.0999755859375 90966.328125 1.0671852827072144 23.799999237060547
38.402198791503906 33.70488739013672 921.0999755859375 90963.4375 1.0671154260635376 23.809999465942383
38.402198791503906 33.70488739013672 921.0999755859375 90962.578125 1.0671411752700806 23.799999237060547
38.402198791503906 33.704891204833984 921 90962.53125 1.0671406984329224 23.799999237060547
38.402198791503906 33.704891204833984 921 90967.640625 1.0672006607055664 23.799999237060547
38.402198791503906 33.704891204833984 921 90964.7109375 1.0671662092208862 23.799999237060547
38.402198791503906 33.704891204833984 921 90964.546875 1.0671643018722534 23.799999237060547
38.402198791503906 33.704891204833984 921 90964.0546875 1.067158579826355 23.799999237060547
38.402198791503906 33.704891204833984 921.2000122070312 90963.375 1.067150592803955 23.799999237060547
38.402198791503906 33.704891204833984 921.2000122070312 90964.515625 1.0671639442443848 23.799999237060547
38.402198791503906 33.704891204833984 921.2000122070312 90965.5078125 1.0671756267547607 23.799999237060547
38.402198791503906 33.704891204833984 921.2000122070312 90969.4765625 1.0672221183776855 23.799999237060547
38.40219497680664 33.70489501953125 921.2000122070312 90966.1875 1.0671836137771606 23.799999237060547
38.40219497680664 33.70489501953125 921.5 90964.3359375 1.0671617984771729 23.799999237060547
38.40219497680664 33.70489501953125 921.5 90961.9375 1.0671336650848389 23.799999237060547
38.40219497680664 33.70489501953125 921.5 90963.5625 1.067152738571167 23.799999237060547
38.40219497680664 33.70489501953125 921.5 90965.578125 1.0671404600143433 23.809999465942383
38.40219497680664 33.704891204833984 921.5 90963.578125 1.067152976989746 23.799999237060547
38.40219497680664 33.704891204833984 921.2999877929688 90964.546875 1.0671643018722534 23.799999237060547
38.40219497680664 33.704891204833984 921.2999877929688 90968.8671875 1.0671790838241577 23.809999465942383
38.40219497680664 33.704891204833984 921.2999877929688 90968.8671875 1.0671790838241577 23.809999465942383
38.40219497680664 33.704891204833984 921.2999877929688 90964.734375 1.0671665668487549 23.799999237060547
38.40219497680664 33.704891204833984 921.2999877929688 90964.921875 1.067132830619812 23.809999465942383
38.40219497680664 33.704891204833984 921.0999755859375 90966.078125 1.0671463012695312 23.809999465942383
38.40219497680664 33.704891204833984 921.0999755859375 90966.5625 1.0671520233154297 23.809999465942383
38.40219497680664 33.704891204833984 921.0999755859375 90967.734375 1.067165732383728 23.809999465942383
38.40219497680664 33.704891204833984 921.0999755859375 90964.78125 1.0671311616897583 23.809999465942383
38.402198791503906 33.70488739013672 920.7999877929688 90965.2734375 1.0671368837356567 23.809999465942383
38.402198791503906 33.70488739013672 920.7999877929688 90964.96875 1.0671333074569702 23.809999465942383
38.402198791503906 33.70488739013672 920.7999877929688 90967.0625 1.0671578645706177 23.809999465942383
38.402198791503906 33.70488739013672 920.7999877929688 90965.4609375 1.0671391487121582 23.809999465942383
38.402198791503906 33.70488739013672 920.7999877929688 90966.140625 1.067147135734558 23.809999465942383
38.402198791503906 33.70488739013672 920.5 90963.984375 1.0671217441558838 23.809999465942383
38.402198791503906 33.70488739013672 920.5 90964.125 1.0671234130859375 23.809999465942383
38.402198791503906 33.70488739013672 920.5 90961 1.0670868158340454 23.809999465942383
38.402198791503906 33.70488739013672 920.5 90964.8046875 1.0671314001083374 23.809999465942383
38.40220260620117 33.70488739013672 920.5 90966.6328125 1.0671528577804565 23.809999465942383
38.40220260620117 33.70488739013672 920.2999877929688 90967.453125 1.0671625137329102 23.809999465942383
38.40220260620117 33.70488739013672 920.2999877929688 90967.953125 1.0671323537826538 23.81999969482422
38.40220260620117 33.70488739013672 920.2999877929688 90969.7578125 1.0671895742416382 23.809999465942383
38.40220260620117 33.70488739013672 920.2999877929688 90967.4375 1.067162275314331 23.809999465942383
38.40220260620117 33.70488739013672 920.2999877929688 90965.9765625 1.0671451091766357 23.809999465942383
38.40220260620117 33.70488739013672 920.2000122070312 90964.2890625 1.0671253204345703 23.809999465942383
38.40220260620117 33.70488739013672 920.2000122070312 90967.625 1.0671645402908325 23.809999465942383
38.40220260620117 33.70488739013672 920.2000122070312 90965.484375 1.0671393871307373 23.809999465942383
38.40220260620117 33.70488739013672 920.2000122070312 90969.921875 1.0671554803848267 23.81999969482422
38.40220260620117 33.70488357543945 919.5999755859375 90968.796875 1.067142367362976 23.81999969482422
38.40220260620117 33.70488357543945 919.5999755859375 90969.265625 1.0671837329864502 23.809999465942383
38.40220260620117 33.70488357543945 919.5999755859375 90966.8203125 1.0671191215515137 23.81999969482422
38.40220260620117 33.70488357543945 919.5999755859375 90966.328125 1.0671133995056152 23.81999969482422
38.40220260620117 33.70488357543945 919.5999755859375 90970.453125 1.0671617984771729 23.81999969482422
38.40220260620117 33.70488739013672 919.7999877929688 90969.96875 1.0671560764312744 23.81999969482422
38.40220260620117 33.70488739013672 919.7999877929688 90966 1.06710946559906 23.81999969482422
38.40220260620117 33.70488739013672 919.7999877929688 90967.953125 1.0671323537826538 23.81999969482422
38.40220260620117 33.70488739013672 919.7999877929688 90968.6484375 1.0671405792236328 23.81999969482422
38.40220260620117 33.70488739013672 919.7999877929688 90965.5 1.067103624343872 23.81999969482422
38.40220260620117 33.70488739013672 919.9000244140625 90967.828125 1.0671309232711792 23.81999969482422
38.40220260620117 33.70488739013672 919.9000244140625 90967.8125 1.0671308040618896 23.81999969482422
38.40220260620117 33.70488739013672 919.9000244140625 90966.515625 1.0671155452728271 23.81999969482422
38.40220260620117 33.70488739013672 919.9000244140625 90968.296875 1.0671364068984985 23.81999969482422
38.402198791503906 33.704891204833984 919.9000244140625 90964.546875 1.0670924186706543 23.81999969482422
38.402198791503906 33.704891204833984 920.2999877929688 90967.171875 1.067123293876648 23.81999969482422
38.402198791503906 33.704891204833984 920.2999877929688 90969.640625 1.0671522617340088 23.81999969482422
38.402198791503906 33.704891204833984 920.2999877929688 90967.8515625 1.0670952796936035 23.829999923706055
38.402198791503906 33.704891204833984 920.2999877929688 90966.9140625 1.0670843124389648 23.829999923706055
38.402198791503906 33.704891204833984 920.2999877929688 90967.7109375 1.0670936107635498 23.829999923706055
38.402198791503906 33.704891204833984 920.2999877929688 90963.078125 1.0670392513275146 23.829999923706055
38.402198791503906 33.704891204833984 920.2999877929688 90967.6875 1.0670933723449707 23.829999923706055
38.402198791503906 33.704891204833984 920.2999877929688 90969.2109375 1.0671112537384033 23.829999923706055
38.402198791503906 33.704891204833984 920.2999877929688 90967.21875 1.0670878887176514 23.829999923706055
38.40220260620117 33.70488739013672 919.9000244140625 90968.71875 1.0671054124832153 23.829999923706055
38.40220260620117 33.70488739013672 919.9000244140625 90967.515625 1.0670913457870483 23.829999923706055
38.40220260620117 33.70488739013672 919.9000244140625 90968.203125 1.0670994520187378 23.829999923706055
38.40220260620117 33.70488739013672 919.9000244140625 90968.578125 1.0671038627624512 23.829999923706055
38.40220260620117 33.70488739013672 919.9000244140625 90964.75 1.0670589208602905 23.829999923706055
38.40220260620117 33.70488739013672 919.7000122070312 90968.390625 1.0671015977859497 23.829999923706055
38.40220260620117 33.70488739013672 919.7000122070312 90966.765625 1.0670825242996216 23.829999923706055
38.40220260620117 33.70488739013672 919.7000122070312 90968.0859375 1.0670980215072632 23.829999923706055
38.40220260620117 33.70488739013672 919.7000122070312 90968.25 1.067099928855896 23.829999923706055
38.40220260620117 33.70488739013672 919.7000122070312 90967.125 1.067050814628601 23.84000015258789
38.40220260620117 33.70488739013672 919.5999755859375 90968.0859375 1.0670980215072632 23.829999923706055
38.40220260620117 33.70488739013672 919.5999755859375 90965.6171875 1.0670690536499023 23.829999923706055
38.40220260620117 33.70488739013672 919.5999755859375 90965.921875 1.0670726299285889 23.829999923706055
38.40220260620117 33.70488739013672 919.5999755859375 90965.2421875 1.067064642906189 23.829999923706055
38.40220260620117 33.70488739013672 919.5999755859375 90964.28125 1.0670534372329712 23.829999923706055
38.40220260620117 33.70488739013672 919.7000122070312 90962.984375 1.0670381784439087 23.829999923706055
38.40220260620117 33.70488739013672 919.7000122070312 90964.796875 1.0670593976974487 23.829999923706055
38.40220260620117 33.70488739013672 919.7000122070312 90965.40625 1.0670665502548218 23.829999923706055
38.40220260620117 33.70488739013672 919.7000122070312 90965.171875 1.0670279264450073 23.84000015258789
38.40220260620117 33.70488739013672 919.7000122070312 90965.921875 1.0670726299285889 23.829999923706055
38.40220260620117 33.70488739013672 919.7000122070312 90967.65625 1.0670570135116577 23.84000015258789
38.40220260620117 33.70488739013672 919.7000122070312 90968.7890625 1.0670703649520874 23.84000015258789
38.40220260620117 33.70488739013672 919.7000122070312 90970.2890625 1.067088007926941 23.84000015258789
38.40220260620117 33.70488739013672 919.7000122070312 90967.2890625 1.0670527219772339 23.84000015258789
38.402198791503906 33.70488357543945 919.7000122070312 90967.640625 1.0670568943023682 23.84000015258789
38.402198791503906 33.70488357543945 919.7000122070312 90968.90625 1.0671076774597168 23.829999923706055
38.402198791503906 33.70488357543945 919.7000122070312 90965.640625 1.0670334100723267 23.84000015258789
38.402198791503906 33.70488357543945 919.7000122070312 90963.203125 1.0670047998428345 23.84000015258789
38.402198791503906 33.70488357543945 919.7000122070312 90962.921875 1.0670015811920166 23.84000015258789
38.402198791503906 33.70488357543945 919.7000122070312 90965.671875 1.0670337677001953 23.84000015258789
38.402198791503906 33.70488357543945 919.7000122070312 90963.578125 1.0670092105865479 23.84000015258789
38.402198791503906 33.70488357543945 919.7000122070312 90968.6953125 1.067033290863037 23.850000381469727
38.402198791503906 33.70488357543945 919.7000122070312 90965.875 1.0670361518859863 23.84000015258789
38.402198791503906 33.70488357543945 919.7000122070312 90965.3828125 1.067030429840088 23.84000015258789
38.402198791503906 33.70488357543945 919.7000122070312 90964.890625 1.0670245885849 23.84000015258789
38.402198791503906 33.70488357543945 919.7000122070312 90966.71875 1.0670101642608643 23.850000381469727
38.402198791503906 33.70488357543945 919.7000122070312 90964.921875 1.0669890642166138 23.850000381469727
38.402198791503906 33.70488357543945 919.7000122070312 90964.2578125 1.066981315612793 23.850000381469727
38.402198791503906 33.70488357543945 919.7000122070312 90966.75 1.067010521888733 23.850000381469727
38.402198791503906 33.70488357543945 919.7000122070312 90966.234375 1.0670044422149658 23.850000381469727
38.402198791503906 33.70488357543945 919.7000122070312 90964.09375 1.0669794082641602 23.850000381469727
38.402198791503906 33.70488357543945 919.7000122070312 90968.21875 1.0670276880264282 23.850000381469727
38.402198791503906 33.70488357543945 919.7000122070312 90964.921875 1.0669890642166138 23.850000381469727
38.402198791503906 33.70488739013672 920 90968.0625 1.067025899887085 23.850000381469727
38.402198791503906 33.70488739013672 920 90966.75 1.067010521888733 23.850000381469727
38.402198791503906 33.70488739013672 920 90963.453125 1.066971778869629 23.850000381469727
38.402198791503906 33.70488739013672 920 90964.921875 1.0669890642166138 23.850000381469727
38.402198791503906 33.70488739013672 920 90964.7734375 1.0669872760772705 23.850000381469727
38.402198791503906 33.70488739013672 920 90965.2890625 1.0669933557510376 23.850000381469727
38.402198791503906 33.70488739013672 920 90965.921875 1.0670007467269897 23.850000381469727
38.402198791503906 33.70488739013672 920 90967.7734375 1.0669865608215332 23.860000610351562
38.402198791503906 33.70488739013672 920 90964.9375 1.0669893026351929 23.850000381469727
38.40219497680664 33.70488739013672 920 90967.75 1.0670222043991089 23.850000381469727
38.40219497680664 33.70488739013672 920.2999877929688 90969.390625 1.0670415163040161 23.850000381469727
38.40219497680664 33.70488739013672 920.2999877929688 90967.2578125 1.0670164823532104 23.850000381469727
38.40219497680664 33.70488739013672 920.2999877929688 90967.5703125 1.0670201778411865 23.850000381469727
38.40219497680664 33.70488739013672 920.2999877929688 90966.09375 1.067002773284912 23.850000381469727
38.40219497680664 33.704891204833984 920.2999877929688 90966.0859375 1.067002773284912 23.850000381469727
38.40219497680664 33.704891204833984 920.5999755859375 90969.90625 1.0670115947723389 23.860000610351562
38.40219497680664 33.704891204833984 920.5999755859375 90966.296875 1.0669692754745483 23.860000610351562
38.40219497680664 33.704891204833984 920.5999755859375 90970.8984375 1.0670232772827148 23.860000610351562
38.40219497680664 33.704891204833984 920.5999755859375 90967.75 1.0670222043991089 23.850000381469727
38.40219497680664 33.704891204833984 920.5999755859375 90965.140625 1.0669556856155396 23.860000610351562
38.40219497680664 33.704891204833984 920.5999755859375 90966.296875 1.0669692754745483 23.860000610351562
38.40219497680664 33.704891204833984 920.5999755859375 90964.796875 1.0669876337051392 23.850000381469727
38.40219497680664 33.704891204833984 920.5999755859375 90966.484375 1.0669714212417603 23.860000610351562
38.40219497680664 33.704891204833984 920.5999755859375 90967.609375 1.0669846534729004 23.860000610351562
38.402191162109375 33.704891204833984 920.7000122070312 90964.1875 1.0669444799423218 23.860000610351562
38.402191162109375 33.704891204833984 920.7000122070312 90965.4765625 1.0669596195220947 23.860000610351562
38.402191162109375 33.704891204833984 920.7000122070312 90964.1640625 1.0669442415237427 23.860000610351562
38.402191162109375 33.704891204833984 920.7000122070312 90964.1875 1.0669444799423218 23.860000610351562
38.402191162109375 33.704891204833984 920.7000122070312 90966.015625 1.066965937614441 23.860000610351562
38.402191162109375 33.704891204833984 920.9000244140625 90966.9765625 1.0669772624969482 23.860000610351562
38.402191162109375 33.704891204833984 920.9000244140625 90967.796875 1.0669869184494019 23.860000610351562
38.402191162109375 33.704891204833984 920.9000244140625 90967.7734375 1.0669865608215332 23.860000610351562
38.402191162109375 33.704891204833984 920.9000244140625 90967 1.0669775009155273 23.860000610351562
38.402191162109375 33.704891204833984 920.9000244140625 90966.1796875 1.0669678449630737 23.860000610351562
38.402191162109375 33.704891204833984 920.9000244140625 90964.65625 1.0669500827789307 23.860000610351562
38.402191162109375 33.704891204833984 920.9000244140625 90966.15625 1.0669676065444946 23.860000610351562
38.402191162109375 33.704891204833984 920.9000244140625 90966.015625 1.066965937614441 23.860000610351562
38.402191162109375 33.704891204833984 920.9000244140625 90966.015625 1.066965937614441 23.860000610351562
38.402191162109375 33.704891204833984 920.9000244140625 90964.203125 1.0669447183609009 23.860000610351562
38.402191162109375 33.704891204833984 921.2000122070312 90968.5 1.0669951438903809 23.860000610351562
38.402191162109375 33.704891204833984 921.2000122070312 90967.984375 1.0669890642166138 23.860000610351562
38.402191162109375 33.704891204833984 921.2000122070312 90967.046875 1.0669420957565308 23.8700008392334
38.402191162109375 33.704891204833984 921.2000122070312 90966.9765625 1.0669772624969482 23.860000610351562
38.402191162109375 33.704891204833984 921.2999877929688 90969.515625 1.0669710636138916 23.8700008392334
38.402191162109375 33.704891204833984 921.2999877929688 90967.84375 1.06698739528656 23.860000610351562
38.402191162109375 33.704891204833984 921.2999877929688 90964.421875 1.0669113397598267 23.8700008392334
38.402191162109375 33.704891204833984 921.2999877929688 90966.203125 1.0669682025909424 23.860000610351562
38.402191162109375 33.704891204833984 921.2999877929688 90968.875 1.06696355342865 23.8700008392334
38.402191162109375 33.704891204833984 921.2000122070312 90969.84375 1.0669749975204468 23.8700008392334
38.402191162109375 33.704891204833984 921.2000122070312 90968.03125 1.0669536590576172 23.8700008392334
38.402191162109375 33.704891204833984 921.2000122070312 90965.8984375 1.0669286251068115 23.8700008392334
38.402191162109375 33.704891204833984 921.2000122070312 90967.703125 1.0669498443603516 23.8700008392334
38.402191162109375 33.704891204833984 921.2000122070312 90964.609375 1.0669136047363281 23.8700008392334
38.402191162109375 33.704891204833984 921.2000122070312 90966.0625 1.0669306516647339 23.8700008392334
38.402191162109375 33.704891204833984 921.2000122070312 90963.640625 1.0669021606445312 23.8700008392334
38.402191162109375 33.704891204833984 921.2000122070312 90963.953125 1.0669058561325073 23.8700008392334
38.402191162109375 33.704891204833984 921.2000122070312 90966.765625 1.066938877105713 23.8700008392334
38.402191162109375 33.704891204833984 921.2000122070312 90964.9609375 1.0669176578521729 23.8700008392334
38.402191162109375 33.704891204833984 921 90966.9375 1.0669409036636353 23.8700008392334
38.402191162109375 33.704891204833984 921 90968.0625 1.0669540166854858 23.8700008392334
38.402191162109375 33.704891204833984 921 90969.5625 1.0669716596603394 23.8700008392334
38.402191162109375 33.704891204833984 921 90967.921875 1.0669523477554321 23.8700008392334
38.402191162109375 33.704891204833984 921 90965.453125 1.0669234991073608 23.8700008392334
38.402191162109375 33.704891204833984 921 90964.8125 1.0668799877166748 23.8799991607666
38.402191162109375 33.704891204833984 921 90966.15625 1.0668957233428955 23.8799991607666
38.402191162109375 33.704891204833984 921 90965.609375 1.066925287246704 23.8700008392334
38.402191162109375 33.704891204833984 921 90964.3046875 1.0669100284576416 23.8700008392334
38.402191162109375 33.704891204833984 921 90965 1.0668822526931763 23.8799991607666
38.402191162109375 33.704891204833984 921 90962.34375 1.066851019859314 23.8799991607666
38.402191162109375 33.704891204833984 921 90966.9296875 1.0669407844543457 23.8700008392334
38.402191162109375 33.704891204833984 921 90962.1875 1.0668492317199707 23.8799991607666
38.402191162109375 33.704891204833984 921 90962.984375 1.06689453125 23.8700008392334
38.402191162109375 33.704891204833984 921.0999755859375 90965.2890625 1.0669214725494385 23.8700008392334
38.402191162109375 33.704891204833984 921.0999755859375 90967.8203125 1.0669152736663818 23.8799991607666
38.402191162109375 33.704891204833984 921.0999755859375 90968 1.066881537437439 23.889999389648438
38.402191162109375 33.704891204833984 921.0999755859375 90963.546875 1.0668652057647705 23.8799991607666
38.402191162109375 33.704891204833984 921.0999755859375 90966.8359375 1.0669037103652954 23.8799991607666
38.402191162109375 33.704891204833984 921 90963.734375 1.0668673515319824 23.8799991607666
38.402191162109375 33.704891204833984 921 90963.8515625 1.066868782043457 23.8799991607666
38.402191162109375 33.704891204833984 921 90965.5390625 1.0668525695800781 23.889999389648438
38.402191162109375 33.704891204833984 921 90966.1796875 1.0668960809707642 23.8799991607666
38.402191162109375 33.704891204833984 921 90968.3125 1.0669211149215698 23.8799991607666
38.402191162109375 33.704891204833984 920.9000244140625 90967 1.0669056177139282 23.8799991607666
38.402191162109375 33.704891204833984 920.9000244140625 90967.4921875 1.0669114589691162 23.8799991607666
38.402191162109375 33.704891204833984 920.9000244140625 90970.640625 1.066948413848877 23.8799991607666
38.402191162109375 33.704891204833984 920.9000244140625 90968.0078125 1.0669175386428833 23.8799991607666
38.402191162109375 33.704891204833984 920.9000244140625 90968.828125 1.0668911933898926 23.889999389648438
38.402191162109375 33.704891204833984 920.7999877929688 90966.359375 1.0668622255325317 23.889999389648438
38.402191162109375 33.704891204833984 920.7999877929688 90968.828125 1.0668911933898926 23.889999389648438
38.402191162109375 33.704891204833984 920.7999877929688 90965.875 1.0668925046920776 23.8799991607666
38.402191162109375 33.704891204833984 920.7999877929688 90967.515625 1.0668758153915405 23.889999389648438
38.402191162109375 33.704891204833984 920.7999877929688 90967.515625 1.0668758153915405 23.889999389648438
38.402191162109375 33.704891204833984 920.7999877929688 90965.703125 1.0668545961380005 23.889999389648438
38.402191162109375 33.704891204833984 920.7999877929688 90968.65625 1.0668891668319702 23.889999389648438
38.402191162109375 33.704891204833984 920.7999877929688 90967.34375 1.0668737888336182 23.889999389648438
38.402191162109375 33.704891204833984 920.7999877929688 90969.484375 1.0668989419937134 23.889999389648438
38.402191162109375 33.704891204833984 920.9000244140625 90970.4921875 1.066910743713379 23.889999389648438
38.402191162109375 33.704891204833984 920.9000244140625 90968 1.066881537437439 23.889999389648438
38.402191162109375 33.704891204833984 920.9000244140625 90966.03125 1.0668584108352661 23.889999389648438
38.402191162109375 33.704891204833984 920.9000244140625 90968.828125 1.0668911933898926 23.889999389648438
38.402191162109375 33.704891204833984 920.9000244140625 90967.390625 1.066874384880066 23.889999389648438
38.402191162109375 33.704891204833984 921 90966.875 1.0668683052062988 23.889999389648438
38.402191162109375 33.704891204833984 921 90966.546875 1.0668644905090332 23.889999389648438
38.402191162109375 33.704891204833984 921 90967.703125 1.0668779611587524 23.889999389648438
38.402191162109375 33.704891204833984 921 90964.4609375 1.0668399333953857 23.889999389648438
38.402191162109375 33.704891204833984 921 90966.40625 1.0668628215789795 23.889999389648438
38.402191162109375 33.704891204833984 920.9000244140625 90964.109375 1.066835880279541 23.889999389648438
38.402191162109375 33.704891204833984 920.9000244140625 90964.265625 1.0668376684188843 23.889999389648438
38.402191162109375 33.704891204833984 920.9000244140625 90965.375 1.0668506622314453 23.889999389648438
38.402191162109375 33.704891204833984 920.9000244140625 90967.390625 1.066874384880066 23.889999389648438
38.402191162109375 33.704891204833984 920.9000244140625 90965.09375 1.0668474435806274 23.889999389648438
38.402191162109375 33.704891204833984 920.9000244140625 90966.078125 1.0668588876724243 23.889999389648438
38.402191162109375 33.704891204833984 920.9000244140625 90965.9375 1.0668573379516602 23.889999389648438
38.402191162109375 33.704891204833984 920.9000244140625 90968.7109375 1.0668898820877075 23.889999389648438
38.402191162109375 33.704891204833984 920.9000244140625 90967.609375 1.0668410062789917 23.899999618530273
38.402191162109375 33.70489501953125 920.9000244140625 90965.7734375 1.0668554306030273 23.889999389648438
38.402191162109375 33.70489501953125 920.9000244140625 90964.953125 1.0668457746505737 23.889999389648438
38.402191162109375 33.70489501953125 920.9000244140625 90966.921875 1.066868782043457 23.889999389648438
38.402191162109375 33.70489501953125 920.9000244140625 90966.953125 1.066833257675171 23.899999618530273
38.402191162109375 33.70489501953125 920.9000244140625 90966.2421875 1.0668609142303467 23.889999389648438
38.402191162109375 33.70489501953125 920.9000244140625 90966.5 1.0668280124664307 23.899999618530273
38.402191162109375 33.70489501953125 920.9000244140625 90967.1328125 1.0668354034423828 23.899999618530273
38.402191162109375 33.70489501953125 920.9000244140625 90964.8125 1.0668082237243652 23.899999618530273
38.402191162109375 33.70489501953125 920.9000244140625 90965.3046875 1.0668139457702637 23.899999618530273
38.402191162109375 33.70489501953125 920.9000244140625 90967.484375 1.066839575767517 23.899999618530273
38.402191162109375 33.70489501953125 921 90962.3671875 1.0667794942855835 23.899999618530273
38.402191162109375 33.70489501953125 921 90965.9609375 1.0668216943740845 23.899999618530273
38.402191162109375 33.70489501953125 921 90965.46875 1.0668158531188965 23.899999618530273
38.402191162109375 33.70489501953125 921 90963.828125 1.0667966604232788 23.899999618530273
38.402191162109375 33.70489501953125 921 90966.5 1.0668280124664307 23.899999618530273
38.402191162109375 33.70489501953125 920.9000244140625 90968 1.0668455362319946 23.899999618530273
38.402191162109375 33.70489501953125 920.9000244140625 90968.171875 1.066847562789917 23.899999618530273
38.402191162109375 33.70489501953125 920.9000244140625 90963.984375 1.066798448562622 23.899999618530273
38.402191162109375 33.70489501953125 920.9000244140625 90965.1640625 1.06681227684021 23.899999618530273
38.402191162109375 33.70489501953125 920.7999877929688 90965.4921875 1.0668162107467651 23.899999618530273
38.402191162109375 33.70489501953125 920.7999877929688 90966.828125 1.0668318271636963 23.899999618530273
38.402191162109375 33.70489501953125 920.7999877929688 90963.703125 1.0667952299118042 23.899999618530273
38.402191162109375 33.70489501953125 920.7999877929688 90963.234375 1.0667896270751953 23.899999618530273
38.402191162109375 33.70489501953125 920.7999877929688 90964.203125 1.0668010711669922 23.899999618530273
38.402191162109375 33.70489501953125 920.7999877929688 90966.359375 1.066826343536377 23.899999618530273
38.402191162109375 33.70489501953125 920.7999877929688 90965.015625 1.0668106079101562 23.899999618530273
38.402191162109375 33.70489501953125 920.7999877929688 90966.859375 1.066832184791565 23.899999618530273
38.402191162109375 33.70489501953125 920.7999877929688 90965.703125 1.0668185949325562 23.899999618530273
38.402191162109375 33.70489501953125 920.7999877929688 90967.703125 1.0668061971664429 23.90999984741211
38.402191162109375 33.70489501953125 920.7000122070312 90966.3828125 1.0667906999588013 23.90999984741211
38.402191162109375 33.70489501953125 920.7000122070312 90967.890625 1.0668083429336548 23.90999984741211
38.402191162109375 33.70489501953125 920.7000122070312 90965.7265625 1.0667829513549805 23.90999984741211
38.402191162109375 33.70489501953125 920.7000122070312 90968.875 1.0668199062347412 23.90999984741211
38.402191162109375 33.70489501953125 920.7000122070312 90964.6015625 1.0667698383331299 23.90999984741211
38.402191162109375 33.70489501953125 920.7000122070312 90966.921875 1.0667970180511475 23.90999984741211
38.402191162109375 33.70489501953125 920.7000122070312 90963.9375 1.0667619705200195 23.90999984741211
38.402191162109375 33.70489501953125 920.7000122070312 90968.234375 1.0668123960494995 23.90999984741211
38.402191162109375 33.70489501953125 920.7000122070312 90968.5703125 1.0668163299560547 23.90999984741211
38.402191162109375 33.70489501953125 920.7000122070312 90963.453125 1.0667563676834106 23.90999984741211
38.402191162109375 33.70489501953125 920.7000122070312 90964.90625 1.0667734146118164 23.90999984741211
38.402191162109375 33.70489501953125 920.7000122070312 90966.7578125 1.0667951107025146 23.90999984741211
38.402191162109375 33.70489501953125 920.7000122070312 90967.90625 1.0668085813522339 23.90999984741211
38.402191162109375 33.70489501953125 920.7000122070312 90970.2109375 1.066835641860962 23.90999984741211
38.40219497680664 33.70489501953125 920.5999755859375 90968.890625 1.0668201446533203 23.90999984741211
38.40219497680664 33.70489501953125 920.5999755859375 90966.7578125 1.0667951107025146 23.90999984741211
38.40219497680664 33.70489501953125 920.5999755859375 90967.90625 1.0668085813522339 23.90999984741211
38.40219497680664 33.70489501953125 920.5999755859375 90969.40625 1.0668261051177979 23.90999984741211
38.40219497680664 33.70489501953125 920.5999755859375 90968.75 1.0668184757232666 23.90999984741211
38.40219497680664 33.70489501953125 920.5999755859375 90967.765625 1.0668069124221802 23.90999984741211
38.40219497680664 33.70489501953125 920.5999755859375 90967.4375 1.0668030977249146 23.90999984741211
38.40219497680664 33.70489501953125 920.5999755859375 90969.2265625 1.0668240785598755 23.90999984741211
38.40219497680664 33.70489501953125 920.5999755859375 90968.4296875 1.066814661026001 23.90999984741211
38.40219497680664 33.70489501953125 920.5999755859375 90971.25 1.0668118000030518 23.920000076293945
38.40219497680664 33.70489501953125 920.5 90969.25 1.0668243169784546 23.90999984741211
38.40219497680664 33.70489501953125 920.5 90968.125 1.0667752027511597 23.920000076293945
38.40219497680664 33.70489501953125 920.5 90967.890625 1.0668083429336548 23.90999984741211
38.40219497680664 33.70489501953125 920.5 90967.296875 1.066765546798706 23.920000076293945
38.40219497680664 33.70489501953125 920.5 90967.65625 1.0667697191238403 23.920000076293945
38.40219497680664 33.70489501953125 920.5999755859375 90966.4765625 1.0667558908462524 23.920000076293945
38.40219497680664 33.70489501953125 920.5999755859375 90965.9609375 1.0667856931686401 23.90999984741211
38.40219497680664 33.70489501953125 920.5999755859375 90969.125 1.0667868852615356 23.920000076293945
38.40219497680664 33.70489501953125 920.5999755859375 90967.6484375 1.0667695999145508 23.920000076293945
38.40219497680664 33.70489501953125 920.5 90968.96875 1.0667850971221924 23.920000076293945
38.40219497680664 33.70489501953125 920.5 90967 1.0667619705200195 23.920000076293945
38.40219497680664 33.70489501953125 920.5 90969.78125 1.0667946338653564 23.920000076293945
38.40219497680664 33.70489501953125 920.5 90965.84375 1.0667484998703003 23.920000076293945
38.40219497680664 33.70489501953125 920.5 90966 1.0667502880096436 23.920000076293945
38.40219497680664 33.70489501953125 920.4000244140625 90968.46875 1.0667792558670044 23.920000076293945
38.40219497680664 33.70489501953125 920.4000244140625 90967.328125 1.0667659044265747 23.920000076293945
38.40219497680664 33.70489501953125 920.4000244140625 90966.0078125 1.066750407218933 23.920000076293945
38.40219497680664 33.70489501953125 920.4000244140625 90965.6796875 1.066746473312378 23.920000076293945
38.40219497680664 33.70489501953125 920.4000244140625 90968.9609375 1.0667849779129028 23.920000076293945
38.40219497680664 33.70489501953125 920.4000244140625 90965.1796875 1.06674063205719 23.920000076293945
38.40219497680664 33.70489501953125 920.4000244140625 90968.3125 1.0667773485183716 23.920000076293945
38.40219497680664 33.70489501953125 920.4000244140625 90968.1875 1.0667400360107422 23.93000030517578
38.40219497680664 33.70489501953125 920.4000244140625 90965.5078125 1.0667445659637451 23.920000076293945
38.402198791503906 33.70489501953125 920.4000244140625 90964.875 1.0667011737823486 23.93000030517578
38.402198791503906 33.70489501953125 920.2999877929688 90964.078125 1.0666918754577637 23.93000030517578
38.402198791503906 33.70489501953125 920.2999877929688 90966.6875 1.0667223930358887 23.93000030517578
38.402198791503906 33.70489501953125 920.2999877929688 90967.359375 1.0667303800582886 23.93000030517578
38.402198791503906 33.70489501953125 920.2999877929688 90967.6875 1.0667341947555542 23.93000030517578
38.402198791503906 33.70489501953125 920.2999877929688 90969.875 1.0667598247528076 23.93000030517578
38.402198791503906 33.70489501953125 920.2000122070312 90967.03125 1.0667264461517334 23.93000030517578
38.402198791503906 33.70489501953125 920.2000122070312 90967.671875 1.066733956336975 23.93000030517578
38.402198791503906 33.70489501953125 920.2000122070312 90968.6796875 1.0667457580566406 23.93000030517578
38.402198791503906 33.70489501953125 920.2000122070312 90968.53125 1.066744089126587 23.93000030517578
38.402198791503906 33.70489501953125 920.2000122070312 90970.6484375 1.0667688846588135 23.93000030517578
38.402198791503906 33.70489501953125 920.2000122070312 90969.5 1.0667554140090942 23.93000030517578
38.402198791503906 33.70489501953125 920.2000122070312 90971.3125 1.0667766332626343 23.93000030517578
38.402198791503906 33.70489501953125 920.2000122070312 90969.1484375 1.06675124168396 23.93000030517578
38.402198791503906 33.70489501953125 920.2000122070312 90967.203125 1.0667284727096558 23.93000030517578
38.402198791503906 33.70489501953125 920.2000122070312 90966.734375 1.0667229890823364 23.93000030517578
38.402198791503906 33.70489501953125 920.2000122070312 90968.53125 1.066744089126587 23.93000030517578
38.402198791503906 33.70489501953125 920.2000122070312 90967.015625 1.0667263269424438 23.93000030517578
38.402198791503906 33.70489501953125 920.2000122070312 90965.625 1.0666741132736206 23.940000534057617
38.402198791503906 33.70489501953125 920.2000122070312 90968.7265625 1.0667463541030884 23.93000030517578
38.402198791503906 33.70489501953125 920.2000122070312 90965.109375 1.0667039155960083 23.93000030517578
38.402198791503906 33.70489501953125 920.2000122070312 90968.7265625 1.0667463541030884 23.93000030517578
38.402198791503906 33.70489501953125 920.2000122070312 90964.078125 1.0666918754577637 23.93000030517578
38.402198791503906 33.70489501953125 920.2000122070312 90968.09375 1.0667030811309814 23.940000534057617
38.402198791503906 33.70489501953125 920.2000122070312 90971.359375 1.066777229309082 23.93000030517578
38.402198791503906 33.70489501953125 920.2000122070312 90968.390625 1.0667424201965332 23.93000030517578
38.402198791503906 33.70489501953125 920.2000122070312 90968.28125 1.0667052268981934 23.940000534057617
38.402198791503906 33.70489501953125 920.2000122070312 90967.90625 1.0667366981506348 23.93000030517578
38.402198791503906 33.70489501953125 920.2000122070312 90970.4140625 1.066730260848999 23.940000534057617
38.402198791503906 33.70489501953125 920.2000122070312 90968.9375 1.0667129755020142 23.940000534057617
38.402198791503906 33.70489501953125 920.2000122070312 90968.7265625 1.0667463541030884 23.93000030517578
38.402198791503906 33.70489501953125 920.2000122070312 90968.328125 1.0667058229446411 23.940000534057617
38.402198791503906 33.70489501953125 920.2000122070312 90967.296875 1.066693663597107 23.940000534057617
38.402198791503906 33.70489501953125 920.2000122070312 90968.46875 1.0667073726654053 23.940000534057617
38.402198791503906 33.70489501953125 920.0999755859375 90966.4921875 1.0666842460632324 23.940000534057617
38.402198791503906 33.70489501953125 920.0999755859375 90967.125 1.0666916370391846 23.940000534057617
38.402198791503906 33.70489501953125 920.0999755859375 90969.1015625 1.066714882850647 23.940000534057617
38.402198791503906 33.70489501953125 920.0999755859375 90966 1.066678524017334 23.940000534057617
38.402198791503906 33.70489501953125 920.0999755859375 90967.4375 1.0666953325271606 23.940000534057617
38.40220260620117 33.70489501953125 920.0999755859375 90970.296875 1.0667288303375244 23.940000534057617
38.40220260620117 33.70489501953125 920.0999755859375 90967.953125 1.0667014122009277 23.940000534057617
38.40220260620117 33.70489501953125 920.0999755859375 90969.7578125 1.0667225122451782 23.940000534057617
38.40220260620117 33.70489501953125 920.0999755859375 90968.609375 1.066709041595459 23.940000534057617
38.40220260620117 33.70489501953125 920.0999755859375 90971.28125 1.0667403936386108 23.940000534057617
38.40220260620117 33.70489501953125 920.2000122070312 90967.96875 1.0667015314102173 23.940000534057617
38.40220260620117 33.70489501953125 920.2000122070312 90968.984375 1.0667134523391724 23.940000534057617
38.40220260620117 33.70489501953125 920.2000122070312 90968.796875 1.0667113065719604 23.940000534057617
38.40220260620117 33.70489501953125 920.2000122070312 90969.5 1.0666836500167847 23.950000762939453
38.40220260620117 33.704898834228516 920.2000122070312 90968.84375 1.0666759014129639 23.950000762939453
38.40220260620117 33.704898834228516 920.0999755859375 90968.34375 1.0666700601577759 23.950000762939453
38.40220260620117 33.704898834228516 920.0999755859375 90970.15625 1.066691279411316 23.950000762939453
38.40220260620117 33.704898834228516 920.0999755859375 90967.671875 1.0666980743408203 23.940000534057617
38.40220260620117 33.704898834228516 920.0999755859375 90969.546875 1.0666841268539429 23.950000762939453
38.40220260620117 33.704898834228516 920.2000122070312 90968.375 1.0666704177856445 23.950000762939453
38.40220260620117 33.704898834228516 920.2000122070312 90967.390625 1.066658854484558 23.950000762939453
38.40220260620117 33.704898834228516 920.2000122070312 90966.2109375 1.0666450262069702 23.950000762939453
38.40220260620117 33.704898834228516 920.2000122070312 90968.015625 1.0666662454605103 23.950000762939453
38.40220260620117 33.704898834228516 920.2000122070312 90968.046875 1.066666603088379 23.950000762939453
38.40220260620117 33.704898834228516 920.2999877929688 90967.390625 1.066658854484558 23.950000762939453
38.40220260620117 33.704898834228516 920.2999877929688 90967.25 1.0666571855545044 23.950000762939453
38.40220260620117 33.704898834228516 920.2999877929688 90967.875 1.0666645765304565 23.950000762939453
38.40220260620117 33.704898834228516 920.2999877929688 90965.765625 1.06663978099823 23.950000762939453
38.40220260620117 33.704898834228516 920.2999877929688 90967.90625 1.0666649341583252 23.950000762939453
38.40220260620117 33.704898834228516 920.2999877929688 90968.421875 1.0666710138320923 23.950000762939453
38.40220260620117 33.704898834228516 920.2999877929688 90969.359375 1.066681981086731 23.950000762939453
38.40220260620117 33.704898834228516 920.2999877929688 90970.390625 1.0666581392288208 23.959999084472656
38.40220260620117 33.704898834228516 920.2999877929688 90970.0625 1.0666543245315552 23.959999084472656
38.402198791503906 33.704898834228516 920.2999877929688 90966.46875 1.0666121244430542 23.959999084472656
38.402198791503906 33.704898834228516 920.2000122070312 90969.0546875 1.0666784048080444 23.950000762939453
38.402198791503906 33.704898834228516 920.2000122070312 90969.734375 1.0666505098342896 23.959999084472656
38.402198791503906 33.704898834228516 920.2000122070312 90971.703125 1.0667093992233276 23.950000762939453
38.402198791503906 33.704898834228516 920.2000122070312 90967.921875 1.06662917137146 23.959999084472656
38.402198791503906 33.70489501953125 920.2000122070312 90968.5859375 1.066672921180725 23.950000762939453
38.402198791503906 33.70489501953125 920.2999877929688 90969.546875 1.0666841268539429 23.950000762939453
38.402198791503906 33.70489501953125 920.2999877929688 90966.609375 1.066613793373108 23.959999084472656
38.402198791503906 33.70489501953125 920.2999877929688 90968.421875 1.0666351318359375 23.959999084472656
38.402198791503906 33.70489501953125 920.2999877929688 90966.4453125 1.066611886024475 23.959999084472656
38.402198791503906 33.70489501953125 920.4000244140625 90967.453125 1.0666236877441406 23.959999084472656
38.402198791503906 33.70489501953125 920.4000244140625 90967.453125 1.0666236877441406 23.959999084472656
38.402198791503906 33.70489501953125 920.4000244140625 90966.65625 1.0666143894195557 23.959999084472656
38.402198791503906 33.70489501953125 920.4000244140625 90966.984375 1.0666182041168213 23.959999084472656
38.402198791503906 33.70489501953125 920.4000244140625 90963.484375 1.0665771961212158 23.959999084472656
38.402198791503906 33.70489501953125 920.4000244140625 90967.640625 1.066625952720642 23.959999084472656
38.402198791503906 33.70489501953125 920.4000244140625 90966.625 1.066614031791687 23.959999084472656
38.402198791503906 33.70489501953125 920.4000244140625 90968.46875 1.0666356086730957 23.959999084472656
38.402198791503906 33.70489501953125 920.4000244140625 90969.28125 1.0666451454162598 23.959999084472656
38.402198791503906 33.70489501953125 920.4000244140625 90971.1171875 1.0666667222976685 23.959999084472656
38.402198791503906 33.70489501953125 920.4000244140625 90970.15625 1.0666195154190063 23.969999313354492
38.402198791503906 33.70489501953125 920.4000244140625 90967.140625 1.0666199922561646 23.959999084472656
38.402198791503906 33.70489501953125 920.4000244140625 90964.546875 1.066589593887329 23.959999084472656
38.402198791503906 33.70489501953125 920.4000244140625 90968.1875 1.0665963888168335 23.969999313354492
38.402198791503906 33.70489501953125 920.4000244140625 90968.671875 1.066602110862732 23.969999313354492
38.402198791503906 33.70489501953125 920.4000244140625 90967.671875 1.0666263103485107 23.959999084472656
38.402198791503906 33.70489501953125 920.4000244140625 90969.0234375 1.0666062831878662 23.969999313354492
38.402198791503906 33.70489501953125 920.4000244140625 90966.34375 1.0666106939315796 23.959999084472656
38.402198791503906 33.70489501953125 920.4000244140625 90969.6875 1.066614031791687 23.969999313354492
38.402198791503906 33.70489501953125 920.4000244140625 90967.1953125 1.066584825515747 23.969999313354492
38.402198791503906 33.70489501953125 920.4000244140625 90970.671875 1.0666255950927734 23.969999313354492
38.402198791503906 33.70489501953125 920.4000244140625 90967.734375 1.0665911436080933 23.969999313354492
38.402198791503906 33.70489501953125 920.4000244140625 90966.09375 1.066571831703186 23.969999313354492
38.402198791503906 33.70489501953125 920.4000244140625 90965.265625 1.0665621757507324 23.969999313354492
38.402198791503906 33.70489501953125 920.5999755859375 90965.9296875 1.0665699243545532 23.969999313354492
38.402198791503906 33.70489501953125 920.5999755859375 90963.4609375 1.0665409564971924 23.969999313354492
38.402198791503906 33.70489501953125 920.5999755859375 90964.453125 1.0665526390075684 23.969999313354492
38.402198791503906 33.70489501953125 920.5999755859375 90966.25 1.0665737390518188 23.969999313354492
38.402198791503906 33.70489501953125 920.5999755859375 90965.9296875 1.0665699243545532 23.969999313354492
38.402198791503906 33.704898834228516 920.4000244140625 90967.40625 1.066587209701538 23.969999313354492
38.402198791503906 33.704898834228516 920.4000244140625 90965.265625 1.0665621757507324 23.969999313354492
38.402198791503906 33.704898834228516 920.4000244140625 90966.25 1.0665737390518188 23.969999313354492
38.402198791503906 33.704898834228516 920.4000244140625 90965.921875 1.0665698051452637 23.969999313354492
38.402198791503906 33.704898834228516 920.4000244140625 90965.6171875 1.0665303468704224 23.979999542236328
38.402198791503906 33.704898834228516 920.4000244140625 90965.78125 1.0665323734283447 23.979999542236328
38.402198791503906 33.704898834228516 920.4000244140625 90964.609375 1.0665544271469116 23.969999313354492
38.402198791503906 33.704898834228516 920.4000244140625 90963.453125 1.0665409564971924 23.969999313354492
38.402198791503906 33.704898834228516 920.4000244140625 90970.03125 1.0666180849075317 23.969999313354492
38.402198791503906 33.704898834228516 920.4000244140625 90965.921875 1.0665698051452637 23.969999313354492
38.402198791503906 33.704898834228516 920.4000244140625 90965.125 1.066524624824524 23.979999542236328
38.402198791503906 33.704898834228516 920.4000244140625 90969.046875 1.0666065216064453 23.969999313354492
38.402198791503906 33.704898834228516 920.4000244140625 90966.796875 1.0665441751480103 23.979999542236328
38.402198791503906 33.704898834228516 920.4000244140625 90967.96875 1.0665580034255981 23.979999542236328
38.402198791503906 33.704898834228516 920.2999877929688 90966.765625 1.0665438175201416 23.979999542236328
38.402198791503906 33.704898834228516 920.2999877929688 90965.4765625 1.0665287971496582 23.979999542236328
38.402198791503906 33.704898834228516 920.2999877929688 90966.296875 1.0665383338928223 23.979999542236328
38.402198791503906 33.704898834228516 920.2999877929688 90967.96875 1.0665580034255981 23.979999542236328
38.402198791503906 33.704898834228516 920.2999877929688 90969.609375 1.0665771961212158 23.979999542236328
38.402198791503906 33.704898834228516 920.2999877929688 90968.625 1.0665656328201294 23.979999542236328
38.402198791503906 33.704898834228516 920.2999877929688 90964.65625 1.0665191411972046 23.979999542236328
38.402198791503906 33.704898834228516 920.2999877929688 90969.609375 1.0665771961212158 23.979999542236328
38.402198791503906 33.704898834228516 920.2999877929688 90968.109375 1.0665595531463623 23.979999542236328
38.402198791503906 33.704898834228516 920.2999877929688 90970.578125 1.0665885210037231 23.979999542236328
38.402198791503906 33.704898834228516 920.2999877929688 90971.4375 1.066598653793335 23.979999542236328
38.402198791503906 33.704898834228516 920.2999877929688 90969.1171875 1.0665714740753174 23.979999542236328
38.402198791503906 33.704898834228516 920.2999877929688 90968.8125 1.0665678977966309 23.979999542236328
38.402198791503906 33.704898834228516 920.2999877929688 90972.59375 1.0666122436523438 23.979999542236328
38.402198791503906 33.704898834228516 920.2999877929688 90968.625 1.0665656328201294 23.979999542236328
38.402198791503906 33.704898834228516 920.2999877929688 90969.7734375 1.0665791034698486 23.979999542236328
38.402198791503906 33.704898834228516 920.2999877929688 90968.640625 1.0665658712387085 23.979999542236328
38.402198791503906 33.704898834228516 920.2999877929688 90968.484375 1.0665639638900757 23.979999542236328
38.402198791503906 33.704898834228516 920.2999877929688 90967.984375 1.0665581226348877 23.979999542236328
38.402198791503906 33.704898834228516 920.2999877929688 90970.0078125 1.0665459632873535 23.989999771118164
38.402198791503906 33.704898834228516 920.2999877929688 90971.296875 1.0665611028671265 23.989999771118164
38.402198791503906 33.704898834228516 920.2999877929688 90968.640625 1.0665658712387085 23.979999542236328
38.402198791503906 33.704898834228516 920.2999877929688 90968.484375 1.0665639638900757 23.979999542236328
38.402198791503906 33.704898834228516 920.2999877929688 90971.328125 1.0665614604949951 23.989999771118164
38.402198791503906 33.704898834228516 920.4000244140625 90970.8125 1.066555380821228 23.989999771118164
38.402198791503906 33.704898834228516 920.4000244140625 90968.015625 1.0665225982666016 23.989999771118164
38.402198791503906 33.704898834228516 920.4000244140625 90969.15625 1.0665359497070312 23.989999771118164
38.402198791503906 33.704898834228516 920.4000244140625 90969.84375 1.0665440559387207 23.989999771118164
38.402198791503906 33.704898834228516 920.4000244140625 90969.6796875 1.066542148590088 23.989999771118164
38.402198791503906 33.704898834228516 920.4000244140625 90970.34375 1.0665498971939087 23.989999771118164
38.402198791503906 33.704898834228516 920.4000244140625 90971.5078125 1.066563606262207 23.989999771118164
38.402198791503906 33.704898834228516 920.4000244140625 90972.140625 1.0665709972381592 23.989999771118164
38.402198791503906 33.704898834228516 920.4000244140625 90971.3671875 1.0665260553359985 24
38.402198791503906 33.704898834228516 920.4000244140625 90971.203125 1.0665241479873657 24
38.402198791503906 33.704898834228516 920.4000244140625 90968.578125 1.066493272781372 24
38.402198791503906 33.704898834228516 920.4000244140625 90968.2421875 1.066489338874817 24
38.402198791503906 33.704898834228516 920.4000244140625 90968.0625 1.0665231943130493 23.989999771118164
38.402198791503906 33.704898834228516 920.4000244140625 90968.578125 1.066493272781372 24
38.402198791503906 33.704898834228516 920.5 90968.8984375 1.0665329694747925 23.989999771118164
38.402198791503906 33.704898834228516 920.5 90969.390625 1.0665028095245361 24
38.402198791503906 33.704898834228516 920.5 90969.53125 1.0665403604507446 23.989999771118164
38.402198791503906 33.704898834228516 920.5 90971.390625 1.0665262937545776 24
38.402198791503906 33.704898834228516 920.5 90970.7109375 1.0665183067321777 24
38.402198791503906 33.704898834228516 920.5 90971.5546875 1.0665282011032104 24
38.402198791503906 33.704898834228516 920.5 90968.546875 1.0665287971496582 23.989999771118164
38.402198791503906 33.704898834228516 920.5 90970.5703125 1.066516637802124 24
38.402198791503906 33.704898834228516 920.5 90969.75 1.06650710105896 24
38.402198791503906 33.704898834228516 920.4000244140625 90971.0625 1.066522479057312 24
38.402198791503906 33.704898834228516 920.4000244140625 90971.4375 1.0665268898010254 24
38.402198791503906 33.704898834228516 920.4000244140625 90970.234375 1.0665127038955688 24
38.402198791503906 33.704898834228516 920.4000244140625 90968.21875 1.0665249824523926 23.989999771118164
38.402198791503906 33.704898834228516 920.4000244140625 90968.296875 1.0664900541305542 24
38.402198791503906 33.704898834228516 920.4000244140625 90970.4296875 1.0665149688720703 24
38.402198791503906 33.704898834228516 920.4000244140625 90966.9765625 1.0664745569229126 24
38.402198791503906 33.704898834228516 920.4000244140625 90967.1640625 1.0664767026901245 24
38.402198791503906 33.704898834228516 920.4000244140625 90969.484375 1.0664680004119873 24.010000228881836
38.402198791503906 33.704898834228516 920.4000244140625 90967.1875 1.0664411783218384 24.010000228881836
38.402198791503906 33.704898834228516 920.4000244140625 90967.8203125 1.0664844512939453 24
38.402198791503906 33.704898834228516 920.4000244140625 90966.671875 1.066470980644226 24
38.402198791503906 33.704898834228516 920.4000244140625 90963.234375 1.0663948059082031 24.010000228881836
38.402198791503906 33.704898834228516 920.4000244140625 90967.984375 1.0664863586425781 24
38.402198791503906 33.704898834228516 920.4000244140625 90966.078125 1.0664280652999878 24.010000228881836
38.402198791503906 33.704898834228516 920.5999755859375 90967.6796875 1.0664469003677368 24.010000228881836
38.402198791503906 33.704898834228516 920.5999755859375 90968.6640625 1.0664584636688232 24.010000228881836
38.402198791503906 33.704898834228516 920.5999755859375 90966.5546875 1.0664336681365967 24.010000228881836
38.402198791503906 33.704898834228516 920.5999755859375 90966.0625 1.0664279460906982 24.010000228881836
38.402198791503906 33.704898834228516 920.5999755859375 90965.078125 1.0664163827896118 24.010000228881836
38.402198791503906 33.704898834228516 920.5999755859375 90968.6875 1.0664587020874023 24.010000228881836
38.402198791503906 33.704898834228516 920.5999755859375 90966.53125 1.0664334297180176 24.010000228881836
38.402198791503906 33.704898834228516 920.5999755859375 90969.1875 1.0664645433425903 24.010000228881836
38.402198791503906 33.704898834228516 920.5999755859375 90968.71875 1.066459059715271 24.010000228881836
38.402198791503906 33.704898834228516 920.7000122070312 90965.890625 1.0664259195327759 24.010000228881836
38.402198791503906 33.704898834228516 920.7000122070312 90972.890625 1.066472053527832 24.020000457763672
38.402198791503906 33.704898834228516 920.7000122070312 90970.515625 1.0664801597595215 24.010000228881836
38.402198791503906 33.704898834228516 920.7000122070312 90971.5078125 1.066491723060608 24.010000228881836
38.40220260620117 33.704898834228516 920.7000122070312 90969.5625 1.0664689540863037 24.010000228881836
38.40220260620117 33.704898834228516 920.5999755859375 90968.265625 1.066417932510376 24.020000457763672
38.40220260620117 33.704898834228516 920.5999755859375 90968.078125 1.0664515495300293 24.010000228881836
38.40220260620117 33.704898834228516 920.5999755859375 90968.40625 1.066455364227295 24.010000228881836
38.40220260620117 33.704898834228516 920.5999755859375 90964.796875 1.0664130449295044 24.010000228881836
38.40220260620117 33.704898834228516 920.5999755859375 90968.265625 1.066417932510376 24.020000457763672
38.40220260620117 33.704898834228516 920.5 90969.4375 1.0664316415786743 24.020000457763672
38.40220260620117 33.704898834228516 920.5 90966.125 1.0663927793502808 24.020000457763672
38.40220260620117 33.704898834228516 920.5 90966.7890625 1.0664005279541016 24.020000457763672
38.40220260620117 33.704898834228516 920.5 90967.4453125 1.0664082765579224 24.020000457763672
38.40220260620117 33.704898834228516 920.5 90967.9375 1.0664139986038208 24.020000457763672
38.40220260620117 33.704898834228516 920.4000244140625 90968.78125 1.0664238929748535 24.020000457763672
38.40220260620117 33.704898834228516 920.4000244140625 90968.6171875 1.0664219856262207 24.020000457763672
38.40220260620117 33.704898834228516 920.4000244140625 90967.9609375 1.0664143562316895 24.020000457763672
38.40220260620117 33.704898834228516 920.4000244140625 90970.921875 1.0664490461349487 24.020000457763672
38.40220260620117 33.704898834228516 920.5 90967.5859375 1.0664458274841309 24.010000228881836
38.40220260620117 33.704898834228516 920.5 90967.3046875 1.0664066076278687 24.020000457763672
38.40220260620117 33.704898834228516 920.5 90966.953125 1.0664024353027344 24.020000457763672
38.40220260620117 33.704898834228516 920.5 90967.4921875 1.0664087533950806 24.020000457763672
38.40220260620117 33.704898834228516 920.5 90968.453125 1.066420078277588 24.020000457763672
38.40220260620117 33.704898834228516 920.5999755859375 90964.859375 1.0663779973983765 24.020000457763672
38.40220260620117 33.704898834228516 920.5999755859375 90968.953125 1.0664259195327759 24.020000457763672
38.40220260620117 33.704898834228516 920.5999755859375 90966.828125 1.0664010047912598 24.020000457763672
38.40220260620117 33.704898834228516 920.5999755859375 90967.328125 1.0664068460464478 24.020000457763672
38.402198791503906 33.704898834228516 920.5999755859375 90964.203125 1.0663702487945557 24.020000457763672
38.402198791503906 33.704898834228516 920.7999877929688 90969.2890625 1.0663939714431763 24.030000686645508
38.402198791503906 33.704898834228516 920.7999877929688 90965.515625 1.0663856267929077 24.020000457763672
38.402198791503906 33.704898834228516 920.7999877929688 90966.171875 1.0663933753967285 24.020000457763672
38.402198791503906 33.704898834228516 920.7999877929688 90967.328125 1.0664068460464478 24.020000457763672
38.402198791503906 33.704898834228516 920.7999877929688 90967.8125 1.0664125680923462 24.020000457763672
38.402198791503906 33.704898834228516 921 90965.671875 1.0663515329360962 24.030000686645508
38.402198791503906 33.704898834228516 921 90966.328125 1.066359281539917 24.030000686645508
38.402198791503906 33.704898834228516 921 90964.859375 1.0663779973983765 24.020000457763672
38.402198791503906 33.704898834228516 921 90965.6796875 1.0663875341415405 24.020000457763672
38.402198791503906 33.704898834228516 921.0999755859375 90962.203125 1.0663467645645142 24.020000457763672
38.402198791503906 33.704898834228516 921.0999755859375 90963.703125 1.0663644075393677 24.020000457763672
38.402198791503906 33.704898834228516 921.0999755859375 90965.3671875 1.0663479566574097 24.030000686645508
38.402198791503906 33.704898834228516 921.0999755859375 90966.1875 1.0663576126098633 24.030000686645508
38.402198791503906 33.704898834228516 921.0999755859375 90968.0234375 1.066379189491272 24.030000686645508
38.402198791503906 33.704898834228516 921.2000122070312 90969.0078125 1.0663906335830688 24.030000686645508
38.402198791503906 33.704898834228516 921.2000122070312 90966.734375 1.066364049911499 24.030000686645508
38.402198791503906 33.704898834228516 921.2000122070312 90965.890625 1.0663541555404663 24.030000686645508
38.402198791503906 33.704898834228516 921.2000122070312 90969.8125 1.066400170326233 24.030000686645508
38.402198791503906 33.704898834228516 921.2000122070312 90964.21875 1.06633460521698 24.030000686645508
38.40219497680664 33.704898834228516 921.2999877929688 90965.046875 1.0663442611694336 24.030000686645508
38.40219497680664 33.704898834228516 921.2999877929688 90967.5546875 1.0663737058639526 24.030000686645508
38.40219497680664 33.704898834228516 921.2999877929688 90964.21875 1.06633460521698 24.030000686645508
38.40219497680664 33.704898834228516 921.2999877929688 90966.703125 1.0663636922836304 24.030000686645508
38.40219497680664 33.704898834228516 921.2999877929688 90967.6953125 1.0663752555847168 24.030000686645508
38.40219497680664 33.704898834228516 921.4000244140625 90967.8828125 1.0663775205612183 24.030000686645508
38.40219497680664 33.704898834228516 921.4000244140625 90969.359375 1.0663948059082031 24.030000686645508
38.40219497680664 33.704898834228516 921.4000244140625 90970.515625 1.066408395767212 24.030000686645508
38.40219497680664 33.704898834228516 921.4000244140625 90965.75 1.0663524866104126 24.030000686645508
38.40219497680664 33.704898834228516 921.4000244140625 90968.3984375 1.0663477182388306 24.040000915527344
38.40219497680664 33.704898834228516 921.5999755859375 90966.59375 1.0663264989852905 24.040000915527344
38.40219497680664 33.704898834228516 921.5999755859375 90965.390625 1.0663483142852783 24.030000686645508
38.40219497680664 33.704898834228516 921.5999755859375 90962.484375 1.066278338432312 24.040000915527344
38.40219497680664 33.704898834228516 921.5999755859375 90966.734375 1.066364049911499 24.030000686645508
38.40219497680664 33.704898834228516 921.7000122070312 90967.0859375 1.066332221031189 24.040000915527344
38.40219497680664 33.704898834228516 921.7000122070312 90966.640625 1.0663270950317383 24.040000915527344
38.40219497680664 33.704898834228516 921.7000122070312 90962.96875 1.0662840604782104 24.040000915527344
38.40219497680664 33.704898834228516 921.7000122070312 90967.6015625 1.066338300704956 24.040000915527344
38.40219497680664 33.704898834228516 921.7000122070312 90967.125 1.0663326978683472 24.040000915527344
38.40219497680664 33.704898834228516 921.7999877929688 90969.4375 1.0663598775863647 24.040000915527344
38.40219497680664 33.704898834228516 921.7999877929688 90965.6484375 1.0663154125213623 24.040000915527344
38.40219497680664 33.704898834228516 921.7999877929688 90968.28125 1.066346287727356 24.040000915527344
38.40219497680664 33.704898834228516 921.7999877929688 90966.640625 1.0663270950317383 24.040000915527344
38.40219497680664 33.704898834228516 921.7999877929688 90966.96875 1.066330909729004 24.040000915527344
38.40219497680664 33.704898834228516 921.9000244140625 90970.578125 1.0663732290267944 24.040000915527344
38.40219497680664 33.704898834228516 921.9000244140625 90966.640625 1.0663270950317383 24.040000915527344
38.40219497680664 33.704898834228516 921.9000244140625 90963.6796875 1.066292405128479 24.040000915527344
38.40219497680664 33.704898834228516 921.9000244140625 90965.5078125 1.0663137435913086 24.040000915527344
38.40219497680664 33.704898834228516 921.9000244140625 90964.9921875 1.066307783126831 24.040000915527344
38.40219497680664 33.704898834228516 921.9000244140625 90965.6484375 1.0663154125213623 24.040000915527344
38.40219497680664 33.704898834228516 921.9000244140625 90963.8671875 1.066294550895691 24.040000915527344
38.40219497680664 33.704898834228516 921.9000244140625 90964.2421875 1.0662630796432495 24.049999237060547
38.40219497680664 33.704898834228516 921.9000244140625 90966.328125 1.0663233995437622 24.040000915527344
38.402191162109375 33.704898834228516 921.9000244140625 90966.875 1.0662939548492432 24.049999237060547
38.402191162109375 33.704898834228516 922 90966.6640625 1.0663273334503174 24.040000915527344
38.402191162109375 33.704898834228516 922 90968.015625 1.0663073062896729 24.049999237060547
38.402191162109375 33.704898834228516 922 90969.359375 1.0663230419158936 24.049999237060547
38.402191162109375 33.704898834228516 922 90968.3046875 1.066346526145935 24.040000915527344
38.402191162109375 33.704898834228516 922.0999755859375 90967.859375 1.0663055181503296 24.049999237060547
38.402191162109375 33.704898834228516 922.0999755859375 90965.0625 1.0662727355957031 24.049999237060547
38.402191162109375 33.704898834228516 922.0999755859375 90967.21875 1.066298007965088 24.049999237060547
38.402191162109375 33.704898834228516 922.0999755859375 90969.125 1.0663561820983887 24.040000915527344
38.402191162109375 33.704898834228516 922.0999755859375 90966.171875 1.066321611404419 24.040000915527344
38.402191162109375 33.704898834228516 922.2000122070312 90965.015625 1.0663080215454102 24.040000915527344
38.402191162109375 33.704898834228516 922.2000122070312 90966.6875 1.0662916898727417 24.049999237060547
38.402191162109375 33.704898834228516 922.2000122070312 90968.3515625 1.066311240196228 24.049999237060547
38.402191162109375 33.704898834228516 922.2000122070312 90968.3515625 1.066311240196228 24.049999237060547
38.402191162109375 33.704898834228516 922.2000122070312 90970.140625 1.066332221031189 24.049999237060547
38.402191162109375 33.704898834228516 922.4000244140625 90968.984375 1.0663186311721802 24.049999237060547
38.402191162109375 33.704898834228516 922.4000244140625 90969.6875 1.0663268566131592 24.049999237060547
38.402191162109375 33.704898834228516 922.4000244140625 90969.0625 1.0662837028503418 24.059999465942383
38.402191162109375 33.704898834228516 922.4000244140625 90967.0390625 1.066295862197876 24.049999237060547
38.40218734741211 33.704898834228516 922.4000244140625 90967.578125 1.0662662982940674 24.059999465942383
38.40218734741211 33.704898834228516 922.7000122070312 90966.75 1.0662566423416138 24.059999465942383
38.40218734741211 33.704898834228516 922.7000122070312 90967.203125 1.0662977695465088 24.049999237060547
38.40218734741211 33.704898834228516 922.7000122070312 90966.734375 1.0662922859191895 24.049999237060547
38.40218734741211 33.704898834228516 922.7000122070312 90968.2578125 1.0662742853164673 24.059999465942383
38.40218734741211 33.704898834228516 922.7000122070312 90965.796875 1.066245436668396 24.059999465942383
38.40218734741211 33.704898834228516 922.7000122070312 90969.734375 1.0662915706634521 24.059999465942383
38.40218734741211 33.704898834228516 922.7000122070312 90967.765625 1.0662684440612793 24.059999465942383
38.40218734741211 33.704898834228516 922.7000122070312 90967.4140625 1.0662643909454346 24.059999465942383
38.40218734741211 33.704898834228516 922.7000122070312 90968.9375 1.0662822723388672 24.059999465942383
38.40218734741211 33.704898834228516 922.9000244140625 90966.796875 1.066257119178772 24.059999465942383
38.40218734741211 33.704898834228516 922.9000244140625 90965.8125 1.0662455558776855 24.059999465942383
38.40218734741211 33.704898834228516 922.9000244140625 90967.640625 1.0662670135498047 24.059999465942383
38.40218734741211 33.704898834228516 922.9000244140625 90967.359375 1.066227912902832 24.06999969482422
38.40218734741211 33.704898834228516 922.9000244140625 90969.2890625 1.066286325454712 24.059999465942383
38.40218734741211 33.704898834228516 923.0999755859375 90968.796875 1.0662806034088135 24.059999465942383
38.40218734741211 33.704898834228516 923.0999755859375 90967.8125 1.066269040107727 24.059999465942383
38.40218734741211 33.704898834228516 923.0999755859375 90966.1875 1.0662140846252441 24.06999969482422
38.40218734741211 33.704898834228516 923.0999755859375 90968.4921875 1.0662411451339722 24.06999969482422
38.40218734741211 33.704898834228516 923.0999755859375 90967.171875 1.0662256479263306 24.06999969482422
38.40218734741211 33.704898834228516 923.2999877929688 90969.640625 1.0662546157836914 24.06999969482422
38.40218734741211 33.704898834228516 923.2999877929688 90969.65625 1.066254734992981 24.06999969482422
38.40218734741211 33.704898834228516 923.2999877929688 90968.484375 1.0662410259246826 24.06999969482422
38.40218734741211 33.704898834228516 923.2999877929688 90969.3125 1.0662508010864258 24.06999969482422
38.402183532714844 33.70489501953125 923.2999877929688 90965.21875 1.0662027597427368 24.06999969482422
38.402183532714844 33.70489501953125 923.2999877929688 90970.34375 1.0662628412246704 24.06999969482422
38.402183532714844 33.70489501953125 923.2999877929688 90968.703125 1.0662436485290527 24.06999969482422
38.402183532714844 33.70489501953125 923.2999877929688 90968.8828125 1.0662097930908203 24.079999923706055
38.402183532714844 33.70489501953125 923.2999877929688 90970.34375 1.0662269592285156 24.079999923706055
38.402183532714844 33.70489501953125 923.5 90968.859375 1.0662095546722412 24.079999923706055
38.402183532714844 33.70489501953125 923.5 90968.5546875 1.0662059783935547 24.079999923706055
38.402183532714844 33.70489501953125 923.5 90963.8828125 1.0661871433258057 24.06999969482422
38.402183532714844 33.70489501953125 923.5 90965.578125 1.066206932067871 24.06999969482422
38.402183532714844 33.70489501953125 923.5 90968.703125 1.0662436485290527 24.06999969482422
38.402183532714844 33.70489501953125 923.5999755859375 90969.359375 1.066251277923584 24.06999969482422
38.402183532714844 33.70489501953125 923.5999755859375 90970.015625 1.0662590265274048 24.06999969482422
38.402183532714844 33.70489501953125 923.5999755859375 90968.390625 1.0662040710449219 24.079999923706055
38.402183532714844 33.70489501953125 923.5999755859375 90968.03125 1.0661998987197876 24.079999923706055
38.40217971801758 33.70489501953125 923.5999755859375 90967.546875 1.0661941766738892 24.079999923706055
38.40217971801758 33.70489501953125 923.7999877929688 90968.3671875 1.0662038326263428 24.079999923706055
38.40217971801758 33.70489501953125 923.7999877929688 90966.0625 1.0661767721176147 24.079999923706055
38.40217971801758 33.70489501953125 923.7999877929688 90965.2421875 1.0661671161651611 24.079999923706055
38.40217971801758 33.70489501953125 923.7999877929688 90968.2265625 1.066202163696289 24.079999923706055
38.40217971801758 33.70489501953125 923.7999877929688 90969.3515625 1.0662152767181396 24.079999923706055
38.40217971801758 33.70489501953125 923.9000244140625 90966.0625 1.0661767721176147 24.079999923706055
38.40217971801758 33.70489501953125 923.9000244140625 90969.0703125 1.0662120580673218 24.079999923706055
38.40217971801758 33.70489501953125 923.9000244140625 90967.59375 1.066194772720337 24.079999923706055
38.40217971801758 33.70489501953125 923.9000244140625 90966.9140625 1.066186785697937 24.079999923706055
38.40217971801758 33.70489501953125 923.9000244140625 90967.125 1.0661892890930176 24.079999923706055
38.40217971801758 33.70489501953125 923.9000244140625 90965.953125 1.0661754608154297 24.079999923706055
38.40217971801758 33.70489501953125 923.9000244140625 90967.96875 1.0661633014678955 24.09000015258789
38.40217971801758 33.70489501953125 923.9000244140625 90965.3125 1.066167950630188 24.079999923706055
38.40217971801758 33.70489501953125 923.9000244140625 90965.578125 1.066135287284851 24.09000015258789
38.40217971801758 33.70489501953125 923.9000244140625 90962.03125 1.0661295652389526 24.079999923706055
38.40217971801758 33.70489501953125 923.9000244140625 90965.671875 1.066136360168457 24.09000015258789
38.40217971801758 33.70489501953125 923.9000244140625 90964.34375 1.0661207437515259 24.09000015258789
38.40217971801758 33.70489501953125 923.9000244140625 90965.8515625 1.0661383867263794 24.09000015258789
38.40217971801758 33.70489501953125 923.9000244140625 90963.859375 1.066115140914917 24.09000015258789
38.40217971801758 33.70489501953125 923.9000244140625 90964.8671875 1.0661269426345825 24.09000015258789
38.40217971801758 33.70489501953125 923.9000244140625 90965.5 1.0661343336105347 24.09000015258789
38.40217971801758 33.70489501953125 923.9000244140625 90965.671875 1.066136360168457 24.09000015258789
38.40217971801758 33.70489501953125 923.9000244140625 90963.6875 1.0661131143569946 24.09000015258789
38.40217971801758 33.70489501953125 924 90968.640625 1.0661711692810059 24.09000015258789
38.40217971801758 33.70489501953125 923.9000244140625 90965.875 1.066138744354248 24.09000015258789
38.40217971801758 33.70489501953125 924 90967.6875 1.066159963607788 24.09000015258789
38.40217971801758 33.70489501953125 924 90966.390625 1.0661447048187256 24.09000015258789
38.40217971801758 33.70489501953125 924 90966.671875 1.066148042678833 24.09000015258789
38.40217971801758 33.70489501953125 924 90968.8125 1.0661731958389282 24.09000015258789
38.40217971801758 33.70489501953125 924 90971.296875 1.0662022829055786 24.09000015258789
38.40217971801758 33.70489501953125 924 90967.6875 1.066159963607788 24.09000015258789
38.40217971801758 33.70489501953125 924 90970.5234375 1.066157341003418 24.100000381469727
38.40217971801758 33.70489501953125 924 90967.046875 1.0661524534225464 24.09000015258789
38.40217971801758 33.70489501953125 924 90968.859375 1.0661736726760864 24.09000015258789
38.40217971801758 33.70489501953125 924 90966.3671875 1.0661444664001465 24.09000015258789
38.40217971801758 33.70489501953125 924 90967.078125 1.0661169290542603 24.100000381469727
38.40217971801758 33.70489501953125 924 90967.234375 1.066118836402893 24.100000381469727
38.40217971801758 33.70489501953125 924 90970.0078125 1.0661871433258057 24.09000015258789
38.40217971801758 33.70489501953125 924.0999755859375 90966.421875 1.066109299659729 24.100000381469727
38.40217971801758 33.70489501953125 924.0999755859375 90966.703125 1.0661484003067017 24.09000015258789
38.40217971801758 33.70489501953125 924.0999755859375 90967.5625 1.0661226511001587 24.100000381469727
38.40217971801758 33.70489501953125 924.0999755859375 90968.359375 1.0661678314208984 24.09000015258789
38.40217971801758 33.70489501953125 924.0999755859375 90967.734375 1.066124677658081 24.100000381469727
38.40217971801758 33.70489501953125 924.2000122070312 90967.890625 1.0661264657974243 24.100000381469727
38.40217971801758 33.70489501953125 924.2000122070312 90972.984375 1.0661861896514893 24.100000381469727
38.40217971801758 33.70489501953125 924.2000122070312 90972.1640625 1.0661765336990356 24.100000381469727
38.40217971801758 33.70489501953125 924.2000122070312 90969.71875 1.0661479234695435 24.100000381469727
38.40217971801758 33.704891204833984 924.2000122070312 90967.078125 1.0661169290542603 24.100000381469727
38.40217971801758 33.704891204833984 924.2999877929688 90967.40625 1.0661207437515259 24.100000381469727
38.40217971801758 33.704891204833984 924.2999877929688 90967.890625 1.0661264657974243 24.100000381469727
38.40217971801758 33.704891204833984 924.2999877929688 90966.109375 1.066105604171753 24.100000381469727
38.40217971801758 33.704891204833984 924.2999877929688 90966.078125 1.0661052465438843 24.100000381469727
38.40217590332031 33.704891204833984 924.2999877929688 90967.921875 1.066126823425293 24.100000381469727
38.40217590332031 33.704891204833984 924.2999877929688 90967.0703125 1.0661168098449707 24.100000381469727
38.40217590332031 33.704891204833984 924.2999877929688 90967.7265625 1.0661245584487915 24.100000381469727
38.40217590332031 33.704891204833984 924.2999877929688 90965.609375 1.066099762916565 24.100000381469727
38.40217590332031 33.704891204833984 924.2999877929688 90969.90625 1.0661500692367554 24.100000381469727
38.40217590332031 33.704891204833984 924.4000244140625 90967.9375 1.066127061843872 24.100000381469727
38.40217590332031 33.704891204833984 924.4000244140625 90967.4453125 1.066121220588684 24.100000381469727
38.40217590332031 33.704891204833984 924.4000244140625 90967.609375 1.066123127937317 24.100000381469727
38.40217590332031 33.704891204833984 924.4000244140625 90969.796875 1.066112995147705 24.110000610351562
38.40217590332031 33.704891204833984 924.4000244140625 90967 1.0660802125930786 24.110000610351562
38.40217590332031 33.704891204833984 924.5999755859375 90968.828125 1.0661015510559082 24.110000610351562
38.40217590332031 33.704891204833984 924.5999755859375 90971.7421875 1.0661357641220093 24.110000610351562
38.40217590332031 33.704891204833984 924.5999755859375 90968.96875 1.066103219985962 24.110000610351562
38.40217590332031 33.704891204833984 924.5999755859375 90969.328125 1.0661075115203857 24.110000610351562
38.40217590332031 33.704891204833984 924.5999755859375 90971.625 1.0661343336105347 24.110000610351562
38.40217590332031 33.704891204833984 924.7000122070312 90966.640625 1.0660759210586548 24.110000610351562
38.40217590332031 33.704891204833984 924.7000122070312 90970.8046875 1.0661247968673706 24.110000610351562
38.40217590332031 33.704891204833984 924.7000122070312 90968.453125 1.0660972595214844 24.110000610351562
38.40217590332031 33.704891204833984 924.7000122070312 90968.828125 1.0661015510559082 24.110000610351562
38.40217590332031 33.704891204833984 924.7000122070312 90968.828125 1.0661015510559082 24.110000610351562
38.40217590332031 33.704891204833984 924.7999877929688 90968.03125 1.0660922527313232 24.110000610351562
38.40217590332031 33.704891204833984 924.7999877929688 90969.859375 1.0660778284072876 24.1200008392334
38.40217590332031 33.704891204833984 924.7999877929688 90968.5234375 1.0660979747772217 24.110000610351562
38.40217590332031 33.704891204833984 924.7999877929688 90969.53125 1.066074013710022 24.1200008392334
38.40217208862305 33.704891204833984 924.7999877929688 90967.1640625 1.0660821199417114 24.110000610351562
38.40217208862305 33.704891204833984 924.9000244140625 90968.5 1.0660977363586426 24.110000610351562
38.40217208862305 33.704891204833984 924.9000244140625 90968.6875 1.066100001335144 24.110000610351562
38.40217208862305 33.704891204833984 924.9000244140625 90966.859375 1.066078543663025 24.110000610351562
38.40217208862305 33.704891204833984 924.9000244140625 90969.1875 1.066105842590332 24.110000610351562
38.40217208862305 33.704891204833984 924.9000244140625 90969.84375 1.0661134719848633 24.110000610351562
38.40217208862305 33.704891204833984 924.9000244140625 90968.21875 1.06605863571167 24.1200008392334
38.40217208862305 33.704891204833984 924.9000244140625 90968.5234375 1.0660979747772217 24.110000610351562
38.40217208862305 33.704891204833984 924.9000244140625 90967.046875 1.0660806894302368 24.110000610351562
38.40217208862305 33.704891204833984 924.9000244140625 90969.203125 1.0660700798034668 24.1200008392334
38.40217208862305 33.704891204833984 925.0999755859375 90971.015625 1.0660914182662964 24.1200008392334
38.40217208862305 33.704891204833984 925.0999755859375 90970.515625 1.0660854578018188 24.1200008392334
38.40217208862305 33.704891204833984 925.0999755859375 90967.5390625 1.06605064868927 24.1200008392334
38.40217208862305 33.704891204833984 925.0999755859375 90969.578125 1.0660744905471802 24.1200008392334
38.40217208862305 33.704891204833984 925.0999755859375 90969.90625 1.0660784244537354 24.1200008392334
38.40217208862305 33.704891204833984 925.2000122070312 90969.0625 1.0660685300827026 24.1200008392334
38.40217208862305 33.704891204833984 925.2000122070312 90967.4453125 1.066049575805664 24.1200008392334
38.40217208862305 33.704891204833984 925.2000122070312 90968.1015625 1.0660572052001953 24.1200008392334
38.40217208862305 33.704891204833984 925.2000122070312 90970.0546875 1.066080093383789 24.1200008392334
38.40217208862305 33.704891204833984 925.2000122070312 90967.953125 1.0660196542739868 24.1299991607666
38.40217208862305 33.704891204833984 925.2000122070312 90967.609375 1.0660514831542969 24.1200008392334
38.40217208862305 33.704891204833984 925.2000122070312 90968.265625 1.0660591125488281 24.1200008392334
38.40217208862305 33.704891204833984 925.2000122070312 90967.390625 1.0660488605499268 24.1200008392334
38.40217208862305 33.704891204833984 925.2999877929688 90968.640625 1.0660276412963867 24.1299991607666
38.40217208862305 33.704891204833984 925.2999877929688 90969.15625 1.0661054849624634 24.110000610351562
38.40217208862305 33.704891204833984 925.2999877929688 90968.8984375 1.0660665035247803 24.1200008392334
38.40217208862305 33.704891204833984 925.4000244140625 90967.609375 1.0660514831542969 24.1200008392334
38.40217208862305 33.704891204833984 925.4000244140625 90966.4765625 1.066002368927002 24.1299991607666
38.40217208862305 33.704891204833984 925.4000244140625 90966.3125 1.0660003423690796 24.1299991607666
38.40217208862305 33.704891204833984 925.4000244140625 90965.796875 1.0660302639007568 24.1200008392334
38.40216827392578 33.704891204833984 925.4000244140625 90965.328125 1.0659888982772827 24.1299991607666
38.40216827392578 33.704891204833984 925.5 90966.828125 1.0660064220428467 24.1299991607666
38.40216827392578 33.704891204833984 925.5 90968.453125 1.0660254955291748 24.1299991607666
38.40216827392578 33.704891204833984 925.5 90967.328125 1.0660122632980347 24.1299991607666
38.40216827392578 33.704891204833984 925.5 90967.1875 1.066010594367981 24.1299991607666
38.40216827392578 33.704891204833984 925.5 90968.640625 1.0660276412963867 24.1299991607666
38.40216827392578 33.704891204833984 925.5999755859375 90969.8125 1.0660414695739746 24.1299991607666
38.40216827392578 33.704891204833984 925.5999755859375 90967.015625 1.0660086870193481 24.1299991607666
38.40216827392578 33.704891204833984 925.5999755859375 90969.125 1.0660333633422852 24.1299991607666
38.40216827392578 33.704891204833984 925.5999755859375 90967.1796875 1.066010594367981 24.1299991607666
38.40216827392578 33.704891204833984 925.5999755859375 90966.359375 1.0660009384155273 24.1299991607666
38.40216827392578 33.704891204833984 925.7000122070312 90963.0703125 1.0659624338150024 24.1299991607666
38.40216827392578 33.704891204833984 925.7000122070312 90964.7109375 1.0659816265106201 24.1299991607666
38.40216827392578 33.704891204833984 925.7000122070312 90965.859375 1.0659950971603394 24.1299991607666
38.40216827392578 33.704891204833984 925.7000122070312 90966.6875 1.066004753112793 24.1299991607666
38.40216827392578 33.704891204833984 925.7000122070312 90967.1796875 1.066010594367981 24.1299991607666
38.40216827392578 33.704891204833984 925.7000122070312 90965.046875 1.0659855604171753 24.1299991607666
38.40216827392578 33.704891204833984 925.7000122070312 90967.359375 1.065976858139038 24.139999389648438
38.40216827392578 33.704891204833984 925.7000122070312 90968.6875 1.0659923553466797 24.139999389648438
38.40216827392578 33.704891204833984 925.7000122070312 90967.53125 1.065978765487671 24.139999389648438
38.40216827392578 33.704891204833984 925.7999877929688 90969.34375 1.0660001039505005 24.139999389648438
38.40216827392578 33.704891204833984 925.7999877929688 90968.515625 1.0659903287887573 24.139999389648438
38.40216827392578 33.704891204833984 925.7999877929688 90969.640625 1.0660394430160522 24.1299991607666
38.40216827392578 33.704891204833984 925.7999877929688 90970.84375 1.0660176277160645 24.139999389648438
38.40216827392578 33.704891204833984 925.7999877929688 90966.375 1.0659652948379517 24.139999389648438
38.40216827392578 33.704891204833984 925.7999877929688 90967.71875 1.0659810304641724 24.139999389648438
38.40216827392578 33.704891204833984 925.7999877929688 90968.703125 1.0659925937652588 24.139999389648438
38.40216827392578 33.704891204833984 925.7999877929688 90972.171875 1.0660332441329956 24.139999389648438
38.40216827392578 33.704891204833984 925.7999877929688 90970.234375 1.0660104751586914 24.139999389648438
38.40216827392578 33.704891204833984 925.7999877929688 90968.8671875 1.0659945011138916 24.139999389648438
38.40216827392578 33.704891204833984 925.7999877929688 90970.09375 1.0659730434417725 24.149999618530273
38.40216827392578 33.704891204833984 925.7999877929688 90968.0703125 1.065985083580017 24.139999389648438
38.40216827392578 33.704891204833984 925.7999877929688 90969.859375 1.066006064414978 24.139999389648438
38.40216827392578 33.704891204833984 925.7999877929688 90970.71875 1.0660161972045898 24.139999389648438
38.40216827392578 33.704891204833984 925.7999877929688 90973.734375 1.066015601158142 24.149999618530273
38.40216827392578 33.704891204833984 925.7999877929688 90969.859375 1.066006064414978 24.139999389648438
38.40216827392578 33.704891204833984 925.7999877929688 90969.875 1.0660063028335571 24.139999389648438
38.40216827392578 33.704891204833984 925.7999877929688 90968.9375 1.0659594535827637 24.149999618530273
38.40216827392578 33.704891204833984 925.7999877929688 90967.9296875 1.065983533859253 24.139999389648438
38.40216827392578 33.704891204833984 925.7999877929688 90969.265625 1.065999150276184 24.139999389648438
38.40216827392578 33.704891204833984 925.7999877929688 90965.625 1.065956473350525 24.139999389648438
38.40216827392578 33.704891204833984 925.7999877929688 90968.3046875 1.0659520626068115 24.149999618530273
38.40216827392578 33.704891204833984 925.7999877929688 90964.9921875 1.065913200378418 24.149999618530273
38.40216827392578 33.704891204833984 925.7999877929688 90966.4921875 1.0659308433532715 24.149999618530273
38.40216827392578 33.704891204833984 925.7000122070312 90969.3125 1.065963864326477 24.149999618530273
38.40216827392578 33.704891204833984 925.7000122070312 90967.4375 1.065977692604065 24.139999389648438
38.40216827392578 33.704891204833984 925.7000122070312 90970.4140625 1.0659767389297485 24.149999618530273
38.40216827392578 33.704891204833984 925.7000122070312 90966.828125 1.0659347772598267 24.149999618530273
38.40216827392578 33.704891204833984 925.7000122070312 90973.09375 1.0660080909729004 24.149999618530273
38.40216827392578 33.704891204833984 925.7000122070312 90971.796875 1.0659929513931274 24.149999618530273
38.40216827392578 33.704891204833984 925.7000122070312 90967.34375 1.0659407377243042 24.149999618530273
38.40216827392578 33.704891204833984 925.7000122070312 90967.171875 1.0659387111663818 24.149999618530273
38.40216827392578 33.70489501953125 925.7000122070312 90967.859375 1.0659468173980713 24.149999618530273
38.40216827392578 33.704891204833984 925.7000122070312 90967.53125 1.0659430027008057 24.149999618530273
38.40216827392578 33.70489501953125 925.7000122070312 90967.53125 1.0659430027008057 24.149999618530273
38.40216827392578 33.70489501953125 925.7000122070312 90968.703125 1.0659208297729492 24.15999984741211
38.40216827392578 33.70489501953125 925.7000122070312 90965.5546875 1.0659197568893433 24.149999618530273
38.40216827392578 33.70489501953125 925.7000122070312 90966.734375 1.065897822380066 24.15999984741211
38.40217208862305 33.70489501953125 925.4000244140625 90967.203125 1.0659390687942505 24.149999618530273
38.40217208862305 33.70489501953125 925.4000244140625 90968.046875 1.065913200378418 24.15999984741211
38.40217208862305 33.70489501953125 925.4000244140625 90966.2578125 1.065892219543457 24.15999984741211
38.40217208862305 33.70489501953125 925.4000244140625 90965.25 1.0658804178237915 24.15999984741211
38.40217208862305 33.70489501953125 925.4000244140625 90965.0859375 1.0658785104751587 24.15999984741211
38.40217208862305 33.70489501953125 925.2999877929688 90964.09375 1.0658668279647827 24.15999984741211
38.40217208862305 33.70489501953125 925.2999877929688 90965.5546875 1.0659197568893433 24.149999618530273
38.40217208862305 33.70489501953125 925.2999877929688 90964.8515625 1.0659115314483643 24.149999618530273
38.40217208862305 33.70489501953125 925.2999877929688 90965.953125 1.0658886432647705 24.15999984741211
38.40217208862305 33.70489501953125 925.0999755859375 90965.4375 1.0658825635910034 24.15999984741211
38.40217208862305 33.70489501953125 925.2999877929688 90962.953125 1.065853476524353 24.15999984741211
38.40217208862305 33.70489501953125 925.0999755859375 90967.078125 1.065901756286621 24.15999984741211
38.40217208862305 33.70489501953125 925.0999755859375 90969.546875 1.065930724143982 24.15999984741211
38.40217208862305 33.70489501953125 925.0999755859375 90969.546875 1.065930724143982 24.15999984741211
38.40217208862305 33.70489501953125 925.0999755859375 90965.953125 1.0658886432647705 24.15999984741211
38.40217208862305 33.70489501953125 925.0999755859375 90967.40625 1.0659056901931763 24.15999984741211
38.40217208862305 33.70489501953125 925.0999755859375 90965.765625 1.065886378288269 24.15999984741211
38.40217208862305 33.70489501953125 925.0999755859375 90964.171875 1.0658677816390991 24.15999984741211
38.40217208862305 33.70489501953125 925.0999755859375 90963.15625 1.065855860710144 24.15999984741211
38.40217590332031 33.70489501953125 925.0999755859375 90961.515625 1.0658366680145264 24.15999984741211
38.40217590332031 33.70489501953125 925.0999755859375 90964.328125 1.0658695697784424 24.15999984741211
38.40217590332031 33.70489501953125 925.0999755859375 90965.484375 1.0658831596374512 24.15999984741211
38.40217590332031 33.70489501953125 925.0999755859375 90968.4453125 1.0659178495407104 24.15999984741211
38.40217590332031 33.70489501953125 925.0999755859375 90966.140625 1.0658907890319824 24.15999984741211
38.40217590332031 33.70489501953125 924.9000244140625 90967.625 1.0659081935882568 24.15999984741211
38.40217590332031 33.70489501953125 924.9000244140625 90966.46875 1.065894603729248 24.15999984741211
38.40217590332031 33.70489501953125 924.9000244140625 90965.3203125 1.0658812522888184 24.15999984741211
38.40217590332031 33.70489501953125 924.9000244140625 90969.453125 1.0658937692642212 24.170000076293945
38.40217590332031 33.70489501953125 924.9000244140625 90966.140625 1.0658907890319824 24.15999984741211
38.40217590332031 33.70489501953125 924.7000122070312 90967.03125 1.065865397453308 24.170000076293945
38.40217590332031 33.70489501953125 924.7000122070312 90969.265625 1.0659273862838745 24.15999984741211
38.40217590332031 33.70489501953125 924.7000122070312 90966.4453125 1.065894365310669 24.15999984741211
38.40217590332031 33.70489501953125 924.7000122070312 90967.203125 1.0658674240112305 24.170000076293945
38.40217971801758 33.704898834228516 924.7000122070312 90968.9375 1.0659235715866089 24.15999984741211
38.40217971801758 33.704898834228516 924.5999755859375 90966.96875 1.0659005641937256 24.15999984741211
38.40217971801758 33.704898834228516 924.5999755859375 90963.046875 1.0658186674118042 24.170000076293945
38.40217971801758 33.704898834228516 924.5999755859375 90967.5234375 1.0658711194992065 24.170000076293945
38.40217971801758 33.704898834228516 924.5999755859375 90966.703125 1.0658615827560425 24.170000076293945
38.40217971801758 33.704898834228516 924.5999755859375 90965.5 1.0658475160598755 24.170000076293945
38.40217971801758 33.704898834228516 924.5 90962.265625 1.0658096075057983 24.170000076293945
38.40217971801758 33.704898834228516 924.5 90962.4296875 1.0658115148544312 24.170000076293945
38.40217971801758 33.704898834228516 924.5 90961.28125 1.065798044204712 24.170000076293945
38.40217971801758 33.704898834228516 924.5 90960.78125 1.065792202949524 24.170000076293945
38.402183532714844 33.704898834228516 924.2000122070312 90967.328125 1.065868854522705 24.170000076293945
38.402183532714844 33.704898834228516 924.2000122070312 90963.546875 1.0658246278762817 24.170000076293945
38.402183532714844 33.704898834228516 924.2000122070312 90964.890625 1.0658403635025024 24.170000076293945
38.402183532714844 33.704898834228516 924.2000122070312 90965.390625 1.0658462047576904 24.170000076293945
38.402183532714844 33.704898834228516 924.2000122070312 90964.890625 1.0658044815063477 24.18000030517578
38.402183532714844 33.704898834228516 924 90964.53125 1.0658360719680786 24.170000076293945
38.402183532714844 33.704898834228516 924 90965.40625 1.0658105611801147 24.18000030517578
38.402183532714844 33.704898834228516 924 90966.1796875 1.0658553838729858 24.170000076293945
38.402183532714844 33.704898834228516 924 90965.6875 1.0658496618270874 24.170000076293945
38.402183532714844 33.704898834228516 924 90964.375 1.0658342838287354 24.170000076293945
38.402183532714844 33.704898834228516 924 90960.609375 1.0657542943954468 24.18000030517578
38.402183532714844 33.704898834228516 924 90962.7265625 1.0658149719238281 24.170000076293945
38.402183532714844 33.704898834228516 924 90963.40625 1.0657870769500732 24.18000030517578
38.402183532714844 33.704898834228516 924 90967.34375 1.0658690929412842 24.170000076293945
38.40218734741211 33.704898834228516 924 90967.171875 1.0658670663833618 24.170000076293945
38.40218734741211 33.704898834228516 923.7000122070312 90967.875 1.065839409828186 24.18000030517578
38.40218734741211 33.704898834228516 923.7000122070312 90967.234375 1.0658318996429443 24.18000030517578
38.40218734741211 33.704898834228516 923.7000122070312 90966.5546875 1.0658239126205444 24.18000030517578
38.40218734741211 33.704898834228516 923.7000122070312 90970.1953125 1.0658665895462036 24.18000030517578
38.40218734741211 33.704898834228516 923.7000122070312 90965.234375 1.0658085346221924 24.18000030517578
38.40218734741211 33.704898834228516 923.2999877929688 90968.25 1.0658438205718994 24.18000030517578
38.40218734741211 33.704898834228516 923.2999877929688 90970.359375 1.0658684968948364 24.18000030517578
38.40218734741211 33.704898834228516 923.2999877929688 90967.0234375 1.0658295154571533 24.18000030517578
38.40218734741211 33.704898834228516 923.2999877929688 90964.25 1.065796971321106 24.18000030517578
38.402191162109375 33.704898834228516 923.0999755859375 90970.03125 1.0658646821975708 24.18000030517578
38.402191162109375 33.704898834228516 923.0999755859375 90969.7265625 1.0658611059188843 24.18000030517578
38.402191162109375 33.704898834228516 923.0999755859375 90970.828125 1.0658739805221558 24.18000030517578
38.402191162109375 33.704898834228516 923.0999755859375 90968.59375 1.0658119916915894 24.190000534057617
38.402191162109375 33.704898834228516 923.0999755859375 90967.3984375 1.0658338069915771 24.18000030517578
38.402191162109375 33.704898834228516 923 90967.75 1.0658379793167114 24.18000030517578
38.402191162109375 33.704898834228516 923 90969.390625 1.065857172012329 24.18000030517578
38.402191162109375 33.704898834228516 923 90966.6015625 1.0658245086669922 24.18000030517578
38.402191162109375 33.704898834228516 923 90965.09375 1.0658068656921387 24.18000030517578
38.402191162109375 33.704898834228516 923 90966.765625 1.065826416015625 24.18000030517578
38.402191162109375 33.704898834228516 922.7999877929688 90969.09375 1.0658178329467773 24.190000534057617
38.402191162109375 33.704898834228516 922.7999877929688 90967.46875 1.0657988786697388 24.190000534057617
38.402191162109375 33.704898834228516 922.7999877929688 90965.8046875 1.0657793283462524 24.190000534057617
38.402191162109375 33.704898834228516 922.7999877929688 90968.59375 1.0658119916915894 24.190000534057617
38.402191162109375 33.704898834228516 922.7999877929688 90967.46875 1.0657988786697388 24.190000534057617
38.402191162109375 33.704898834228516 922.9000244140625 90968.828125 1.065814733505249 24.190000534057617
38.402191162109375 33.704898834228516 922.9000244140625 90967.828125 1.065803050994873 24.190000534057617
38.402191162109375 33.704898834228516 922.9000244140625 90967.3125 1.065796971321106 24.190000534057617
38.40219497680664 33.704898834228516 922.9000244140625 90969.3046875 1.065820336341858 24.190000534057617
38.402191162109375 33.704898834228516 922.9000244140625 90968.484375 1.0658106803894043 24.190000534057617
38.40219497680664 33.704898834228516 922.5 90970.4765625 1.0658340454101562 24.190000534057617
38.40219497680664 33.704898834228516 922.5 90965.6875 1.0657780170440674 24.190000534057617
38.40219497680664 33.704898834228516 922.5 90967.3125 1.065796971321106 24.190000534057617
38.40219497680664 33.704898834228516 922.5 90962.84375 1.0657446384429932 24.190000534057617
38.40219497680664 33.704898834228516 922.5 90966.0390625 1.065782070159912 24.190000534057617
38.40219497680664 33.704898834228516 922.5 90968.171875 1.0658071041107178 24.190000534057617
38.40219497680664 33.704898834228516 922.5 90965.984375 1.0657814741134644 24.190000534057617
38.40219497680664 33.704898834228516 922.5 90966.6953125 1.065789818763733 24.190000534057617
38.40219497680664 33.704898834228516 922.5 90965.046875 1.0657705068588257 24.190000534057617
38.402198791503906 33.704898834228516 922.2999877929688 90967.171875 1.0657953023910522 24.190000534057617
38.402198791503906 33.704898834228516 922.2999877929688 90967.6328125 1.0658007860183716 24.190000534057617
38.402198791503906 33.704898834228516 922.2999877929688 90967.984375 1.0658048391342163 24.190000534057617
38.402198791503906 33.704898834228516 922.2999877929688 90964.3671875 1.0657625198364258 24.190000534057617
38.402198791503906 33.704898834228516 922.2999877929688 90968.0078125 1.065805196762085 24.190000534057617
38.402198791503906 33.704898834228516 922.2999877929688 90970 1.0657926797866821 24.200000762939453
38.402198791503906 33.704898834228516 922.2999877929688 90968.34375 1.0658091306686401 24.190000534057617
38.402198791503906 33.704898834228516 922.2999877929688 90970.640625 1.065835952758789 24.190000534057617
38.402198791503906 33.704898834228516 922.2999877929688 90969.6796875 1.0657888650894165 24.200000762939453
38.402198791503906 33.704898834228516 922.2999877929688 90971.46875 1.0658457279205322 24.190000534057617
38.402198791503906 33.704898834228516 922.4000244140625 90970.6640625 1.065800428390503 24.200000762939453
38.402198791503906 33.704898834228516 922.4000244140625 90968.828125 1.065814733505249 24.190000534057617
38.402198791503906 33.704898834228516 922.4000244140625 90965.890625 1.0657445192337036 24.200000762939453
38.402198791503906 33.704898834228516 922.4000244140625 90969.484375 1.0658224821090698 24.190000534057617
38.402198791503906 33.704898834228516 922.2999877929688 90968.671875 1.0658129453659058 24.190000534057617
38.402198791503906 33.704898834228516 922.2999877929688 90967.7265625 1.0657659769058228 24.200000762939453
38.402198791503906 33.704898834228516 922.2999877929688 90970.6875 1.065800666809082 24.200000762939453
38.402198791503906 33.704898834228516 922.2999877929688 90973.109375 1.06586492061615 24.190000534057617
38.402198791503906 33.704898834228516 922.2999877929688 90972.140625 1.0658177137374878 24.200000762939453
38.402198791503906 33.704898834228516 922.4000244140625 90967.5859375 1.065764307975769 24.200000762939453
38.402198791503906 33.704898834228516 922.4000244140625 90965.3984375 1.0657386779785156 24.200000762939453
38.402198791503906 33.704898834228516 922.4000244140625 90964.953125 1.065733551979065 24.200000762939453
38.402198791503906 33.704898834228516 922.4000244140625 90965.7734375 1.065743088722229 24.200000762939453
38.402198791503906 33.704898834228516 922.4000244140625 90969.390625 1.065785527229309 24.200000762939453
38.402198791503906 33.704898834228516 922.2999877929688 90970.1953125 1.0657949447631836 24.200000762939453
38.402198791503906 33.704898834228516 922.2999877929688 90965.1171875 1.0657354593276978 24.200000762939453
38.402198791503906 33.704898834228516 922.2999877929688 90964.296875 1.0657258033752441 24.200000762939453
38.402198791503906 33.704898834228516 922.2999877929688 90966.265625 1.065748929977417 24.200000762939453
38.402198791503906 33.704898834228516 922.2999877929688 90965.9375 1.0657449960708618 24.200000762939453
38.402198791503906 33.704898834228516 922.2999877929688 90970.75 1.065765619277954 24.209999084472656
38.402198791503906 33.704898834228516 922.2999877929688 90966.6171875 1.0657172203063965 24.209999084472656
38.402198791503906 33.704898834228516 922.2999877929688 90968.078125 1.065770149230957 24.200000762939453
38.402198791503906 33.704898834228516 922.2999877929688 90972.5390625 1.065786600112915 24.209999084472656
38.402198791503906 33.704898834228516 922.2999877929688 90968.4296875 1.0657384395599365 24.209999084472656
38.402198791503906 33.704898834228516 922.2999877929688 90967.625 1.065729022026062 24.209999084472656
38.402198791503906 33.704898834228516 922.2999877929688 90968.75 1.0657421350479126 24.209999084472656
38.402198791503906 33.704898834228516 922.2999877929688 90970.421875 1.0657618045806885 24.209999084472656
38.402198791503906 33.704898834228516 922.2999877929688 90970.28125 1.0657601356506348 24.209999084472656
38.40220260620117 33.704898834228516 922.2999877929688 90967.9375 1.0657325983047485 24.209999084472656
38.40220260620117 33.704898834228516 922.2999877929688 90972.09375 1.0657813549041748 24.209999084472656
38.40220260620117 33.704898834228516 922.2999877929688 90971.453125 1.065773844718933 24.209999084472656
38.40220260620117 33.704898834228516 922.2999877929688 90968.59375 1.0657403469085693 24.209999084472656
38.40220260620117 33.704898834228516 922.2999877929688 90970.1171875 1.065758228302002 24.209999084472656
38.40220260620117 33.70490264892578 922.2999877929688 90968.9921875 1.0657449960708618 24.209999084472656
38.40220260620117 33.70490264892578 922.2999877929688 90970.09375 1.0657578706741333 24.209999084472656
38.40220260620117 33.70490264892578 922.2999877929688 90966.3125 1.06571364402771 24.209999084472656
38.40220260620117 33.70490264892578 922.2999877929688 90965.703125 1.065706491470337 24.209999084472656
38.40220260620117 33.70490264892578 922.2999877929688 90968.125 1.06573486328125 24.209999084472656
38.40220260620117 33.70490264892578 922.2000122070312 90968.609375 1.0657404661178589 24.209999084472656
38.40220260620117 33.70490264892578 922.2000122070312 90966.96875 1.0657212734222412 24.209999084472656
38.40220260620117 33.70490264892578 922.2000122070312 90965.328125 1.0657020807266235 24.209999084472656
38.40220260620117 33.70490264892578 922.2000122070312 90970.453125 1.0657621622085571 24.209999084472656
38.40220260620117 33.70490264892578 922.2000122070312 90967.625 1.065729022026062 24.209999084472656
38.40220260620117 33.70490264892578 922.0999755859375 90968.46875 1.0657389163970947 24.209999084472656
38.40220260620117 33.70490264892578 922.0999755859375 90969.765625 1.0657540559768677 24.209999084472656
38.40220260620117 33.70490264892578 922.0999755859375 90966.0078125 1.0657100677490234 24.209999084472656
38.40220642089844 33.70490264892578 922 90967.5078125 1.0657275915145874 24.209999084472656
38.40220260620117 33.70490264892578 922.0999755859375 90968.171875 1.0657353401184082 24.209999084472656
38.40220642089844 33.70490264892578 922 90967.046875 1.0656863451004028 24.219999313354492
38.40220642089844 33.70490264892578 922 90968.46875 1.0657389163970947 24.209999084472656
38.40220642089844 33.70490264892578 922 90972.5859375 1.0657870769500732 24.209999084472656
38.40220642089844 33.70490264892578 922 90969.859375 1.0657193660736084 24.219999313354492
38.40220642089844 33.70490264892578 922 90968.84375 1.0657074451446533 24.219999313354492
38.40220642089844 33.70490264892578 922 90969.71875 1.0657176971435547 24.219999313354492
38.40220642089844 33.70490264892578 922 90968.21875 1.0657000541687012 24.219999313354492
38.40220642089844 33.70490264892578 922 90971.53125 1.0657389163970947 24.219999313354492
38.40220642089844 33.70490264892578 922 90968.546875 1.0657039880752563 24.219999313354492
38.40220260620117 33.70490264892578 921.9000244140625 90971.8515625 1.0657426118850708 24.219999313354492
38.40220260620117 33.70490264892578 921.9000244140625 90973 1.06575608253479 24.219999313354492
38.40220642089844 33.70490264892578 921.9000244140625 90972.1875 1.065746545791626 24.219999313354492
38.40220642089844 33.70490264892578 921.7999877929688 90969.859375 1.0657193660736084 24.219999313354492
38.40220642089844 33.70490264892578 921.7999877929688 90972.84375 1.0657542943954468 24.219999313354492
38.40220642089844 33.70490264892578 921.7999877929688 90973.1484375 1.0657578706741333 24.219999313354492
38.40220642089844 33.70490264892578 921.7999877929688 90972 1.065744400024414 24.219999313354492
38.40220642089844 33.70490264892578 921.7999877929688 90974.9765625 1.065779209136963 24.219999313354492
38.40220642089844 33.70490264892578 921.7000122070312 90967.203125 1.0656882524490356 24.219999313354492
38.40220642089844 33.70490264892578 921.7000122070312 90971.1953125 1.0657349824905396 24.219999313354492
38.40220642089844 33.70490264892578 921.7000122070312 90970.859375 1.0657310485839844 24.219999313354492
38.40220642089844 33.70490264892578 921.7000122070312 90972.1875 1.065746545791626 24.219999313354492
38.40220642089844 33.70490264892578 921.5999755859375 90969.578125 1.0656801462173462 24.229999542236328
38.40220642089844 33.70490264892578 921.5999755859375 90972.0390625 1.0657089948654175 24.229999542236328
38.40220642089844 33.70490264892578 921.5999755859375 90974.8125 1.06577730178833 24.219999313354492
38.40220642089844 33.70490264892578 921.5999755859375 90969.953125 1.0656845569610596 24.229999542236328
38.40220642089844 33.70490264892578 921.5999755859375 90969.578125 1.0656801462173462 24.229999542236328
38.40220642089844 33.70490264892578 921.4000244140625 90967.9296875 1.065660834312439 24.229999542236328
38.40220642089844 33.70490264892578 921.4000244140625 90964.2890625 1.0656540393829346 24.219999313354492
38.40220642089844 33.70490264892578 921.4000244140625 90965.4609375 1.0656319856643677 24.229999542236328
38.40220642089844 33.70490264892578 921.4000244140625 90968.1171875 1.0656630992889404 24.229999542236328
38.40220642089844 33.70490264892578 921.4000244140625 90971.4296875 1.0657018423080444 24.229999542236328
38.40220642089844 33.70490264892578 921.4000244140625 90968.984375 1.0656732320785522 24.229999542236328
38.40220642089844 33.70490264892578 921.4000244140625 90967.640625 1.0656574964523315 24.229999542236328
38.40220642089844 33.70490264892578 921.4000244140625 90969.953125 1.0656845569610596 24.229999542236328
38.40220642089844 33.70490264892578 921.4000244140625 90969.4375 1.065678596496582 24.229999542236328
38.40220642089844 33.70490264892578 921.4000244140625 90967.78125 1.0656591653823853 24.229999542236328
38.40220642089844 33.70490264892578 921.2999877929688 90971.640625 1.0656684637069702 24.239999771118164
38.40220642089844 33.70490264892578 921.2999877929688 90969.4765625 1.0656789541244507 24.229999542236328
38.40220642089844 33.70490264892578 921.2999877929688 90968.421875 1.065666675567627 24.229999542236328
38.40220642089844 33.70490264892578 921.2999877929688 90971.9453125 1.0657079219818115 24.229999542236328
38.40220642089844 33.70490264892578 921.2999877929688 90969.96875 1.0656847953796387 24.229999542236328
38.40220642089844 33.70490264892578 921.4000244140625 90964.546875 1.065621256828308 24.229999542236328
38.40220642089844 33.70490264892578 921.4000244140625 90970.328125 1.0656530857086182 24.239999771118164
38.40220642089844 33.70490264892578 921.4000244140625 90966.515625 1.0656442642211914 24.229999542236328
38.40220642089844 33.70490264892578 921.4000244140625 90969.171875 1.065639615058899 24.239999771118164
38.4022102355957 33.70490264892578 921.2000122070312 90969.5234375 1.0656436681747437 24.239999771118164
38.4022102355957 33.70490264892578 921.2000122070312 90967.203125 1.065616488456726 24.239999771118164
38.4022102355957 33.70490264892578 921.2000122070312 90969.359375 1.0656417608261108 24.239999771118164
38.4022102355957 33.70490264892578 921.2000122070312 90968.890625 1.0656362771987915 24.239999771118164
38.4022102355957 33.70490264892578 921.2000122070312 90969.359375 1.0656417608261108 24.239999771118164
38.4022102355957 33.70490264892578 921.2999877929688 90971 1.0656609535217285 24.239999771118164
38.4022102355957 33.70490264892578 921.2999877929688 90966.2109375 1.0656049251556396 24.239999771118164
38.4022102355957 33.70490264892578 921.2999877929688 90963.90625 1.0655778646469116 24.239999771118164
38.4022102355957 33.70490264892578 921.2999877929688 90964.265625 1.0655821561813354 24.239999771118164
38.4022102355957 33.70490264892578 921.2999877929688 90964.5703125 1.065585732460022 24.239999771118164
38.4022102355957 33.70490264892578 921.2000122070312 90970.015625 1.0656495094299316 24.239999771118164
38.4022102355957 33.70490264892578 921.2000122070312 90967.390625 1.0656187534332275 24.239999771118164
38.4022102355957 33.70490264892578 921.2000122070312 90966.734375 1.0656110048294067 24.239999771118164
38.4022102355957 33.70490264892578 921.2000122070312 90965.71875 1.0655990839004517 24.239999771118164
38.4022102355957 33.70490264892578 921.2000122070312 90966.2109375 1.0656049251556396 24.239999771118164
38.4022102355957 33.70490264892578 921.2000122070312 90965.765625 1.0655996799468994 24.239999771118164
38.4022102355957 33.70490264892578 921.2000122070312 90964.75 1.0655877590179443 24.239999771118164
38.4022102355957 33.70490264892578 921.2000122070312 90964.609375 1.0655860900878906 24.239999771118164
38.4022102355957 33.70490264892578 921.2000122070312 90966.5625 1.0656089782714844 24.239999771118164
38.4022102355957 33.70490264892578 921.2000122070312 90965.578125 1.0655975341796875 24.239999771118164
38.4022102355957 33.70490264892578 921.2000122070312 90965.578125 1.0655975341796875 24.239999771118164
38.4022102355957 33.70490264892578 921.2000122070312 90972.8359375 1.0656825304031372 24.239999771118164
38.4022102355957 33.70490264892578 921.2000122070312 90965.6015625 1.0655977725982666 24.239999771118164
38.4022102355957 33.70490264892578 921.2000122070312 90971.1875 1.06566321849823 24.239999771118164
38.4022102355957 33.70490646362305 921.2000122070312 90968.5625 1.0656324625015259 24.239999771118164
38.4022102355957 33.70490646362305 921.2000122070312 90971.84375 1.0656708478927612 24.239999771118164
38.4022102355957 33.70490646362305 921.2000122070312 90970.03125 1.0656496286392212 24.239999771118164
38.4022102355957 33.70490646362305 921.2000122070312 90971.703125 1.0656334161758423 24.25
38.4022102355957 33.70490646362305 921.2000122070312 90969.7109375 1.0656459331512451 24.239999771118164
38.4022102355957 33.70490646362305 921.0999755859375 90967.40625 1.065618872642517 24.239999771118164
38.4022102355957 33.70490646362305 921.0999755859375 90968.890625 1.0656362771987915 24.239999771118164
38.4022102355957 33.70490646362305 921.0999755859375 90965.25 1.0655936002731323 24.239999771118164
38.4022102355957 33.70490646362305 921.0999755859375 90968.0625 1.065626621246338 24.239999771118164
38.4022102355957 33.70490646362305 921.0999755859375 90967.1015625 1.0655795335769653 24.25
38.4022102355957 33.70490646362305 921.0999755859375 90967.9453125 1.065589427947998 24.25
38.4022102355957 33.70490646362305 921.0999755859375 90965.921875 1.0656014680862427 24.239999771118164
38.4022102355957 33.70490646362305 921.0999755859375 90968.2265625 1.0656285285949707 24.239999771118164
38.4022102355957 33.70490646362305 921.0999755859375 90971.09375 1.0656262636184692 24.25
38.4022102355957 33.70490646362305 921.0999755859375 90971.5625 1.0656317472457886 24.25
38.4022102355957 33.70490646362305 921 90972.25 1.065639853477478 24.25
38.4022102355957 33.70490646362305 921 90973.015625 1.0656487941741943 24.25
38.4022102355957 33.70490646362305 921 90972.03125 1.065637230873108 24.25
38.4022102355957 33.70490646362305 921 90970.0859375 1.0656144618988037 24.25
38.4022102355957 33.70490646362305 921.0999755859375 90969.453125 1.0656070709228516 24.25
38.4022102355957 33.70490646362305 921.0999755859375 90969.09375 1.0656028985977173 24.25
38.4022102355957 33.70490646362305 921.0999755859375 90972.71875 1.0656453371047974 24.25
38.4022102355957 33.70490646362305 921.0999755859375 90971.28125 1.0656285285949707 24.25
38.4022102355957 33.70490646362305 921.0999755859375 90965.171875 1.0655568838119507 24.25
38.4022102355957 33.70490646362305 921.0999755859375 90972.90625 1.0656474828720093 24.25
38.4022102355957 33.70490646362305 921.0999755859375 90969.453125 1.0656070709228516 24.25
38.4022102355957 33.70490646362305 921.0999755859375 90968.1328125 1.06559157371521 24.25
38.4022102355957 33.70490646362305 921.0999755859375 90968.1328125 1.06559157371521 24.25
38.4022102355957 33.70490646362305 921.0999755859375 90968.6953125 1.06556236743927 24.260000228881836
38.4022102355957 33.70490646362305 921.0999755859375 90969.828125 1.0655755996704102 24.260000228881836
38.4022102355957 33.70490646362305 921.0999755859375 90968.203125 1.065556526184082 24.260000228881836
38.4022102355957 33.70490646362305 921.0999755859375 90974.125 1.0656259059906006 24.260000228881836
38.4022102355957 33.70490646362305 921.0999755859375 90968.984375 1.0656015872955322 24.25
38.4022102355957 33.70490646362305 921.0999755859375 90971.796875 1.065598726272583 24.260000228881836
38.4022102355957 33.70490646362305 921.2000122070312 90970.484375 1.065583348274231 24.260000228881836
38.4022102355957 33.70490646362305 921.2000122070312 90970.296875 1.0656169652938843 24.25
38.4022102355957 33.70490646362305 921.2000122070312 90966.375 1.0655351877212524 24.260000228881836
38.4022102355957 33.70490646362305 921.2000122070312 90970.34375 1.0655816793441772 24.260000228881836
38.4022102355957 33.70490646362305 921.2000122070312 90972.1484375 1.0656027793884277 24.260000228881836
38.4022102355957 33.70490646362305 921.2000122070312 90968.84375 1.0655640363693237 24.260000228881836
38.4022102355957 33.70490646362305 921.2000122070312 90973.09375 1.0656497478485107 24.25
38.4022102355957 33.70490646362305 921.2000122070312 90971.15625 1.0655912160873413 24.260000228881836
38.4022102355957 33.70490646362305 921.2000122070312 90969.8046875 1.0656111240386963 24.25
38.40221405029297 33.70490646362305 921.2000122070312 90970.1796875 1.0655797719955444 24.260000228881836
38.40221405029297 33.70490646362305 921.2000122070312 90971.65625 1.0655970573425293 24.260000228881836
38.40221405029297 33.70490646362305 921.2000122070312 90967.21875 1.0655450820922852 24.260000228881836
38.40221405029297 33.70490646362305 921.2000122070312 90968.6953125 1.06556236743927 24.260000228881836
38.40221405029297 33.70490646362305 921.2000122070312 90967.921875 1.0655533075332642 24.260000228881836
38.40221405029297 33.70490646362305 921.2000122070312 90967.78125 1.0655157566070557 24.270000457763672
38.40221405029297 33.70490646362305 921.2000122070312 90967.03125 1.0655428171157837 24.260000228881836
38.40221405029297 33.70490646362305 921.2000122070312 90966.09375 1.065531849861145 24.260000228881836
38.40221405029297 33.70490646362305 921.2000122070312 90963.59375 1.065502643585205 24.260000228881836
38.40221405029297 33.70490646362305 921.2000122070312 90966.09375 1.065531849861145 24.260000228881836
38.40221405029297 33.70490646362305 921.0999755859375 90969.875 1.065576195716858 24.260000228881836
38.40221405029297 33.70490646362305 921.0999755859375 90967.75 1.0655512809753418 24.260000228881836
38.40221405029297 33.70490646362305 921.0999755859375 90969.234375 1.0655686855316162 24.260000228881836
38.40221405029297 33.70490646362305 921.0999755859375 90967.96875 1.0655180215835571 24.270000457763672
38.40221405029297 33.70490646362305 921.0999755859375 90967.328125 1.0655105113983154 24.270000457763672
38.40221405029297 33.70490646362305 921.0999755859375 90964 1.0654715299606323 24.270000457763672
38.40221405029297 33.70490646362305 921.0999755859375 90968.3203125 1.0655220746994019 24.270000457763672
38.40221405029297 33.70490646362305 921.0999755859375 90964.5390625 1.0654778480529785 24.270000457763672
38.40221405029297 33.70490646362305 921.0999755859375 90965.3125 1.0654869079589844 24.270000457763672
38.40221405029297 33.70490646362305 921.0999755859375 90967.328125 1.0655105113983154 24.270000457763672
38.40221405029297 33.70490646362305 921.0999755859375 90964.046875 1.06547212600708 24.270000457763672
38.40221405029297 33.70490646362305 921.0999755859375 90967.984375 1.0655181407928467 24.270000457763672
38.40221405029297 33.70490646362305 921.0999755859375 90967.328125 1.0655105113983154 24.270000457763672
38.40221405029297 33.70490646362305 921.0999755859375 90964.046875 1.06547212600708 24.270000457763672
38.40221405029297 33.70491027832031 921.0999755859375 90965.4921875 1.0654890537261963 24.270000457763672
38.40221405029297 33.70491027832031 921.0999755859375 90969.96875 1.065541386604309 24.270000457763672
38.40221405029297 33.70491027832031 921.0999755859375 90964.015625 1.0654716491699219 24.270000457763672
38.40221405029297 33.70491027832031 921.0999755859375 90966.1875 1.0654971599578857 24.270000457763672
38.40221405029297 33.70491027832031 921.0999755859375 90968.640625 1.0654900074005127 24.280000686645508
38.40221405029297 33.70491027832031 921.0999755859375 90969.796875 1.0655394792556763 24.270000457763672
38.40221405029297 33.70491027832031 921.0999755859375 90970.125 1.065543293952942 24.270000457763672
38.40221405029297 33.70491027832031 921.0999755859375 90968.8125 1.0655279159545898 24.270000457763672
38.40221405029297 33.70491027832031 921.0999755859375 90966.015625 1.0654951333999634 24.270000457763672
38.40221405029297 33.70491027832031 921.0999755859375 90968.125 1.0655198097229004 24.270000457763672
38.40221405029297 33.70491027832031 921 90965.6796875 1.0654553174972534 24.280000686645508
38.40221405029297 33.70491027832031 921 90970.609375 1.0655131340026855 24.280000686645508
38.40221405029297 33.70491027832031 921 90965.6796875 1.0654553174972534 24.280000686645508
38.40221405029297 33.70491027832031 921 90965.1640625 1.0654851198196411 24.270000457763672
38.40221405029297 33.70491027832031 921 90965.015625 1.0654475688934326 24.280000686645508
38.40221405029297 33.70491027832031 920.9000244140625 90963.875 1.065434217453003 24.280000686645508
38.40221405029297 33.70491027832031 920.9000244140625 90966.0078125 1.0654592514038086 24.280000686645508
38.40221405029297 33.70491027832031 920.9000244140625 90965.84375 1.0654573440551758 24.280000686645508
38.40221405029297 33.70491027832031 920.9000244140625 90962.5625 1.0654547214508057 24.270000457763672
38.40221405029297 33.70491027832031 920.9000244140625 90966.21875 1.0654616355895996 24.280000686645508
38.40221405029297 33.70491027832031 920.9000244140625 90965.046875 1.0654479265213013 24.280000686645508
38.40221405029297 33.70491027832031 920.9000244140625 90964.765625 1.0654447078704834 24.280000686645508
38.40221405029297 33.70491027832031 920.9000244140625 90965.421875 1.0654523372650146 24.280000686645508
38.40221405029297 33.70491027832031 920.9000244140625 90967.90625 1.0654456615447998 24.290000915527344
38.40221405029297 33.70491027832031 920.7999877929688 90965.5859375 1.0654542446136475 24.280000686645508
38.40221405029297 33.70491027832031 920.7999877929688 90964.125 1.065401315689087 24.290000915527344
38.40221405029297 33.70491027832031 920.7999877929688 90963.0703125 1.0654247999191284 24.280000686645508
38.40221405029297 33.70491027832031 920.7999877929688 90963.609375 1.0654311180114746 24.280000686645508
38.40221405029297 33.70491027832031 920.7999877929688 90964.109375 1.0654369592666626 24.280000686645508
38.40221405029297 33.70491027832031 920.9000244140625 90963.921875 1.0654348134994507 24.280000686645508
38.40221405029297 33.70491027832031 920.9000244140625 90961.6875 1.0653728246688843 24.290000915527344
38.40221405029297 33.70491027832031 920.9000244140625 90965.46875 1.0654170513153076 24.290000915527344
38.40221405029297 33.70491027832031 920.9000244140625 90962.125 1.0654137134552002 24.280000686645508
38.4022102355957 33.70491027832031 920.9000244140625 90963.140625 1.06538987159729 24.290000915527344
38.4022102355957 33.70491027832031 921 90962.2734375 1.0654155015945435 24.280000686645508
38.4022102355957 33.70491027832031 921 90962.4375 1.0654174089431763 24.280000686645508
38.4022102355957 33.70491027832031 921 90961.921875 1.0654113292694092 24.280000686645508
38.4022102355957 33.70491027832031 921 90962.671875 1.0653842687606812 24.290000915527344
38.4022102355957 33.70491027832031 920.9000244140625 90963.5390625 1.0653945207595825 24.290000915527344
38.4022102355957 33.70491027832031 920.9000244140625 90961.828125 1.065374493598938 24.290000915527344
38.4022102355957 33.70491027832031 920.9000244140625 90963.375 1.0653926134109497 24.290000915527344
38.4022102355957 33.70491027832031 920.9000244140625 90964.0546875 1.0653647184371948 24.299999237060547
38.4022102355957 33.70491027832031 920.9000244140625 90964.03125 1.065400242805481 24.290000915527344
38.4022102355957 33.70491027832031 920.9000244140625 90962.71875 1.065384864807129 24.290000915527344
38.4022102355957 33.70491027832031 920.9000244140625 90962.859375 1.0653865337371826 24.290000915527344
38.4022102355957 33.70491027832031 920.9000244140625 90963.5390625 1.0653945207595825 24.290000915527344
38.4022102355957 33.70491027832031 920.9000244140625 90963.6796875 1.0653960704803467 24.290000915527344
38.4022102355957 33.70491027832031 920.9000244140625 90966.6640625 1.0654311180114746 24.290000915527344
38.4022102355957 33.70491027832031 920.9000244140625 90964.359375 1.0654040575027466 24.290000915527344
38.4022102355957 33.70491027832031 920.9000244140625 90964.359375 1.0654040575027466 24.290000915527344
38.4022102355957 33.70491027832031 920.9000244140625 90965.890625 1.065386176109314 24.299999237060547
38.4022102355957 33.70491027832031 920.9000244140625 90964.8984375 1.0653746128082275 24.299999237060547
38.4022102355957 33.70491027832031 920.9000244140625 90965.859375 1.0653858184814453 24.299999237060547
38.4022102355957 33.70491027832031 921 90965.5625 1.0653823614120483 24.299999237060547
38.4022102355957 33.70491027832031 921 90966.5 1.0654292106628418 24.290000915527344
38.4022102355957 33.70491027832031 921 90962.765625 1.0653495788574219 24.299999237060547
38.4022102355957 33.70491027832031 921 90961.96875 1.065340280532837 24.299999237060547
38.4022102355957 33.70491027832031 921 90963.9375 1.0653632879257202 24.299999237060547
38.4022102355957 33.70491027832031 920.9000244140625 90963.3046875 1.065355896949768 24.299999237060547
38.4022102355957 33.70491027832031 920.9000244140625 90964.921875 1.0653748512268066 24.299999237060547
38.4022102355957 33.70491027832031 920.9000244140625 90963.234375 1.0653550624847412 24.299999237060547
38.4022102355957 33.70491027832031 920.9000244140625 90964.7578125 1.0653729438781738 24.299999237060547
38.4022102355957 33.70491027832031 920.7999877929688 90962.96875 1.065351963043213 24.299999237060547
38.4022102355957 33.70491027832031 920.7999877929688 90960.765625 1.06532621383667 24.299999237060547
38.4022102355957 33.70491027832031 920.7999877929688 90964.8984375 1.0653746128082275 24.299999237060547
38.4022102355957 33.70491027832031 920.7999877929688 90961.75 1.0653376579284668 24.299999237060547
38.4022102355957 33.70491027832031 920.7999877929688 90962.9296875 1.0653514862060547 24.299999237060547
38.4022102355957 33.70491027832031 920.7000122070312 90961.6328125 1.0653363466262817 24.299999237060547
38.4022102355957 33.70491027832031 920.7000122070312 90962.96875 1.065351963043213 24.299999237060547
38.4022102355957 33.70491027832031 920.7000122070312 90963.28125 1.065355658531189 24.299999237060547
38.4022102355957 33.70491027832031 920.7000122070312 90964.953125 1.0653752088546753 24.299999237060547
38.4022102355957 33.70491027832031 920.7000122070312 90963.796875 1.065361738204956 24.299999237060547
38.4022102355957 33.70491027832031 920.7999877929688 90962.7890625 1.0653499364852905 24.299999237060547
38.4022102355957 33.70491027832031 920.7999877929688 90964.640625 1.065335750579834 24.309999465942383
38.4022102355957 33.70491027832031 920.7999877929688 90969.1015625 1.065423846244812 24.299999237060547
38.4022102355957 33.70491027832031 920.7999877929688 90963.28125 1.065355658531189 24.299999237060547
38.4022102355957 33.70491027832031 920.7999877929688 90965.796875 1.0653493404388428 24.309999465942383
38.4022102355957 33.70491027832031 920.7000122070312 90964.96875 1.0653395652770996 24.309999465942383
38.4022102355957 33.70491027832031 920.7000122070312 90966.9375 1.0653626918792725 24.309999465942383
38.4022102355957 33.70491027832031 920.7000122070312 90964.6171875 1.0653712749481201 24.299999237060547
38.4022102355957 33.70491027832031 920.7000122070312 90963.15625 1.0653183460235596 24.309999465942383
38.4022102355957 33.70491027832031 920.7000122070312 90966.140625 1.065353274345398 24.309999465942383
38.4022102355957 33.70491027832031 920.7000122070312 90964.984375 1.0653398036956787 24.309999465942383
38.4022102355957 33.70491027832031 920.7000122070312 90966.9453125 1.0653626918792725 24.309999465942383
38.4022102355957 33.70491027832031 920.7000122070312 90963.984375 1.0653281211853027 24.309999465942383
38.4022102355957 33.70491027832031 920.7000122070312 90962.0078125 1.0653048753738403 24.309999465942383
38.4022102355957 33.70491027832031 920.7000122070312 90961.3515625 1.065297245979309 24.309999465942383
38.4022102355957 33.70491027832031 920.7000122070312 90966.4453125 1.0653568506240845 24.309999465942383
38.4022102355957 33.70491027832031 920.7000122070312 90958.71875 1.0652663707733154 24.309999465942383
38.4022102355957 33.70491027832031 920.7000122070312 90963.984375 1.0653281211853027 24.309999465942383
38.4022102355957 33.70491027832031 920.7000122070312 90964.140625 1.065329909324646 24.309999465942383
38.4022102355957 33.70491027832031 920.7999877929688 90965.7890625 1.0653492212295532 24.309999465942383
38.4022102355957 33.70491027832031 920.7999877929688 90965.625 1.0653473138809204 24.309999465942383
38.4022102355957 33.70491027832031 920.7999877929688 90963.1796875 1.0653185844421387 24.309999465942383
38.4022102355957 33.70491027832031 920.7999877929688 90960.875 1.0652916431427002 24.309999465942383
38.4022102355957 33.70491027832031 920.7999877929688 90963.0390625 1.0653170347213745 24.309999465942383
38.4022102355957 33.70491027832031 920.7999877929688 90962.7109375 1.0653131008148193 24.309999465942383
38.4022102355957 33.70491027832031 920.7999877929688 90961.859375 1.0653032064437866 24.309999465942383
38.4022102355957 33.70491027832031 920.7999877929688 90963.53125 1.065322756767273 24.309999465942383
38.4022102355957 33.70491027832031 920.7999877929688 90960.21875 1.065284013748169 24.309999465942383
38.4022102355957 33.70491027832031 920.7999877929688 90960.734375 1.0652899742126465 24.309999465942383
38.4022102355957 33.70491027832031 920.7000122070312 90961.234375 1.0652958154678345 24.309999465942383
38.4022102355957 33.70491027832031 920.7000122070312 90962.078125 1.065269947052002 24.31999969482422
38.4022102355957 33.70491027832031 920.7000122070312 90959.5859375 1.0652765035629272 24.309999465942383
38.4022102355957 33.70491027832031 920.7000122070312 90962.546875 1.0653111934661865 24.309999465942383
38.4022102355957 33.70491027832031 920.7000122070312 90961.0859375 1.065258264541626 24.31999969482422
38.4022102355957 33.70491027832031 920.7000122070312 90963.7421875 1.0652893781661987 24.31999969482422
38.4022102355957 33.70491027832031 920.7000122070312 90963.671875 1.0653244256973267 24.309999465942383
38.4022102355957 33.70491027832031 920.7000122070312 90965.359375 1.0653083324432373 24.31999969482422
38.4022102355957 33.70491027832031 920.7000122070312 90963.578125 1.065287470817566 24.31999969482422
38.4022102355957 33.70491027832031 920.5999755859375 90963.2734375 1.0652838945388794 24.31999969482422
38.4022102355957 33.70491027832031 920.5999755859375 90963.203125 1.0653189420700073 24.309999465942383
38.4022102355957 33.70491027832031 920.5999755859375 90964.5625 1.0652990341186523 24.31999969482422
38.4022102355957 33.70491027832031 920.5999755859375 90965.359375 1.0653083324432373 24.31999969482422
38.4022102355957 33.70491027832031 920.5999755859375 90964.734375 1.0653010606765747 24.31999969482422
38.4022102355957 33.70491027832031 920.7000122070312 90964.09375 1.065293550491333 24.31999969482422
38.4022102355957 33.70491027832031 920.7000122070312 90966.6796875 1.065323829650879 24.31999969482422
38.4022102355957 33.70491027832031 920.7000122070312 90965.5546875 1.0653105974197388 24.31999969482422
38.4022102355957 33.70491027832031 920.7000122070312 90966.015625 1.065316081047058 24.31999969482422
38.40220642089844 33.70491027832031 920.7000122070312 90965.25 1.0653070211410522 24.31999969482422
38.40220642089844 33.70491027832031 920.7000122070312 90964.421875 1.0652973651885986 24.31999969482422
38.40220642089844 33.70491027832031 920.7000122070312 90963.578125 1.065287470817566 24.31999969482422
38.40220642089844 33.70491027832031 920.7000122070312 90965.265625 1.0652714967727661 24.329999923706055
38.40220642089844 33.70491027832031 920.7000122070312 90965.578125 1.0653109550476074 24.31999969482422
38.40220642089844 33.70491027832031 920.7000122070312 90964.609375 1.0652637481689453 24.329999923706055
38.40220642089844 33.70491027832031 920.7999877929688 90962.453125 1.0652743577957153 24.31999969482422
38.40220642089844 33.70491027832031 920.7999877929688 90966.0859375 1.0652810335159302 24.329999923706055
38.40220642089844 33.70491027832031 920.7999877929688 90964.421875 1.0652973651885986 24.31999969482422
38.40220642089844 33.70491027832031 920.7999877929688 90964.09375 1.065293550491333 24.31999969482422
38.40220642089844 33.70491027832031 920.7999877929688 90965.7578125 1.0652772188186646 24.329999923706055
38.40220642089844 33.70491027832031 920.7999877929688 90965.4296875 1.065273404121399 24.329999923706055
38.40220642089844 33.70491027832031 920.7999877929688 90965.078125 1.0653051137924194 24.31999969482422
38.40220642089844 33.70491027832031 920.7999877929688 90967.75 1.0653005838394165 24.329999923706055
38.40220642089844 33.70491027832031 920.7999877929688 90967.40625 1.0652965307235718 24.329999923706055
38.40220642089844 33.70491027832031 920.7999877929688 90967.40625 1.0652965307235718 24.329999923706055
38.40220642089844 33.70491027832031 920.7999877929688 90965.59375 1.0652753114700317 24.329999923706055
38.40220642089844 33.70491027832031 920.7999877929688 90965.1015625 1.0652694702148438 24.329999923706055
38.40220642089844 33.70491027832031 920.7999877929688 90966.90625 1.0652906894683838 24.329999923706055
38.40220642089844 33.70491027832031 920.7999877929688 90967.9453125 1.065302848815918 24.329999923706055
38.40220642089844 33.70491027832031 920.7999877929688 90964.296875 1.0652600526809692 24.329999923706055
38.40220642089844 33.70491027832031 920.7999877929688 90964.8203125 1.0652662515640259 24.329999923706055
38.40220642089844 33.70491027832031 920.7999877929688 90965.6171875 1.0652755498886108 24.329999923706055
38.40220642089844 33.70491027832031 920.7999877929688 90965.140625 1.065269947052002 24.329999923706055
38.40220260620117 33.70491027832031 920.7999877929688 90966.484375 1.0652856826782227 24.329999923706055
38.40220260620117 33.70491027832031 920.7999877929688 90962.984375 1.0652446746826172 24.329999923706055
38.40220260620117 33.70491027832031 920.7999877929688 90966.4375 1.0652852058410645 24.329999923706055
38.40220260620117 33.70491027832031 920.7999877929688 90965.7578125 1.0652772188186646 24.329999923706055
38.40220260620117 33.70491027832031 920.7999877929688 90966.6484375 1.0652875900268555 24.329999923706055
38.40220260620117 33.70491027832031 920.7999877929688 90965.3125 1.0652719736099243 24.329999923706055
38.40220260620117 33.70491027832031 920.7999877929688 90966.84375 1.0652540922164917 24.34000015258789
38.40220260620117 33.70491027832031 920.7999877929688 90967.140625 1.0652934312820435 24.329999923706055
38.40220260620117 33.70491027832031 920.7999877929688 90965 1.0652682781219482 24.329999923706055
38.40220260620117 33.70491027832031 920.7999877929688 90969.1171875 1.0653165578842163 24.329999923706055
38.40220260620117 33.70491027832031 920.7000122070312 90968.625 1.0653108358383179 24.329999923706055
38.40220260620117 33.70491027832031 920.7000122070312 90967.8046875 1.0653011798858643 24.329999923706055
38.40220260620117 33.70491027832031 920.7000122070312 90965.6640625 1.0652761459350586 24.329999923706055
38.40220260620117 33.70491027832031 920.7000122070312 90965.828125 1.0652780532836914 24.329999923706055
38.40220260620117 33.70491027832031 920.7000122070312 90965.359375 1.0652366876602173 24.34000015258789
38.40220260620117 33.70491027832031 920.7999877929688 90968.484375 1.0652732849121094 24.34000015258789
38.40220260620117 33.70491027832031 920.7999877929688 90966.8125 1.0652896165847778 24.329999923706055
38.40220260620117 33.70491027832031 920.7999877929688 90966.671875 1.0652520656585693 24.34000015258789
38.40220260620117 33.70491027832031 920.7999877929688 90966.296875 1.0652835369110107 24.329999923706055
38.40220260620117 33.70491027832031 920.7999877929688 90965.5 1.0652742385864258 24.329999923706055
38.40220260620117 33.70491027832031 920.7000122070312 90965.5 1.0652742385864258 24.329999923706055
38.40220260620117 33.70491027832031 920.7000122070312 90967 1.0652559995651245 24.34000015258789
38.40220260620117 33.70491027832031 920.7000122070312 90968.9765625 1.0652791261672974 24.34000015258789
38.40220260620117 33.70491027832031 920.7000122070312 90967.453125 1.06529700756073 24.329999923706055
38.40220260620117 33.70491027832031 920.7000122070312 90966.1796875 1.065246343612671 24.34000015258789
38.40220260620117 33.70491027832031 920.7999877929688 90967 1.0652559995651245 24.34000015258789
38.40220260620117 33.70491027832031 920.7999877929688 90967.6875 1.0652639865875244 24.34000015258789
38.40220260620117 33.70491027832031 920.7999877929688 90964.5625 1.0652273893356323 24.34000015258789
38.40220260620117 33.70491027832031 920.7999877929688 90967.0234375 1.0652562379837036 24.34000015258789
38.40220260620117 33.70491027832031 920.7999877929688 90967.84375 1.0652657747268677 24.34000015258789
38.40220260620117 33.70491027832031 920.7999877929688 90966.0390625 1.0652446746826172 24.34000015258789
38.40220260620117 33.70491027832031 920.7999877929688 90968.8125 1.0652772188186646 24.34000015258789
38.40220260620117 33.70491027832031 920.7999877929688 90966.671875 1.0652520656585693 24.34000015258789
38.40220260620117 33.70491027832031 920.7999877929688 90966.203125 1.06524658203125 24.34000015258789
38.40220260620117 33.70491027832031 920.7999877929688 90966.0625 1.0652449131011963 24.34000015258789
38.40220260620117 33.70491027832031 920.7999877929688 90966.5546875 1.0652507543563843 24.34000015258789
38.40220260620117 33.70491027832031 920.7999877929688 90966.859375 1.0652543306350708 24.34000015258789
38.40220260620117 33.70491027832031 920.7999877929688 90965.5625 1.0652390718460083 24.34000015258789
38.40220260620117 33.70491027832031 920.7999877929688 90965.421875 1.0652016401290894 24.350000381469727
38.40220260620117 33.70491027832031 920.7000122070312 90962.109375 1.0651628971099854 24.350000381469727
38.40220260620117 33.70491027832031 920.7000122070312 90964.25 1.0652236938476562 24.34000015258789
38.40220260620117 33.70491027832031 920.7000122070312 90965.4453125 1.0652018785476685 24.350000381469727
38.40220260620117 33.70491027832031 920.7000122070312 90963.265625 1.0652122497558594 24.34000015258789
38.40220260620117 33.70491027832031 920.7000122070312 90966.21875 1.065246820449829 24.34000015258789
38.40220260620117 33.70491027832031 920.7000122070312 90966.078125 1.0652093887329102 24.350000381469727
38.40220260620117 33.70491027832031 920.7000122070312 90965.28125 1.0651999711990356 24.350000381469727
38.40220260620117 33.70491027832031 920.7000122070312 90970.21875 1.0652577877044678 24.350000381469727
38.40220260620117 33.70491027832031 920.7000122070312 90964.625 1.0651923418045044 24.350000381469727
38.40220260620117 33.70491027832031 920.7000122070312 90964.15625 1.065186858177185 24.350000381469727
38.40220260620117 33.70491027832031 920.5999755859375 90962.8125 1.0651711225509644 24.350000381469727
38.40220260620117 33.70491027832031 920.5999755859375 90967.484375 1.0651899576187134 24.360000610351562
38.40220260620117 33.70491027832031 920.5999755859375 90963.453125 1.065178632736206 24.350000381469727
38.40220260620117 33.70491027832031 920.5999755859375 90963.609375 1.0651804208755493 24.350000381469727
38.40220260620117 33.70491027832031 920.7000122070312 90964.8125 1.0651944875717163 24.350000381469727
38.40220260620117 33.70491027832031 920.7000122070312 90964.125 1.0651865005493164 24.350000381469727
38.40220260620117 33.70491027832031 920.7000122070312 90966.296875 1.0652118921279907 24.350000381469727
38.40220260620117 33.70491027832031 920.7000122070312 90964.5 1.0651909112930298 24.350000381469727
38.40220260620117 33.70491027832031 920.7000122070312 90965.796875 1.0652060508728027 24.350000381469727
38.40220260620117 33.70491027832031 920.5999755859375 90960.5625 1.0651447772979736 24.350000381469727
38.40220260620117 33.70491027832031 920.5999755859375 90961.46875 1.0651553869247437 24.350000381469727
38.40220260620117 33.70491027832031 920.5999755859375 90961.21875 1.0651524066925049 24.350000381469727
38.40220260620117 33.70491027832031 920.5999755859375 90964.3125 1.0651886463165283 24.350000381469727
38.40220260620117 33.70491027832031 920.5999755859375 90959.21875 1.065129041671753 24.350000381469727
38.40220260620117 33.70491027832031 920.7000122070312 90960.015625 1.065138339996338 24.350000381469727
38.40220260620117 33.70491027832031 920.7000122070312 90959.59375 1.0650975704193115 24.360000610351562
38.40220260620117 33.70491027832031 920.7000122070312 90960.203125 1.0651406049728394 24.350000381469727
38.40220260620117 33.70491027832031 920.7000122070312 90958.9375 1.0650899410247803 24.360000610351562
38.40220260620117 33.70491027832031 920.7000122070312 90960.0625 1.0651389360427856 24.350000381469727
38.40220260620117 33.70491027832031 920.5999755859375 90960.5625 1.0651447772979736 24.350000381469727
38.40220260620117 33.70491027832031 920.5999755859375 90959.0546875 1.0651271343231201 24.350000381469727
38.40220260620117 33.70491027832031 920.5999755859375 90960.890625 1.0651485919952393 24.350000381469727
38.40220260620117 33.70491027832031 920.5999755859375 90960.71875 1.065146565437317 24.350000381469727
38.40220260620117 33.70491027832031 920.5999755859375 90963.375 1.0651419162750244 24.360000610351562
38.40220260620117 33.70491027832031 920.5 90963.328125 1.065177083015442 24.350000381469727
38.40220260620117 33.70491027832031 920.5 90963.5859375 1.0651443004608154 24.360000610351562
38.40220260620117 33.70491027832031 920.5 90962.71875 1.0651341676712036 24.360000610351562
38.40220260620117 33.70491027832031 920.5 90964.875 1.0651594400405884 24.360000610351562
38.402198791503906 33.70491027832031 920.5999755859375 90967.625 1.0652275085449219 24.350000381469727
38.402198791503906 33.70491027832031 920.5999755859375 90965.046875 1.0651614665985107 24.360000610351562
38.402198791503906 33.70491027832031 920.5999755859375 90963.84375 1.065183162689209 24.350000381469727
38.402198791503906 33.70491027832031 920.5999755859375 90963.5625 1.0651440620422363 24.360000610351562
38.402198791503906 33.70491027832031 920.5999755859375 90962.859375 1.0651715993881226 24.350000381469727
38.402198791503906 33.70491027832031 920.7000122070312 90963.1171875 1.065138816833496 24.360000610351562
38.402198791503906 33.70491027832031 920.7000122070312 90965.046875 1.0651614665985107 24.360000610351562
38.402198791503906 33.70491027832031 920.7000122070312 90962.0390625 1.0651620626449585 24.350000381469727
38.402198791503906 33.70491027832031 920.7000122070312 90960.15625 1.0651042461395264 24.360000610351562
38.402198791503906 33.70491027832031 920.7000122070312 90961.78125 1.065123200416565 24.360000610351562
38.402198791503906 33.70491027832031 920.7999877929688 90960.765625 1.0651112794876099 24.360000610351562
38.402198791503906 33.70491027832031 920.7999877929688 90960.671875 1.0650744438171387 24.3700008392334
38.402198791503906 33.70491027832031 920.7999877929688 90963.6328125 1.065109133720398 24.3700008392334
38.402198791503906 33.70491027832031 920.7999877929688 90963.28125 1.0651408433914185 24.360000610351562
38.402198791503906 33.70491027832031 920.7999877929688 90965.4453125 1.065130352973938 24.3700008392334
38.402198791503906 33.70491027832031 920.7000122070312 90963.65625 1.065109372138977 24.3700008392334
38.402198791503906 33.70491027832031 920.7000122070312 90961.65625 1.065086007118225 24.3700008392334
38.402198791503906 33.70491027832031 920.7000122070312 90963.9609375 1.0651129484176636 24.3700008392334
38.402198791503906 33.70491027832031 920.7000122070312 90964.4375 1.0651543140411377 24.360000610351562
38.402198791503906 33.70491027832031 920.7000122070312 90962.296875 1.065129280090332 24.360000610351562
38.402198791503906 33.70491027832031 920.7000122070312 90965.5859375 1.065167784690857 24.360000610351562
38.402198791503906 33.70491027832031 920.7000122070312 90964.1015625 1.0651503801345825 24.360000610351562
38.402198791503906 33.70491027832031 920.7000122070312 90961.9375 1.0651251077651978 24.360000610351562
38.402198791503906 33.70491027832031 920.7000122070312 90966.921875 1.0651476383209229 24.3700008392334
38.402198791503906 33.70490646362305 920.7000122070312 90961.78125 1.065123200416565 24.360000610351562
38.402198791503906 33.70490646362305 920.7000122070312 90962.484375 1.0650956630706787 24.3700008392334
38.402198791503906 33.70490646362305 920.7000122070312 90962.3125 1.0650936365127563 24.3700008392334
38.402198791503906 33.70490646362305 920.7000122070312 90964.96875 1.065124750137329 24.3700008392334
38.402198791503906 33.70490646362305 920.7000122070312 90961.515625 1.0650843381881714 24.3700008392334
38.40220260620117 33.70490646362305 920.7000122070312 90959.84375 1.065064787864685 24.3700008392334
38.40220260620117 33.70490646362305 920.7000122070312 90962.484375 1.0650956630706787 24.3700008392334
38.40220260620117 33.70490646362305 920.7000122070312 90963.9609375 1.0651129484176636 24.3700008392334
38.40220260620117 33.70490646362305 920.7000122070312 90964.671875 1.0651212930679321 24.3700008392334
38.40220260620117 33.70490646362305 920.7000122070312 90966.828125 1.065110683441162 24.3799991607666
38.40220260620117 33.70490646362305 920.7999877929688 90962.34375 1.065093994140625 24.3700008392334
38.40220260620117 33.70490646362305 920.7999877929688 90964.5 1.0651192665100098 24.3700008392334
38.40220260620117 33.70490646362305 920.7999877929688 90964.5 1.0651192665100098 24.3700008392334
38.40220260620117 33.70490646362305 920.7999877929688 90962.6875 1.0650980472564697 24.3700008392334
38.40220260620117 33.70490646362305 920.7999877929688 90966.171875 1.0651030540466309 24.3799991607666
38.40220260620117 33.70490646362305 920.7999877929688 90965.984375 1.0651366710662842 24.3700008392334
38.40220260620117 33.70490646362305 920.7999877929688 90964.6640625 1.0651211738586426 24.3700008392334
38.40220260620117 33.70490646362305 920.7999877929688 90967.8125 1.0651222467422485 24.3799991607666
38.40220260620117 33.70490646362305 920.7999877929688 90962.53125 1.0650962591171265 24.3700008392334
38.40220260620117 33.70490646362305 920.7999877929688 90965.671875 1.0650972127914429 24.3799991607666
38.40220260620117 33.70490646362305 920.7999877929688 90965.03125 1.0650897026062012 24.3799991607666
38.40220260620117 33.70490646362305 920.7999877929688 90963.3671875 1.0650701522827148 24.3799991607666
38.40220260620117 33.70490646362305 920.7999877929688 90964.1875 1.0650798082351685 24.3799991607666
38.40220260620117 33.70490646362305 920.7999877929688 90965.828125 1.0650990009307861 24.3799991607666
38.40220260620117 33.70490646362305 920.7999877929688 90967.3125 1.0651164054870605 24.3799991607666
38.40220260620117 33.70490646362305 920.7999877929688 90966.328125 1.0651048421859741 24.3799991607666
38.40220260620117 33.70490646362305 920.7999877929688 90965.3203125 1.0651289224624634 24.3700008392334
38.40220260620117 33.70490646362305 920.7999877929688 90966.984375 1.065112590789795 24.3799991607666
38.40220260620117 33.70490646362305 920.7999877929688 90967.296875 1.0651520490646362 24.3700008392334
38.40220260620117 33.70490646362305 920.7000122070312 90967.3125 1.0651164054870605 24.3799991607666
38.40220260620117 33.70490646362305 920.7000122070312 90967.640625 1.0651202201843262 24.3799991607666
38.40220260620117 33.70490646362305 920.7000122070312 90967.3125 1.0651164054870605 24.3799991607666
38.40220260620117 33.70490646362305 920.7000122070312 90967.671875 1.0651205778121948 24.3799991607666
38.40220260620117 33.70490646362305 920.7000122070312 90966.484375 1.065106749534607 24.3799991607666
38.40220260620117 33.70490646362305 920.5 90968.53125 1.0650948286056519 24.389999389648438
38.40220260620117 33.70490646362305 920.5 90968.671875 1.0651322603225708 24.3799991607666
38.40220260620117 33.70490646362305 920.5 90965.3828125 1.065093755722046 24.3799991607666
38.40220260620117 33.70490646362305 920.5 90964.234375 1.0650804042816162 24.3799991607666
38.40220260620117 33.70490646362305 920.5 90964.375 1.0650819540023804 24.3799991607666
38.40220260620117 33.70490646362305 920.5 90967.2421875 1.0650798082351685 24.389999389648438
38.40220260620117 33.70490646362305 920.5 90967.21875 1.0650794506072998 24.389999389648438
38.40220260620117 33.70490646362305 920.5 90967.21875 1.0650794506072998 24.389999389648438
38.40220260620117 33.70490646362305 920.5 90968.5078125 1.065130352973938 24.3799991607666
38.402198791503906 33.70490646362305 920.5 90970.71875 1.0651204586029053 24.389999389648438
38.402198791503906 33.70490646362305 920.5 90967.3828125 1.0650814771652222 24.389999389648438
38.402198791503906 33.70490646362305 920.5 90967.7109375 1.0650852918624878 24.389999389648438
38.402198791503906 33.70490646362305 920.5 90968.859375 1.065098762512207 24.389999389648438
38.402198791503906 33.70490646362305 920.5 90969.234375 1.0651030540466309 24.389999389648438
38.402198791503906 33.70490646362305 920.5 90968.703125 1.0650968551635742 24.389999389648438
38.402198791503906 33.70490646362305 920.5 90967.1953125 1.065114974975586 24.3799991607666
38.402198791503906 33.70490646362305 920.5 90968.5078125 1.065130352973938 24.3799991607666
38.402198791503906 33.70490646362305 920.5 90966.75 1.0650739669799805 24.389999389648438
38.402198791503906 33.70490646362305 920.5 90965.953125 1.0650646686553955 24.389999389648438
38.402198791503906 33.70490646362305 920.5 90966.9140625 1.0650758743286133 24.389999389648438
38.402198791503906 33.70490646362305 920.5 90967.546875 1.065083384513855 24.389999389648438
38.402198791503906 33.70490646362305 920.5 90968.8828125 1.0650990009307861 24.389999389648438
38.402198791503906 33.70490646362305 920.5 90969.328125 1.0651400089263916 24.3799991607666
38.402198791503906 33.70490646362305 920.5 90972.359375 1.065139651298523 24.389999389648438
38.402198791503906 33.70490646362305 920.4000244140625 90970.0859375 1.0651130676269531 24.389999389648438
38.402198791503906 33.70490646362305 920.4000244140625 90968.296875 1.065056324005127 24.399999618530273
38.402198791503906 33.70490646362305 920.4000244140625 90968.765625 1.0650975704193115 24.389999389648438
38.402198791503906 33.70490646362305 920.4000244140625 90971.7734375 1.0650969743728638 24.399999618530273
38.402198791503906 33.70490646362305 920.2999877929688 90967.7578125 1.065085768699646 24.389999389648438
38.402198791503906 33.70490646362305 920.2999877929688 90970.78125 1.0650854110717773 24.399999618530273
38.402198791503906 33.70490646362305 920.2999877929688 90970.765625 1.0650851726531982 24.399999618530273
38.402198791503906 33.70490646362305 920.2999877929688 90968.015625 1.0650529861450195 24.399999618530273
38.402198791503906 33.70490646362305 920.2999877929688 90968.625 1.0650601387023926 24.399999618530273
38.402198791503906 33.70490646362305 920.2999877929688 90970.8125 1.065085768699646 24.399999618530273
38.402198791503906 33.70490646362305 920.2999877929688 90969.9375 1.0650755167007446 24.399999618530273
38.402198791503906 33.70490646362305 920.2999877929688 90967.84375 1.0650510787963867 24.399999618530273
38.402198791503906 33.70490646362305 920.2999877929688 90969.640625 1.0650720596313477 24.399999618530273
38.402198791503906 33.70490646362305 920.2999877929688 90970.34375 1.0650802850723267 24.399999618530273
38.402198791503906 33.70490646362305 920.2999877929688 90967.9921875 1.0650527477264404 24.399999618530273
38.402198791503906 33.70490646362305 920.2999877929688 90968.3203125 1.065056562423706 24.399999618530273
38.402198791503906 33.70490646362305 920.2999877929688 90968.8125 1.065062403678894 24.399999618530273
38.402198791503906 33.70490646362305 920.2999877929688 90968.3671875 1.0650571584701538 24.399999618530273
38.402198791503906 33.70490646362305 920.2999877929688 90967.84375 1.0650510787963867 24.399999618530273
38.402198791503906 33.70490646362305 920.2000122070312 90968.5078125 1.0650588274002075 24.399999618530273
38.402198791503906 33.70490646362305 920.2000122070312 90971.984375 1.0650994777679443 24.399999618530273
38.402198791503906 33.70490646362305 920.2000122070312 90971.8203125 1.0650975704193115 24.399999618530273
38.402198791503906 33.70490646362305 920.2000122070312 90970.21875 1.0650430917739868 24.40999984741211
38.402198791503906 33.70490646362305 920.2000122070312 90970.359375 1.065044641494751 24.40999984741211
38.402198791503906 33.70490646362305 920 90969.2109375 1.0650312900543213 24.40999984741211
38.402198791503906 33.70490646362305 920 90971.15625 1.0650898218154907 24.399999618530273
38.402198791503906 33.70490646362305 920 90970.90625 1.0650510787963867 24.40999984741211
38.402198791503906 33.70490646362305 920 90971.0703125 1.0650529861450195 24.40999984741211
38.402198791503906 33.70490646362305 920 90970.8125 1.065085768699646 24.399999618530273
38.402198791503906 33.70490646362305 920 90970.859375 1.065050482749939 24.40999984741211
38.402198791503906 33.70490646362305 920 90968.2265625 1.0650197267532349 24.40999984741211
38.402198791503906 33.70490646362305 920 90967.2578125 1.0650084018707275 24.40999984741211
38.402198791503906 33.70490646362305 920 90969.09375 1.0650298595428467 24.40999984741211
38.402198791503906 33.70490646362305 920 90969.9140625 1.0650395154953003 24.40999984741211
38.402198791503906 33.70490646362305 920 90970.734375 1.0650490522384644 24.40999984741211
38.402198791503906 33.70490646362305 920 90968.921875 1.0650278329849243 24.40999984741211
38.402198791503906 33.70490646362305 920 90967.28125 1.0650086402893066 24.40999984741211
38.402198791503906 33.70490646362305 920 90968.265625 1.065020203590393 24.40999984741211
38.402198791503906 33.70490646362305 920.2000122070312 90969.84375 1.0650744438171387 24.399999618530273
38.402198791503906 33.70490646362305 920.2000122070312 90967.28125 1.0650086402893066 24.40999984741211
38.402198791503906 33.70490646362305 920.2000122070312 90968.4375 1.0650222301483154 24.40999984741211
38.402198791503906 33.70490646362305 920.2000122070312 90967.9375 1.065016269683838 24.40999984741211
38.402198791503906 33.70490646362305 920.2000122070312 90971.25 1.0650193691253662 24.420000076293945
38.402198791503906 33.70490646362305 920 90968.59375 1.0650240182876587 24.40999984741211
38.402198791503906 33.70490646362305 920 90967.625 1.0649769306182861 24.420000076293945
38.402198791503906 33.70490646362305 920 90974.046875 1.0650520324707031 24.420000076293945
38.402198791503906 33.70490646362305 920 90969.4140625 1.0650335550308228 24.40999984741211
38.402198791503906 33.70490646362305 920 90968.453125 1.0649865865707397 24.420000076293945
38.402198791503906 33.70490646362305 920 90969.09375 1.0650298595428467 24.40999984741211
38.402198791503906 33.70490646362305 920 90971.234375 1.0650548934936523 24.40999984741211
38.402198791503906 33.70490646362305 920 90968.265625 1.065020203590393 24.40999984741211
38.402198791503906 33.70490646362305 920 90969.90625 1.0650393962860107 24.40999984741211
38.402198791503906 33.70490646362305 920 90970.09375 1.0650057792663574 24.420000076293945
38.402198791503906 33.70490646362305 920 90970.40625 1.0650452375411987 24.40999984741211
38.402198791503906 33.70490646362305 920 90970.8046875 1.065014123916626 24.420000076293945
38.402198791503906 33.70490646362305 920 90969.2734375 1.0649961233139038 24.420000076293945
38.402198791503906 33.70490646362305 920 90968.125 1.0649827718734741 24.420000076293945
38.402198791503906 33.70490646362305 920 90966.828125 1.0649675130844116 24.420000076293945
38.402198791503906 33.70490646362305 920 90968.3359375 1.0649851560592651 24.420000076293945
38.402198791503906 33.70490646362305 920 90969.90625 1.0650393962860107 24.40999984741211
38.402198791503906 33.70490646362305 920 90968.6640625 1.0649890899658203 24.420000076293945
38.402198791503906 33.70490646362305 920 90967.3046875 1.0649731159210205 24.420000076293945
38.402198791503906 33.70490646362305 919.7999877929688 90967.1796875 1.064971685409546 24.420000076293945
38.402198791503906 33.70490646362305 919.7999877929688 90966.6875 1.064965844154358 24.420000076293945
38.402198791503906 33.70490646362305 919.7999877929688 90967.34375 1.0649735927581787 24.420000076293945
38.402198791503906 33.70490646362305 919.7999877929688 90969.34375 1.0649611949920654 24.43000030517578
38.402198791503906 33.70490646362305 919.7999877929688 90970.3125 1.065008282661438 24.420000076293945
38.402198791503906 33.70490646362305 919.9000244140625 90970.1640625 1.064970850944519 24.43000030517578
38.402198791503906 33.70490646362305 919.9000244140625 90969.9765625 1.0650043487548828 24.420000076293945
38.402198791503906 33.70490646362305 919.9000244140625 90970.328125 1.0649727582931519 24.43000030517578
38.402198791503906 33.70490646362305 919.9000244140625 90970 1.0649689435958862 24.43000030517578
38.402198791503906 33.70490646362305 919.7999877929688 90971.1484375 1.064982295036316 24.43000030517578
38.402198791503906 33.70490646362305 919.7999877929688 90969.1796875 1.0649592876434326 24.43000030517578
38.402198791503906 33.70490646362305 919.7999877929688 90969.6484375 1.0650005340576172 24.420000076293945
38.402198791503906 33.70490646362305 919.7999877929688 90971.640625 1.064988136291504 24.43000030517578
38.402198791503906 33.70490646362305 919.7999877929688 90970.1640625 1.064970850944519 24.43000030517578
38.402198791503906 33.70490646362305 919.7999877929688 90971.2890625 1.0650197267532349 24.420000076293945
38.402198791503906 33.70490646362305 919.7999877929688 90969.359375 1.0649614334106445 24.43000030517578
38.402198791503906 33.70490646362305 919.7999877929688 90968.65625 1.0649889707565308 24.420000076293945
38.402198791503906 33.70490646362305 919.7999877929688 90968.359375 1.064949631690979 24.43000030517578
38.402198791503906 33.70490264892578 919.7999877929688 90970.828125 1.0649785995483398 24.43000030517578
38.402198791503906 33.70490264892578 919.9000244140625 90971.640625 1.064988136291504 24.43000030517578
38.402198791503906 33.70490264892578 919.9000244140625 90970.65625 1.0649765729904175 24.43000030517578
38.402198791503906 33.70490264892578 919.9000244140625 90969.8125 1.06500244140625 24.420000076293945
38.402198791503906 33.70490264892578 919.9000244140625 90969.15625 1.0649948120117188 24.420000076293945
38.402198791503906 33.70490264892578 919.9000244140625 90972.65625 1.0649999380111694 24.43000030517578
38.402198791503906 33.70490264892578 919.9000244140625 90970.703125 1.0649771690368652 24.43000030517578
38.402198791503906 33.70490264892578 919.9000244140625 90968.421875 1.0649504661560059 24.43000030517578
38.402198791503906 33.70490264892578 919.9000244140625 90968.234375 1.0649482011795044 24.43000030517578
38.402198791503906 33.70490264892578 919.9000244140625 90965.53125 1.0649523735046387 24.420000076293945
38.40220260620117 33.70490264892578 919.7999877929688 90970.5390625 1.0649752616882324 24.43000030517578
38.40220260620117 33.70490264892578 919.7999877929688 90970.890625 1.0649793148040771 24.43000030517578
38.40220260620117 33.70490264892578 919.7999877929688 90969.53125 1.064963459968567 24.43000030517578
38.40220260620117 33.70490264892578 919.7999877929688 90971.3828125 1.0649850368499756 24.43000030517578
38.40220260620117 33.70490264892578 919.7999877929688 90969.875 1.064967393875122 24.43000030517578
38.40220260620117 33.70490264892578 919.7999877929688 90971.5 1.0649864673614502 24.43000030517578
38.40220260620117 33.70490264892578 919.7999877929688 90968.5625 1.06495201587677 24.43000030517578
38.40220260620117 33.70490264892578 919.7999877929688 90969.734375 1.0649657249450684 24.43000030517578
38.40220260620117 33.70490264892578 919.7999877929688 90967.71875 1.0649422407150269 24.43000030517578
38.40220260620117 33.70490264892578 919.7999877929688 90971.71875 1.0649889707565308 24.43000030517578
38.40220260620117 33.70490264892578 919.7999877929688 90966.4296875 1.064927101135254 24.43000030517578
38.40220260620117 33.70490264892578 919.7999877929688 90966.453125 1.064927339553833 24.43000030517578
38.40220260620117 33.70490264892578 919.7999877929688 90970.234375 1.064971685409546 24.43000030517578
38.40220260620117 33.70490264892578 919.7999877929688 90968.09375 1.0649465322494507 24.43000030517578
38.40220260620117 33.70490264892578 919.7999877929688 90968.75 1.0649542808532715 24.43000030517578
38.40220260620117 33.70490264892578 919.5 90969.765625 1.0649303197860718 24.440000534057617
38.40220260620117 33.70490264892578 919.5 90967.125 1.0648994445800781 24.440000534057617
38.40220260620117 33.70490264892578 919.5 90968.15625 1.0649114847183228 24.440000534057617
38.40220260620117 33.70490264892578 919.5 90969.0078125 1.064921498298645 24.440000534057617
38.40220642089844 33.70490264892578 919.5 90968.46875 1.0649151802062988 24.440000534057617
38.40220642089844 33.70490264892578 919.5 90968.828125 1.064919352531433 24.440000534057617
38.40220642089844 33.70490264892578 919.5 90964.9921875 1.064874529838562 24.440000534057617
38.40220642089844 33.70490264892578 919.5 90970.109375 1.0649343729019165 24.440000534057617
38.40220642089844 33.70490264892578 919.5 90970.140625 1.0649347305297852 24.440000534057617
38.40220642089844 33.70490264892578 919.2999877929688 90966.96875 1.0648976564407349 24.440000534057617
38.40220642089844 33.70490264892578 919.2999877929688 90969.484375 1.064927101135254 24.440000534057617
38.40220642089844 33.70490264892578 919.2999877929688 90967.34375 1.0649020671844482 24.440000534057617
38.40220642089844 33.70490264892578 919.2999877929688 90968.1875 1.0649118423461914 24.440000534057617
38.40220642089844 33.70490264892578 919.2999877929688 90969.171875 1.0649234056472778 24.440000534057617
38.40220642089844 33.70490264892578 919.2999877929688 90969.0078125 1.064921498298645 24.440000534057617
38.40220642089844 33.70490264892578 919.2999877929688 90967.484375 1.0649036169052124 24.440000534057617
38.40220642089844 33.70490264892578 919.2999877929688 90966.8046875 1.064895749092102 24.440000534057617
38.40220642089844 33.70490264892578 919.2999877929688 90969.625 1.0649287700653076 24.440000534057617
38.40220642089844 33.70490264892578 919.2999877929688 90967.203125 1.0649003982543945 24.440000534057617
38.40220642089844 33.70490264892578 919.4000244140625 90966.96875 1.0648976564407349 24.440000534057617
38.40220642089844 33.70490264892578 919.4000244140625 90969.0078125 1.064921498298645 24.440000534057617
38.40220642089844 33.70490264892578 919.4000244140625 90964.03125 1.0648632049560547 24.440000534057617
38.40220642089844 33.70490264892578 919.4000244140625 90967.1796875 1.0649000406265259 24.440000534057617
38.40220642089844 33.70490264892578 919.4000244140625 90964.21875 1.0648654699325562 24.440000534057617
38.40220642089844 33.70490264892578 919.5999755859375 90966.046875 1.0648868083953857 24.440000534057617
38.40220642089844 33.70490264892578 919.5999755859375 90967.71875 1.0648705959320068 24.450000762939453
38.40220642089844 33.70490264892578 919.5999755859375 90967.71875 1.0648705959320068 24.450000762939453
38.40220642089844 33.70490264892578 919.5999755859375 90963.7421875 1.0648598670959473 24.440000534057617
38.40220642089844 33.70490264892578 919.5999755859375 90965.25 1.0648417472839355 24.450000762939453
38.40220642089844 33.70490264892578 919.5999755859375 90963.109375 1.0648167133331299 24.450000762939453
38.40220642089844 33.70490264892578 919.5999755859375 90964.09375 1.0648281574249268 24.450000762939453
38.40220642089844 33.70490264892578 919.5999755859375 90964.421875 1.0648319721221924 24.450000762939453
38.40220642089844 33.70490264892578 919.5999755859375 90962.78125 1.0648127794265747 24.450000762939453
38.40220642089844 33.70490646362305 919.7999877929688 90961.46875 1.0647974014282227 24.450000762939453
38.40220642089844 33.70490646362305 919.7999877929688 90961.296875 1.0647954940795898 24.450000762939453
38.40220642089844 33.70490646362305 919.7999877929688 90961.625 1.0647993087768555 24.450000762939453
38.40220642089844 33.70490646362305 919.7999877929688 90962.96875 1.0648150444030762 24.450000762939453
38.40220642089844 33.70490646362305 919.7999877929688 90965.59375 1.0648456811904907 24.450000762939453
38.40220642089844 33.70490646362305 919.5999755859375 90964.09375 1.0648281574249268 24.450000762939453
38.40220642089844 33.70490646362305 919.5999755859375 90961.9765625 1.0648033618927002 24.450000762939453
38.40220642089844 33.70490646362305 919.5999755859375 90965.078125 1.0648397207260132 24.450000762939453
38.40220642089844 33.70490646362305 919.5999755859375 90961.8359375 1.0648016929626465 24.450000762939453
38.40220642089844 33.70490646362305 919.5999755859375 90963.96875 1.0648267269134521 24.450000762939453
38.40220642089844 33.70490646362305 919.2999877929688 90964.46875 1.0648325681686401 24.450000762939453
38.40220642089844 33.70490646362305 919.2999877929688 90962.96875 1.0648150444030762 24.450000762939453
38.40220642089844 33.70490646362305 919.2999877929688 90963.453125 1.064820647239685 24.450000762939453
38.40220642089844 33.70490646362305 919.2999877929688 90959.515625 1.0647746324539185 24.450000762939453
38.40220642089844 33.70490646362305 919.2999877929688 90964.6796875 1.0647993087768555 24.459999084472656
38.40220642089844 33.70490646362305 919.2000122070312 90964.46875 1.0648325681686401 24.450000762939453
38.40220642089844 33.70490646362305 919.2000122070312 90961.796875 1.0648013353347778 24.450000762939453
38.40220642089844 33.70490646362305 919.2000122070312 90962.46875 1.0648092031478882 24.450000762939453
38.40220642089844 33.70490646362305 919.2000122070312 90958.828125 1.064766526222229 24.450000762939453
38.40220642089844 33.70491027832031 919.2000122070312 90960.6640625 1.0647879838943481 24.450000762939453
38.40220642089844 33.70491027832031 919.2000122070312 90962.046875 1.0647684335708618 24.459999084472656
38.40220642089844 33.70491027832031 919.2000122070312 90961.21875 1.0647587776184082 24.459999084472656
38.40220642089844 33.70491027832031 919.2000122070312 90962.796875 1.0648130178451538 24.450000762939453
38.40220642089844 33.70491027832031 919.2000122070312 90963.953125 1.064826488494873 24.450000762939453
38.40220642089844 33.70491027832031 919.2999877929688 90960.359375 1.0647844076156616 24.450000762939453
38.40220642089844 33.70491027832031 919.2999877929688 90958.5234375 1.0647629499435425 24.450000762939453
38.40220642089844 33.70491027832031 919.2999877929688 90963.828125 1.0647892951965332 24.459999084472656
38.40220642089844 33.70491027832031 919.2999877929688 90960.75 1.0647532939910889 24.459999084472656
38.40220642089844 33.70491027832031 919.2999877929688 90962.3984375 1.064772605895996 24.459999084472656
38.40220642089844 33.70491027832031 919.2999877929688 90963.34375 1.0647835731506348 24.459999084472656
38.40220642089844 33.70491027832031 919.2999877929688 90964.1640625 1.0647932291030884 24.459999084472656
38.40220642089844 33.70491027832031 919.2999877929688 90961.0625 1.0647568702697754 24.459999084472656
38.40220642089844 33.70491027832031 919.2999877929688 90963.03125 1.0647799968719482 24.459999084472656
38.40220642089844 33.70490646362305 919.2999877929688 90964.484375 1.0647969245910645 24.459999084472656
38.40220642089844 33.70490646362305 919.0999755859375 90963.53125 1.0647858381271362 24.459999084472656
38.40220642089844 33.70490646362305 919.0999755859375 90961.078125 1.0647571086883545 24.459999084472656
38.40220642089844 33.70490646362305 919.0999755859375 90966.203125 1.0647813081741333 24.469999313354492
38.40220642089844 33.70490646362305 919.0999755859375 90964.9140625 1.06476628780365 24.469999313354492
38.4022102355957 33.70491027832031 919.0999755859375 90960.9375 1.0647196769714355 24.469999313354492
38.4022102355957 33.70491027832031 919.0999755859375 90960.140625 1.0647103786468506 24.469999313354492
38.4022102355957 33.70491027832031 919.0999755859375 90961.25 1.0647591352462769 24.459999084472656
38.4022102355957 33.70491027832031 919.0999755859375 90962.5859375 1.0647389888763428 24.469999313354492
38.4022102355957 33.70491027832031 919.0999755859375 90964.5625 1.0647621154785156 24.469999313354492
38.4022102355957 33.70491027832031 919.0999755859375 90960.78125 1.0647178888320923 24.469999313354492
38.4022102355957 33.70491027832031 919.0999755859375 90963.2421875 1.064746618270874 24.469999313354492
38.4022102355957 33.70491027832031 919.0999755859375 90962.109375 1.0647333860397339 24.469999313354492
38.4022102355957 33.70491027832031 919.0999755859375 90960.96875 1.0647200345993042 24.469999313354492
38.4022102355957 33.70491027832031 919.0999755859375 90960.78125 1.0647178888320923 24.469999313354492
38.4022102355957 33.70491027832031 919 90962.0703125 1.064768671989441 24.459999084472656
38.4022102355957 33.70491027832031 919 90962.28125 1.0647354125976562 24.469999313354492
38.4022102355957 33.70491027832031 919 90965.09375 1.0647683143615723 24.469999313354492
38.4022102355957 33.70491027832031 919 90965.265625 1.0647703409194946 24.469999313354492
38.4022102355957 33.70491027832031 919 90965.234375 1.064769983291626 24.469999313354492
38.4022102355957 33.70491027832031 918.9000244140625 90963.1015625 1.0647450685501099 24.469999313354492
38.4022102355957 33.70491027832031 918.9000244140625 90965.09375 1.0647683143615723 24.469999313354492
38.4022102355957 33.70491027832031 918.9000244140625 90963.453125 1.0647491216659546 24.469999313354492
38.4022102355957 33.70491027832031 918.9000244140625 90962.28125 1.0647354125976562 24.469999313354492
38.4022102355957 33.70491027832031 918.9000244140625 90963.125 1.064745306968689 24.469999313354492
38.4022102355957 33.70491027832031 918.7999877929688 90962.25 1.0647350549697876 24.469999313354492
38.4022102355957 33.70491027832031 918.7999877929688 90963.984375 1.064719557762146 24.479999542236328
38.4022102355957 33.70491027832031 918.7999877929688 90963.4765625 1.0647493600845337 24.469999313354492
38.4022102355957 33.70491027832031 918.7999877929688 90965.6328125 1.0647388696670532 24.479999542236328
38.4022102355957 33.70491027832031 918.5 90967.9375 1.0647658109664917 24.479999542236328
38.4022102355957 33.70491027832031 918.5 90968.40625 1.0648070573806763 24.469999313354492
38.4022102355957 33.70491027832031 918.5 90965.796875 1.064740777015686 24.479999542236328
38.4022102355957 33.70491027832031 918.5 90966.265625 1.0647462606430054 24.479999542236328
38.4022102355957 33.70491027832031 918.5 90966.765625 1.0647878646850586 24.469999313354492
38.4022102355957 33.70491027832031 918.2000122070312 90964.953125 1.0647308826446533 24.479999542236328
38.4022102355957 33.70491027832031 918.2000122070312 90964.8125 1.0647292137145996 24.479999542236328
38.4022102355957 33.70491027832031 918.2000122070312 90967.09375 1.064755916595459 24.479999542236328
38.4022102355957 33.70491027832031 918.2000122070312 90966.296875 1.064746618270874 24.479999542236328
38.4022102355957 33.70491027832031 918.2000122070312 90970.59375 1.0647969245910645 24.479999542236328
38.4022102355957 33.70490646362305 917.9000244140625 90966.109375 1.064744472503662 24.479999542236328
38.4022102355957 33.70490646362305 917.9000244140625 90968.7578125 1.0647754669189453 24.479999542236328
38.4022102355957 33.70490646362305 917.9000244140625 90968.40625 1.0648070573806763 24.469999313354492
38.4022102355957 33.70490646362305 917.9000244140625 90966.4375 1.0647482872009277 24.479999542236328
38.4022102355957 33.70491027832031 917.9000244140625 90967.3046875 1.0647584199905396 24.479999542236328
38.4022102355957 33.70491027832031 918.2000122070312 90967.3046875 1.0647584199905396 24.479999542236328
38.4022102355957 33.70491027832031 918.2000122070312 90964.4609375 1.0647251605987549 24.479999542236328
38.4022102355957 33.70491027832031 918.2000122070312 90969.4609375 1.0647836923599243 24.479999542236328
38.4022102355957 33.70491027832031 918.2000122070312 90966 1.064743161201477 24.479999542236328
38.4022102355957 33.70491409301758 918.2000122070312 90963.140625 1.0647096633911133 24.479999542236328
38.4022102355957 33.70491409301758 918.5 90965.65625 1.0647391080856323 24.479999542236328
38.4022102355957 33.70491409301758 918.5 90965.46875 1.0647369623184204 24.479999542236328
38.4022102355957 33.70491409301758 918.5 90965.6875 1.064739465713501 24.479999542236328
38.4022102355957 33.70491409301758 918.5 90968.3125 1.064770221710205 24.479999542236328
38.4022102355957 33.70491409301758 918.2000122070312 90966.3359375 1.0647470951080322 24.479999542236328
38.4022102355957 33.70491409301758 918.2000122070312 90966.1484375 1.0647449493408203 24.479999542236328
38.4022102355957 33.70491409301758 918.2000122070312 90967.8203125 1.0647644996643066 24.479999542236328
38.4022102355957 33.70491409301758 918.2000122070312 90963.5390625 1.0647143125534058 24.479999542236328
38.4022102355957 33.70491409301758 918.2000122070312 90968.171875 1.0647685527801514 24.479999542236328
38.4022102355957 33.70491027832031 918 90967.328125 1.0647586584091187 24.479999542236328
38.4022102355957 33.70491027832031 918 90966.5 1.064749002456665 24.479999542236328
38.4022102355957 33.70491027832031 918 90964.6875 1.064727783203125 24.479999542236328
38.4022102355957 33.70491027832031 918 90966.046875 1.0647079944610596 24.489999771118164
38.4022102355957 33.70491027832031 918 90966.171875 1.0647451877593994 24.479999542236328
38.4022102355957 33.70491027832031 917.9000244140625 90966.828125 1.0647528171539307 24.479999542236328
38.4022102355957 33.70491027832031 917.9000244140625 90966.1953125 1.0647096633911133 24.489999771118164
38.4022102355957 33.70491027832031 917.9000244140625 90964.546875 1.064690351486206 24.489999771118164
38.4022102355957 33.70491027832031 917.9000244140625 90965.34375 1.0647355318069458 24.479999542236328
38.4022102355957 33.70491027832031 917.9000244140625 90965.859375 1.064705729484558 24.489999771118164
38.4022102355957 33.70491027832031 917.5999755859375 90967.15625 1.0647567510604858 24.479999542236328
38.4022102355957 33.70491027832031 917.5999755859375 90964.7109375 1.0646922588348389 24.489999771118164
38.4022102355957 33.70491027832031 917.5999755859375 90964.546875 1.064690351486206 24.489999771118164
38.4022102355957 33.70491027832031 917.5999755859375 90964.1953125 1.0647220611572266 24.479999542236328
38.40221405029297 33.70491027832031 917.5999755859375 90968.46875 1.0647720098495483 24.479999542236328
38.40221405029297 33.70491027832031 917.5999755859375 90967.671875 1.0647269487380981 24.489999771118164
38.40221405029297 33.70491027832031 917.5999755859375 90966.21875 1.0647099018096924 24.489999771118164
38.40221405029297 33.70491027832031 917.5999755859375 90968.828125 1.064740538597107 24.489999771118164
38.40221405029297 33.70491027832031 917.5999755859375 90970.3515625 1.06475830078125 24.489999771118164
38.40221405029297 33.70491027832031 917.5 90967.765625 1.0646922588348389 24.5
38.40221405029297 33.70491027832031 917.5 90967.0625 1.064719796180725 24.489999771118164
38.40221405029297 33.70491027832031 917.5 90972.1875 1.064743995666504 24.5
38.40221405029297 33.70491027832031 917.5 90970.5390625 1.0647248029708862 24.5
38.40221405029297 33.70491027832031 917.5 90973.03125 1.0647538900375366 24.5
38.40221405029297 33.70491027832031 917.4000244140625 90970.2109375 1.064720869064331 24.5
38.40221405029297 33.70491027832031 917.4000244140625 90965.0859375 1.0646966695785522 24.489999771118164
38.40221405029297 33.70491027832031 917.4000244140625 90967.71875 1.064727544784546 24.489999771118164
38.40221405029297 33.70491027832031 917.4000244140625 90966.40625 1.0647121667861938 24.489999771118164
38.40221405029297 33.70491027832031 917.4000244140625 90966.453125 1.0646768808364868 24.5
38.40221405029297 33.70491027832031 917.4000244140625 90968.28125 1.064698338508606 24.5
38.40221405029297 33.70491027832031 917.4000244140625 90970.2109375 1.064720869064331 24.5
38.40221405029297 33.70491027832031 917.4000244140625 90972.234375 1.0647445917129517 24.5
38.40221405029297 33.70491027832031 917.4000244140625 90969.0625 1.0647075176239014 24.5
38.40221405029297 33.70491027832031 917.4000244140625 90965.90625 1.0647063255310059 24.489999771118164
38.40221405029297 33.70491027832031 917.4000244140625 90965.9375 1.0646709203720093 24.5
38.40221405029297 33.70491027832031 917.4000244140625 90965.625 1.0646672248840332 24.5
38.40221405029297 33.70491027832031 917.4000244140625 90966.28125 1.064674973487854 24.5
38.40221405029297 33.70491027832031 917.4000244140625 90967.0625 1.064719796180725 24.489999771118164
38.40221405029297 33.70490646362305 917.2000122070312 90965.625 1.0646672248840332 24.5
38.40221405029297 33.70490646362305 917.2000122070312 90966.5 1.0646774768829346 24.5
38.40221405029297 33.70490646362305 917.2000122070312 90966.46875 1.064677119255066 24.5
38.40221405029297 33.70490646362305 917.2000122070312 90966.96875 1.064682960510254 24.5
38.40221405029297 33.70490646362305 917.2000122070312 90966.828125 1.0646812915802002 24.5
38.40221405029297 33.70491027832031 917.4000244140625 90965.765625 1.064668893814087 24.5
38.40221405029297 33.70491027832031 917.4000244140625 90967.7421875 1.0646920204162598 24.5
38.40221405029297 33.70491027832031 917.4000244140625 90970.5859375 1.0647252798080444 24.5
38.40221405029297 33.70491027832031 917.4000244140625 90969.265625 1.0647099018096924 24.5
38.40221405029297 33.70491027832031 917.4000244140625 90969.90625 1.0647172927856445 24.5
38.40221405029297 33.70491027832031 917.4000244140625 90969.265625 1.0647099018096924 24.5
38.40221405029297 33.70491027832031 917.4000244140625 90968.96875 1.0647063255310059 24.5
38.40221405029297 33.70491027832031 917.4000244140625 90968.609375 1.0647021532058716 24.5
38.40221405029297 33.70491027832031 917.4000244140625 90968.9140625 1.064705729484558 24.5
38.40221405029297 33.70490646362305 917.4000244140625 90967.953125 1.0646945238113403 24.5
38.40221405029297 33.70490646362305 917 90967.7421875 1.0646920204162598 24.5
38.40221405029297 33.70490646362305 917 90966.453125 1.0646768808364868 24.5
38.40221405029297 33.70490646362305 917 90966.328125 1.0646754503250122 24.5
38.40221405029297 33.70490646362305 917 90966 1.0646716356277466 24.5
38.402217864990234 33.704898834228516 917 90967.8359375 1.0646573305130005 24.510000228881836
38.402217864990234 33.704898834228516 916.5999755859375 90966.96875 1.064682960510254 24.5
38.402217864990234 33.704898834228516 916.5999755859375 90967.15625 1.0646851062774658 24.5
38.402217864990234 33.704898834228516 916.5999755859375 90968.46875 1.0647004842758179 24.5
38.402217864990234 33.704898834228516 916.5999755859375 90967.109375 1.0646846294403076 24.5
38.402217864990234 33.704898834228516 916.2000122070312 90966.171875 1.064673662185669 24.5
38.402217864990234 33.704898834228516 916.2000122070312 90969.125 1.0647082328796387 24.5
38.402217864990234 33.704898834228516 916.2000122070312 90966.96875 1.064682960510254 24.5
38.402217864990234 33.704898834228516 916.2000122070312 90967.859375 1.0646575689315796 24.510000228881836
38.402217864990234 33.704898834228516 916.2000122070312 90965.6953125 1.0646322965621948 24.510000228881836
38.402217864990234 33.704898834228516 916.0999755859375 90963.90625 1.0646113157272339 24.510000228881836
38.402217864990234 33.704898834228516 916.0999755859375 90967.203125 1.0646499395370483 24.510000228881836
38.402217864990234 33.704898834228516 916.0999755859375 90966.046875 1.0646363496780396 24.510000228881836
38.402217864990234 33.704898834228516 916.0999755859375 90965.390625 1.0646287202835083 24.510000228881836
38.4022216796875 33.70489501953125 916.0999755859375 90966.09375 1.0646369457244873 24.510000228881836
38.4022216796875 33.70489501953125 915.7999877929688 90966.5625 1.0646424293518066 24.510000228881836
38.4022216796875 33.70489501953125 915.7999877929688 90965.25 1.0646270513534546 24.510000228881836
38.4022216796875 33.70489501953125 915.7999877929688 90964.421875 1.064617395401001 24.510000228881836
38.4022216796875 33.70489501953125 915.7999877929688 90967.390625 1.0646520853042603 24.510000228881836
38.4022216796875 33.70489501953125 915.7999877929688 90965.390625 1.0646287202835083 24.510000228881836
38.4022216796875 33.70489501953125 915.7000122070312 90967.875 1.0646578073501587 24.510000228881836
38.4022216796875 33.70489501953125 915.7000122070312 90967.53125 1.064653754234314 24.510000228881836
38.4022216796875 33.70489501953125 915.7000122070312 90965.59375 1.0646311044692993 24.510000228881836
38.4022216796875 33.70489501953125 915.7000122070312 90966.921875 1.064646601676941 24.510000228881836
38.4022216796875 33.704898834228516 915.7000122070312 90968.390625 1.0646638870239258 24.510000228881836
38.4022216796875 33.704898834228516 916.2000122070312 90966.5859375 1.0646426677703857 24.510000228881836
38.4022216796875 33.704898834228516 916.2000122070312 90965.265625 1.0646272897720337 24.510000228881836
38.4022216796875 33.704898834228516 916.2000122070312 90968.234375 1.064661979675293 24.510000228881836
38.4022216796875 33.704898834228516 916.2000122070312 90964.046875 1.0646129846572876 24.510000228881836
38.402217864990234 33.704898834228516 916.2000122070312 90968.890625 1.0646697282791138 24.510000228881836
38.402217864990234 33.704898834228516 916.2000122070312 90968.421875 1.0646284818649292 24.520000457763672
38.402217864990234 33.704898834228516 916.2000122070312 90968.609375 1.0646306276321411 24.520000457763672
38.402217864990234 33.704898834228516 916.2000122070312 90966.9375 1.0646110773086548 24.520000457763672
38.402217864990234 33.704898834228516 916.2000122070312 90966.5859375 1.0646426677703857 24.510000228881836
38.402217864990234 33.70490264892578 916.0999755859375 90966.9609375 1.0646113157272339 24.520000457763672
38.402217864990234 33.70490264892578 916.0999755859375 90968.765625 1.0646324157714844 24.520000457763672
38.402217864990234 33.70490264892578 916.0999755859375 90970.703125 1.0646909475326538 24.510000228881836
38.402217864990234 33.70490264892578 916.0999755859375 90969.7578125 1.0646440982818604 24.520000457763672
38.402217864990234 33.70490264892578 916.0999755859375 90968.765625 1.0646324157714844 24.520000457763672
38.402217864990234 33.70490264892578 915.9000244140625 90966.46875 1.0646055936813354 24.520000457763672
38.402217864990234 33.70490264892578 915.9000244140625 90969.59375 1.0646421909332275 24.520000457763672
38.402217864990234 33.70490264892578 915.9000244140625 90966.953125 1.0646111965179443 24.520000457763672
38.402217864990234 33.70490264892578 915.9000244140625 90967.9453125 1.0646228790283203 24.520000457763672
38.402217864990234 33.70490264892578 915.9000244140625 90967.59375 1.064618706703186 24.520000457763672
38.402217864990234 33.70490264892578 915.7000122070312 90965.125 1.0645898580551147 24.520000457763672
38.402217864990234 33.70490264892578 915.7000122070312 90967.78125 1.0646209716796875 24.520000457763672
38.402217864990234 33.70490264892578 915.7000122070312 90967.8046875 1.0646212100982666 24.520000457763672
38.402217864990234 33.70490264892578 915.7000122070312 90970.90625 1.06465744972229 24.520000457763672
38.4022216796875 33.70490646362305 915.5 90967.140625 1.0645776987075806 24.530000686645508
38.4022216796875 33.70490646362305 915.5 90968.4375 1.0646286010742188 24.520000457763672
38.4022216796875 33.70490646362305 915.5 90967.640625 1.0646193027496338 24.520000457763672
38.4022216796875 33.70490646362305 915.5 90968.1484375 1.064589500427246 24.530000686645508
38.4022216796875 33.70490646362305 915.5 90965.96875 1.0645997524261475 24.520000457763672
38.402217864990234 33.70490646362305 915.5999755859375 90968.2734375 1.064626693725586 24.520000457763672
38.402217864990234 33.70490646362305 915.5999755859375 90969.109375 1.0646007061004639 24.530000686645508
38.402217864990234 33.70490646362305 915.5999755859375 90967.96875 1.0645873546600342 24.530000686645508
38.402217864990234 33.70490646362305 915.5999755859375 90969.609375 1.0646065473556519 24.530000686645508
38.402217864990234 33.70490646362305 915.5999755859375 90967.3046875 1.0645796060562134 24.530000686645508
38.402217864990234 33.70490646362305 915.5 90968.5234375 1.0645939111709595 24.530000686645508
38.402217864990234 33.70490646362305 915.5 90966.9765625 1.0645757913589478 24.530000686645508
38.402217864990234 33.70490646362305 915.5 90968.1328125 1.0646250247955322 24.520000457763672
38.402217864990234 33.70490646362305 915.5 90964.1796875 1.0645430088043213 24.530000686645508
38.402217864990234 33.70491027832031 915.5 90967.3046875 1.0645796060562134 24.530000686645508
38.402217864990234 33.70491027832031 915.4000244140625 90965 1.064552664756775 24.530000686645508
38.402217864990234 33.70491027832031 915.4000244140625 90966.15625 1.0645661354064941 24.530000686645508
38.402217864990234 33.70491027832031 915.4000244140625 90969.28125 1.0646027326583862 24.530000686645508
38.402217864990234 33.70491027832031 915.4000244140625 90966.8125 1.0646096467971802 24.520000457763672
38.402217864990234 33.70491027832031 915.4000244140625 90967.46875 1.0645815134048462 24.530000686645508
38.402217864990234 33.70491027832031 915.2000122070312 90968.1484375 1.064589500427246 24.530000686645508
38.402217864990234 33.70491027832031 915.2000122070312 90964.3671875 1.0645451545715332 24.530000686645508
38.402217864990234 33.70491027832031 915.2000122070312 90965.359375 1.0645568370819092 24.530000686645508
38.402217864990234 33.70491027832031 915.2000122070312 90966.03125 1.0645647048950195 24.530000686645508
38.402217864990234 33.70491027832031 915.4000244140625 90966.6953125 1.0645724534988403 24.530000686645508
38.402217864990234 33.70491027832031 915.4000244140625 90965.546875 1.064558982849121 24.530000686645508
38.402217864990234 33.70491027832031 915.4000244140625 90966.5546875 1.0645707845687866 24.530000686645508
38.402217864990234 33.70491027832031 915.4000244140625 90965.3984375 1.0645573139190674 24.530000686645508
38.402217864990234 33.70491027832031 915.4000244140625 90965.0703125 1.0645534992218018 24.530000686645508
38.402217864990234 33.70491409301758 915.7999877929688 90968.0078125 1.0645878314971924 24.530000686645508
38.402217864990234 33.70491409301758 915.7999877929688 90964.203125 1.0645432472229004 24.530000686645508
38.402217864990234 33.70491409301758 915.7999877929688 90963.890625 1.0645396709442139 24.530000686645508
38.402217864990234 33.70491409301758 915.7999877929688 90962.765625 1.0645264387130737 24.530000686645508
38.402217864990234 33.70491409301758 915.7999877929688 90963.59375 1.064536213874817 24.530000686645508
38.402217864990234 33.70491409301758 915.7999877929688 90963.2578125 1.0645322799682617 24.530000686645508
38.402217864990234 33.70491409301758 915.7999877929688 90963.421875 1.0645341873168945 24.530000686645508
38.402217864990234 33.70491409301758 915.7999877929688 90963.734375 1.064537763595581 24.530000686645508
38.402217864990234 33.70491409301758 915.7999877929688 90965.3984375 1.0645573139190674 24.530000686645508
38.402217864990234 33.70491409301758 915.7999877929688 90966.203125 1.064566731452942 24.530000686645508
38.402217864990234 33.70491409301758 915.7000122070312 90965.09375 1.0645179748535156 24.540000915527344
38.402217864990234 33.70491409301758 915.7000122070312 90967.046875 1.0645766258239746 24.530000686645508
38.402217864990234 33.70491409301758 915.7000122070312 90963.890625 1.0645039081573486 24.540000915527344
38.402217864990234 33.70491409301758 915.7000122070312 90966.390625 1.0645688772201538 24.530000686645508
38.402217864990234 33.70491409301758 915.7000122070312 90962.6015625 1.064524531364441 24.530000686645508
38.402217864990234 33.70491409301758 915.5999755859375 90962.4609375 1.064487099647522 24.540000915527344
38.402217864990234 33.70491409301758 915.5999755859375 90964.765625 1.06451416015625 24.540000915527344
38.402217864990234 33.70491409301758 915.5999755859375 90963.96875 1.0645047426223755 24.540000915527344
38.402217864990234 33.70491409301758 915.5999755859375 90964.953125 1.064516305923462 24.540000915527344
38.402217864990234 33.70491409301758 915.2999877929688 90965.796875 1.0645262002944946 24.540000915527344
38.402217864990234 33.70491409301758 915.2999877929688 90966.265625 1.064531683921814 24.540000915527344
38.402217864990234 33.70491409301758 915.2999877929688 90964.4375 1.0645102262496948 24.540000915527344
38.402217864990234 33.70491409301758 915.2999877929688 90964.9296875 1.0645160675048828 24.540000915527344
38.402217864990234 33.70491409301758 915.2999877929688 90966.828125 1.064502477645874 24.549999237060547
38.402217864990234 33.70491409301758 915.4000244140625 90965.9375 1.0645278692245483 24.540000915527344
38.402217864990234 33.70491409301758 915.4000244140625 90965.34375 1.0644850730895996 24.549999237060547
38.402217864990234 33.70491409301758 915.4000244140625 90965.46875 1.064522385597229 24.540000915527344
38.402217864990234 33.70491409301758 915.4000244140625 90967.140625 1.0645419359207153 24.540000915527344
38.402217864990234 33.70491409301758 915.4000244140625 90964.21875 1.064471960067749 24.549999237060547
38.402217864990234 33.70491409301758 915.2000122070312 90965.921875 1.0645276308059692 24.540000915527344
38.402217864990234 33.70491409301758 915.2000122070312 90967.296875 1.0645437240600586 24.540000915527344
38.402217864990234 33.70491409301758 915.2000122070312 90965.6796875 1.06452476978302 24.540000915527344
38.402217864990234 33.70491409301758 915.2000122070312 90966.3125 1.0645321607589722 24.540000915527344
38.402217864990234 33.70491409301758 915.2000122070312 90964.3828125 1.0644738674163818 24.549999237060547
38.402217864990234 33.70491409301758 915.0999755859375 90966.953125 1.0645396709442139 24.540000915527344
38.402217864990234 33.70491409301758 915.0999755859375 90963.515625 1.0644994974136353 24.540000915527344
38.402217864990234 33.70491409301758 915.0999755859375 90968.359375 1.0645203590393066 24.549999237060547
38.402217864990234 33.70491409301758 915.0999755859375 90964.734375 1.0644780397415161 24.549999237060547
38.40221405029297 33.704925537109375 915.0999755859375 90966.671875 1.0645006895065308 24.549999237060547
38.40221405029297 33.704925537109375 915.0999755859375 90963.890625 1.0644681453704834 24.549999237060547
38.40221405029297 33.704925537109375 915.0999755859375 90965.203125 1.0644835233688354 24.549999237060547
38.40221405029297 33.704925537109375 915.0999755859375 90965.203125 1.0644835233688354 24.549999237060547
38.40221405029297 33.704925537109375 915.0999755859375 90963.546875 1.0644640922546387 24.549999237060547
38.402217864990234 33.70492172241211 914.7999877929688 90967.671875 1.0645123720169067 24.549999237060547
38.402217864990234 33.70492172241211 914.7999877929688 90968.4765625 1.0645217895507812 24.549999237060547
38.402217864990234 33.70492172241211 914.7999877929688 90966.671875 1.0645006895065308 24.549999237060547
38.402217864990234 33.70492172241211 914.7999877929688 90968.046875 1.0644810199737549 24.559999465942383
38.4022216796875 33.70491409301758 914.7999877929688 90969.6953125 1.0645360946655273 24.549999237060547
38.4022216796875 33.70491409301758 914.5999755859375 90967.390625 1.064473271369934 24.559999465942383
38.4022216796875 33.70491409301758 914.5999755859375 90966.546875 1.0644992589950562 24.549999237060547
38.4022216796875 33.70491409301758 914.5999755859375 90965.578125 1.0644878149032593 24.549999237060547
38.4022216796875 33.70491409301758 914.5999755859375 90964.2421875 1.0644721984863281 24.549999237060547
38.4022216796875 33.70491409301758 914.5999755859375 90962.578125 1.0644527673721313 24.549999237060547
38.4022216796875 33.70491409301758 914.7999877929688 90962.59375 1.0644530057907104 24.549999237060547
38.4022216796875 33.70491409301758 914.7999877929688 90961.4453125 1.0644395351409912 24.549999237060547
38.4022216796875 33.70491409301758 914.7999877929688 90965.234375 1.064483880996704 24.549999237060547
38.4022216796875 33.70491409301758 914.7999877929688 90965.71875 1.064489483833313 24.549999237060547
38.4022216796875 33.70490646362305 914.7999877929688 90966.3984375 1.0644617080688477 24.559999465942383
38.4022216796875 33.70490646362305 914.5999755859375 90966.40625 1.0644975900650024 24.549999237060547
38.4022216796875 33.70490646362305 914.5999755859375 90965.75 1.0644898414611816 24.549999237060547
38.4022216796875 33.70490646362305 914.5999755859375 90965.7421875 1.0644540786743164 24.559999465942383
38.4022216796875 33.70490646362305 914.5999755859375 90960.953125 1.0644336938858032 24.549999237060547
38.4022216796875 33.70490646362305 914.5 90964.125 1.0644351243972778 24.559999465942383
38.4022216796875 33.70490646362305 914.5 90965.4375 1.0644505023956299 24.559999465942383
38.4022216796875 33.70490646362305 914.5 90963.609375 1.0644290447235107 24.559999465942383
38.4022216796875 33.70490646362305 914.5 90966.078125 1.0644580125808716 24.559999465942383
38.4022216796875 33.70490646362305 914.5 90966.234375 1.06449556350708 24.549999237060547
38.4022216796875 33.70490646362305 914.5 90965.578125 1.0644521713256836 24.559999465942383
38.4022216796875 33.70490646362305 914.5 90965.765625 1.0644543170928955 24.559999465942383
38.4022216796875 33.70490646362305 914.5 90966.59375 1.0644639730453491 24.559999465942383
38.4022216796875 33.70490646362305 914.5 90969.71875 1.0645005702972412 24.559999465942383
38.4022216796875 33.70490646362305 914.5 90966.2578125 1.064460039138794 24.559999465942383
38.4022216796875 33.70490646362305 914.5999755859375 90967.953125 1.064479947090149 24.559999465942383
38.4022216796875 33.70490646362305 914.5999755859375 90968.046875 1.0644810199737549 24.559999465942383
38.4022216796875 33.70490646362305 914.5999755859375 90965.25 1.0644482374191284 24.559999465942383
38.4022216796875 33.70490646362305 914.5999755859375 90965.90625 1.0644559860229492 24.559999465942383
38.402225494384766 33.70490264892578 914.5999755859375 90965.625 1.0644526481628418 24.559999465942383
38.402225494384766 33.70490264892578 914.5 90968.5859375 1.064487338066101 24.559999465942383
38.402225494384766 33.70490264892578 914.5 90967.125 1.0644701719284058 24.559999465942383
38.402225494384766 33.70490264892578 914.5 90969.90625 1.0645027160644531 24.559999465942383
38.402225494384766 33.70490264892578 914.5 90968.9609375 1.0644559860229492 24.56999969482422
38.402225494384766 33.704898834228516 914.5 90968.5859375 1.064487338066101 24.559999465942383
38.402225494384766 33.704898834228516 914.5 90971.03125 1.0645159482955933 24.559999465942383
38.402225494384766 33.704898834228516 914.5 90969.90625 1.0645027160644531 24.559999465942383
38.402225494384766 33.704898834228516 914.5 90968.7265625 1.0644890069961548 24.559999465942383
38.402225494384766 33.704898834228516 914.5 90969.1015625 1.0644932985305786 24.559999465942383
38.40222930908203 33.70489501953125 914 90970.09375 1.0645049810409546 24.559999465942383
38.40222930908203 33.70489501953125 914 90970.5859375 1.064510703086853 24.559999465942383
38.40222930908203 33.70489501953125 914 90971.453125 1.0644850730895996 24.56999969482422
38.40222930908203 33.70489501953125 914 90969.78125 1.0644655227661133 24.56999969482422
38.40222930908203 33.70489501953125 914 90968.46875 1.0644501447677612 24.56999969482422
38.40222930908203 33.704891204833984 913.7000122070312 90969.1015625 1.0644932985305786 24.559999465942383
38.40222930908203 33.704891204833984 913.7000122070312 90968.9140625 1.0644911527633667 24.559999465942383
38.40222930908203 33.704891204833984 913.7000122070312 90968.5859375 1.064487338066101 24.559999465942383
38.40222930908203 33.704891204833984 913.7000122070312 90969.171875 1.0644583702087402 24.56999969482422
38.4022331237793 33.704891204833984 913.7000122070312 90968 1.064444661140442 24.56999969482422
38.4022331237793 33.704891204833984 913.7000122070312 90964.84375 1.0644078254699707 24.56999969482422
38.4022331237793 33.704891204833984 913.7000122070312 90965.8125 1.0644549131393433 24.559999465942383
38.4022331237793 33.704891204833984 913.7000122070312 90965.9765625 1.064456820487976 24.559999465942383
38.4022331237793 33.704891204833984 913.7000122070312 90966.6328125 1.0644644498825073 24.559999465942383
38.40222930908203 33.70489501953125 913.7000122070312 90968.796875 1.0644540786743164 24.56999969482422
38.40222930908203 33.70489501953125 913.5999755859375 90967.953125 1.064479947090149 24.559999465942383
38.40222930908203 33.70489501953125 913.5999755859375 90971.96875 1.0644911527633667 24.56999969482422
38.40222930908203 33.70489501953125 913.5999755859375 90967.953125 1.064479947090149 24.559999465942383
38.40222930908203 33.70489501953125 913.5999755859375 90969.65625 1.0644640922546387 24.56999969482422
38.40222930908203 33.704898834228516 913.7999877929688 90968.84375 1.0644545555114746 24.56999969482422
38.40222930908203 33.704898834228516 913.7999877929688 90970.984375 1.0644795894622803 24.56999969482422
38.40222930908203 33.704898834228516 913.7999877929688 90968.1875 1.0644469261169434 24.56999969482422
38.40222930908203 33.704898834228516 913.7999877929688 90967.7109375 1.0644055604934692 24.579999923706055
38.40222930908203 33.704898834228516 913.7999877929688 90967.5234375 1.0644391775131226 24.56999969482422
38.40222930908203 33.70489501953125 913.7999877929688 90969.640625 1.0644638538360596 24.56999969482422
38.40222930908203 33.70489501953125 913.7999877929688 90969.3359375 1.064460277557373 24.56999969482422
38.40222930908203 33.70489501953125 913.7999877929688 90968.34375 1.0644487142562866 24.56999969482422
38.40222930908203 33.70489501953125 913.7999877929688 90965.875 1.0644198656082153 24.56999969482422
38.40222930908203 33.704898834228516 913.7999877929688 90967.8515625 1.0644429922103882 24.56999969482422
38.40222930908203 33.704898834228516 914 90969.328125 1.064460277557373 24.56999969482422
38.40222930908203 33.704898834228516 914 90966.328125 1.0644251108169556 24.56999969482422
38.40222930908203 33.704898834228516 914 90965.5703125 1.0643805265426636 24.579999923706055
38.40222930908203 33.704898834228516 914 90969.046875 1.0644211769104004 24.579999923706055
38.402225494384766 33.70490264892578 914 90961.953125 1.064338207244873 24.579999923706055
38.402225494384766 33.70490264892578 914.0999755859375 90965.921875 1.0643845796585083 24.579999923706055
38.402225494384766 33.70490264892578 914.0999755859375 90968.859375 1.0644190311431885 24.579999923706055
38.402225494384766 33.70490264892578 914.0999755859375 90967.046875 1.0643978118896484 24.579999923706055
38.402225494384766 33.70490264892578 914.0999755859375 90968.203125 1.0644112825393677 24.579999923706055
38.402225494384766 33.70490646362305 914.0999755859375 90966.421875 1.0643905401229858 24.579999923706055
38.402225494384766 33.70490646362305 914.7999877929688 90966.703125 1.064429521560669 24.56999969482422
38.402225494384766 33.70490646362305 914.7999877929688 90968.8828125 1.0644192695617676 24.579999923706055
38.402225494384766 33.70490646362305 914.7999877929688 90969.359375 1.0644248723983765 24.579999923706055
38.402225494384766 33.70490646362305 914.7999877929688 90971.5390625 1.0644503831863403 24.579999923706055
38.402225494384766 33.70491027832031 914.4000244140625 90965.59375 1.0643807649612427 24.579999923706055
38.402225494384766 33.70491027832031 914.4000244140625 90969.2578125 1.064423680305481 24.579999923706055
38.402225494384766 33.70491027832031 914.4000244140625 90966.4609375 1.0643908977508545 24.579999923706055
38.402225494384766 33.70491027832031 914.4000244140625 90964.109375 1.0643634796142578 24.579999923706055
38.402225494384766 33.70491027832031 914.4000244140625 90966.2734375 1.0643887519836426 24.579999923706055
38.402225494384766 33.70491027832031 914.4000244140625 90965.6640625 1.0643458366394043 24.59000015258789
38.402225494384766 33.70491027832031 914.4000244140625 90969.4453125 1.0643900632858276 24.59000015258789
38.402225494384766 33.70491027832031 914.4000244140625 90969.9140625 1.0644313097000122 24.579999923706055
38.402225494384766 33.70491027832031 914.4000244140625 90967.4921875 1.0643672943115234 24.59000015258789
38.402225494384766 33.70491027832031 914.4000244140625 90966.6484375 1.0643573999404907 24.59000015258789
38.402225494384766 33.70491027832031 914.5 90967.3125 1.0643651485443115 24.59000015258789
38.402225494384766 33.70491027832031 914.5 90968.953125 1.0643843412399292 24.59000015258789
38.402225494384766 33.70491027832031 914.5 90968.6015625 1.0644159317016602 24.579999923706055
38.402225494384766 33.70491027832031 914.5 90972.578125 1.0644267797470093 24.59000015258789
38.4022216796875 33.704917907714844 914.5 90970.78125 1.0644056797027588 24.59000015258789
38.4022216796875 33.704917907714844 914.5 90971.28125 1.0644116401672363 24.59000015258789
38.4022216796875 33.704917907714844 914.5 90970.953125 1.0644077062606812 24.59000015258789
38.4022216796875 33.704917907714844 914.5 90969.59375 1.0644276142120361 24.579999923706055
38.4022216796875 33.704917907714844 914.5 90968.953125 1.0643843412399292 24.59000015258789
38.402217864990234 33.704933166503906 915 90973.90625 1.0644422769546509 24.59000015258789
38.402217864990234 33.704933166503906 915 90968.4609375 1.0643786191940308 24.59000015258789
38.402217864990234 33.704933166503906 915 90970.4375 1.0644017457962036 24.59000015258789
38.402217864990234 33.704933166503906 915 90972.59375 1.0644268989562988 24.59000015258789
38.402217864990234 33.704933166503906 915 90971.6484375 1.064380168914795 24.600000381469727
38.402217864990234 33.704933166503906 915.0999755859375 90968.953125 1.0643843412399292 24.59000015258789
38.402217864990234 33.704933166503906 915.0999755859375 90968.9296875 1.0644198656082153 24.579999923706055
38.402217864990234 33.704933166503906 915.0999755859375 90966.5 1.0643556118011475 24.59000015258789
38.402217864990234 33.704933166503906 915.0999755859375 90966.34375 1.0643538236618042 24.59000015258789
38.402217864990234 33.704933166503906 915.0999755859375 90965.2109375 1.064340591430664 24.59000015258789
38.402217864990234 33.70493698120117 915 90964.6953125 1.064334511756897 24.59000015258789
38.402217864990234 33.70493698120117 915 90964.390625 1.0643309354782104 24.59000015258789
38.402217864990234 33.70493698120117 915 90964.90625 1.0643012523651123 24.600000381469727
38.402217864990234 33.70493698120117 915 90964.578125 1.0642974376678467 24.600000381469727
38.40221405029297 33.70494079589844 915 90961.734375 1.0642999410629272 24.59000015258789
38.40221405029297 33.70494079589844 915.0999755859375 90965.8671875 1.0643482208251953 24.59000015258789
38.40221405029297 33.70494079589844 915.0999755859375 90966.6875 1.064357876777649 24.59000015258789
38.40221405029297 33.70494079589844 915.0999755859375 90964.859375 1.0643364191055298 24.59000015258789
38.40221405029297 33.70494079589844 915.0999755859375 90961.75 1.0643000602722168 24.59000015258789
38.402217864990234 33.70493698120117 915.0999755859375 90960.109375 1.0642808675765991 24.59000015258789
38.402217864990234 33.70493698120117 914.9000244140625 90964.546875 1.0643328428268433 24.59000015258789
38.402217864990234 33.70493698120117 914.9000244140625 90961.453125 1.0642608404159546 24.600000381469727
38.402217864990234 33.70493698120117 914.9000244140625 90963.890625 1.0643250942230225 24.59000015258789
38.402217864990234 33.70493698120117 914.9000244140625 90958.515625 1.064226508140564 24.600000381469727
38.402217864990234 33.704933166503906 915.0999755859375 90959.3125 1.064235806465149 24.600000381469727
38.402217864990234 33.704933166503906 915.0999755859375 90959.3125 1.064235806465149 24.600000381469727
38.402217864990234 33.704933166503906 915.0999755859375 90966.5234375 1.0643559694290161 24.59000015258789
38.402217864990234 33.704933166503906 915.0999755859375 90963.40625 1.0643194913864136 24.59000015258789
38.402217864990234 33.70492935180664 915.0999755859375 90965.609375 1.0643094778060913 24.600000381469727
38.402217864990234 33.704933166503906 915.0999755859375 90970.546875 1.0643672943115234 24.600000381469727
38.402217864990234 33.70492935180664 915.0999755859375 90963.09375 1.0642800331115723 24.600000381469727
38.402217864990234 33.70492935180664 915.0999755859375 90963.28125 1.0642822980880737 24.600000381469727
38.402217864990234 33.704933166503906 915.0999755859375 90963.984375 1.0642905235290527 24.600000381469727
38.402217864990234 33.70492935180664 915.0999755859375 90964.6171875 1.0642979145050049 24.600000381469727
38.402217864990234 33.704933166503906 915.4000244140625 90962.125 1.064268708229065 24.600000381469727
38.402217864990234 33.704933166503906 915.4000244140625 90961.5390625 1.0642261505126953 24.610000610351562
38.402217864990234 33.704933166503906 915.4000244140625 90959.46875 1.0642375946044922 24.600000381469727
38.402217864990234 33.704933166503906 915.4000244140625 90962.15625 1.0642690658569336 24.600000381469727
38.402217864990234 33.704933166503906 915.4000244140625 90963.890625 1.0643250942230225 24.59000015258789
38.402217864990234 33.704933166503906 915.5 90962.96875 1.0642786026000977 24.600000381469727
38.402217864990234 33.704933166503906 915.5 90962.5 1.0642731189727783 24.600000381469727
38.402217864990234 33.704933166503906 915.5 90963.9375 1.064289927482605 24.600000381469727
38.402217864990234 33.704933166503906 915.5 90963.328125 1.064282774925232 24.600000381469727
38.40221405029297 33.70494079589844 915.5 90964.15625 1.0642924308776855 24.600000381469727
38.40221405029297 33.70494079589844 916.0999755859375 90964.953125 1.06430184841156 24.600000381469727
38.40221405029297 33.70494079589844 916.0999755859375 90962.6875 1.064239501953125 24.610000610351562
38.40221405029297 33.70494079589844 916.0999755859375 90960.0625 1.0642088651657104 24.610000610351562
38.40221405029297 33.70494079589844 916.0999755859375 90963.140625 1.06428062915802 24.600000381469727
38.402217864990234 33.70493698120117 916.2000122070312 90961.84375 1.0642653703689575 24.600000381469727
38.402217864990234 33.70493698120117 916.2000122070312 90963.0625 1.0642439126968384 24.610000610351562
38.402217864990234 33.70493698120117 916.2000122070312 90960.8359375 1.0642536878585815 24.600000381469727
38.402217864990234 33.70493698120117 916.2000122070312 90961.5390625 1.0642261505126953 24.610000610351562
38.402217864990234 33.70493698120117 916.2000122070312 90961.703125 1.0642280578613281 24.610000610351562
38.402217864990234 33.70494079589844 916.5999755859375 90967.5078125 1.0642958879470825 24.610000610351562
38.402217864990234 33.70494079589844 916.5999755859375 90959.703125 1.0642045736312866 24.610000610351562
38.402217864990234 33.70494079589844 916.5999755859375 90962.078125 1.0642324686050415 24.610000610351562
38.402217864990234 33.70494079589844 916.5999755859375 90962.3828125 1.0642359256744385 24.610000610351562
38.402217864990234 33.70493698120117 916.5999755859375 90961.7265625 1.0642282962799072 24.610000610351562
38.402217864990234 33.70493698120117 916.9000244140625 90961.5625 1.0642263889312744 24.610000610351562
38.402217864990234 33.70493698120117 916.9000244140625 90964.8515625 1.0642648935317993 24.610000610351562
38.402217864990234 33.70493698120117 916.9000244140625 90961.5390625 1.0642261505126953 24.610000610351562
38.402217864990234 33.70493698120117 916.9000244140625 90967.484375 1.0642956495285034 24.610000610351562
38.402217864990234 33.70493698120117 916.7000122070312 90961.5859375 1.0642266273498535 24.610000610351562
38.402217864990234 33.70493698120117 916.9000244140625 90962.0546875 1.0642321109771729 24.610000610351562
38.402217864990234 33.70493698120117 916.7000122070312 90960.90625 1.0642187595367432 24.610000610351562
38.402217864990234 33.70493698120117 916.7000122070312 90958.296875 1.0641881227493286 24.610000610351562
38.402217864990234 33.70493698120117 916.7000122070312 90960.59375 1.064215064048767 24.610000610351562
38.402217864990234 33.704933166503906 916.4000244140625 90966.375 1.0642826557159424 24.610000610351562
38.402217864990234 33.704933166503906 916.4000244140625 90968.5 1.0643075704574585 24.610000610351562
38.402217864990234 33.704933166503906 916.4000244140625 90966 1.064278244972229 24.610000610351562
38.402217864990234 33.704933166503906 916.4000244140625 90962.1015625 1.0642327070236206 24.610000610351562
38.402217864990234 33.704933166503906 916.4000244140625 90964.078125 1.0642558336257935 24.610000610351562
38.4022216796875 33.704933166503906 915.9000244140625 90963.5625 1.0642497539520264 24.610000610351562
38.4022216796875 33.704933166503906 915.9000244140625 90965.7421875 1.064239501953125 24.6200008392334
38.4022216796875 33.704933166503906 915.9000244140625 90963.0625 1.0642439126968384 24.610000610351562
38.4022216796875 33.704933166503906 915.9000244140625 90964.5703125 1.064261555671692 24.610000610351562
38.4022216796875 33.704933166503906 915.9000244140625 90962.78125 1.0642049312591553 24.6200008392334
38.4022216796875 33.704933166503906 915.5999755859375 90963.4375 1.0642125606536865 24.6200008392334
38.4022216796875 33.704933166503906 915.5999755859375 90961.28125 1.064223051071167 24.610000610351562
38.4022216796875 33.704933166503906 915.5999755859375 90961.796875 1.0641933679580688 24.6200008392334
38.4022216796875 33.704933166503906 915.5999755859375 90970.53125 1.0642955303192139 24.6200008392334
38.4022216796875 33.704933166503906 915.5999755859375 90966.9375 1.064253568649292 24.6200008392334
38.4022216796875 33.704933166503906 915.5999755859375 90964.40625 1.064259648323059 24.610000610351562
38.4022216796875 33.704933166503906 915.5999755859375 90960.296875 1.0642116069793701 24.610000610351562
38.4022216796875 33.704933166503906 915.5999755859375 90962.9453125 1.064206838607788 24.6200008392334
38.4022216796875 33.704933166503906 915.5999755859375 90963.765625 1.0642163753509521 24.6200008392334
38.402217864990234 33.70493698120117 915.5999755859375 90967.71875 1.0642626285552979 24.6200008392334
38.402217864990234 33.70493698120117 915.7999877929688 90962.2890625 1.0641990900039673 24.6200008392334
38.402217864990234 33.70493698120117 915.7999877929688 90960.3125 1.0641759634017944 24.6200008392334
38.402217864990234 33.70493698120117 915.7999877929688 90963.796875 1.0642167329788208 24.6200008392334
38.402217864990234 33.70493698120117 915.7999877929688 90965.796875 1.0642402172088623 24.6200008392334
38.402217864990234 33.7049446105957 916.2000122070312 90963.65625 1.0642151832580566 24.6200008392334
38.402217864990234 33.7049446105957 916.2000122070312 90967.6015625 1.0642613172531128 24.6200008392334
38.402217864990234 33.7049446105957 916.2000122070312 90962.984375 1.0642073154449463 24.6200008392334
38.402217864990234 33.7049446105957 916.2000122070312 90966.953125 1.0642179250717163 24.6299991607666
38.402217864990234 33.7049446105957 916.2000122070312 90962.984375 1.064171552658081 24.6299991607666
38.4022216796875 33.70494079589844 916 90964.6328125 1.064226508140564 24.6200008392334
38.4022216796875 33.70494079589844 916 90964.625 1.0641907453536987 24.6299991607666
38.4022216796875 33.70494079589844 916 90964.96875 1.0642304420471191 24.6200008392334
38.4022216796875 33.70494079589844 916 90971.875 1.0642755031585693 24.6299991607666
38.402217864990234 33.7049446105957 916 90967.7578125 1.064263105392456 24.6200008392334
38.402217864990234 33.7049446105957 916.0999755859375 90963.640625 1.0642149448394775 24.6200008392334
38.402217864990234 33.7049446105957 916.0999755859375 90962.328125 1.0641639232635498 24.6299991607666
38.402217864990234 33.7049446105957 916.0999755859375 90962.171875 1.0641977787017822 24.6200008392334
38.402217864990234 33.7049446105957 916.0999755859375 90963.171875 1.064173698425293 24.6299991607666
38.402217864990234 33.7049446105957 916.0999755859375 90962.8203125 1.0641696453094482 24.6299991607666
38.402217864990234 33.7049446105957 916.5 90964.9609375 1.0642304420471191 24.6200008392334
38.402217864990234 33.7049446105957 916.5 90965.140625 1.0641968250274658 24.6299991607666
38.402217864990234 33.7049446105957 916.5 90965.6640625 1.064202904701233 24.6299991607666
38.402217864990234 33.7049446105957 916.5 90963.4765625 1.0641772747039795 24.6299991607666
38.402217864990234 33.7049446105957 916.7999877929688 90964.46875 1.0641889572143555 24.6299991607666
38.402217864990234 33.7049446105957 916.7999877929688 90962.984375 1.064171552658081 24.6299991607666
38.402217864990234 33.7049446105957 916.7999877929688 90962.515625 1.0641660690307617 24.6299991607666
38.402217864990234 33.7049446105957 916.7999877929688 90962.34375 1.0641640424728394 24.6299991607666
38.402217864990234 33.7049446105957 916.7999877929688 90961.0546875 1.064149022102356 24.6299991607666
38.402217864990234 33.70494842529297 917.2999877929688 90962.0625 1.064160704612732 24.6299991607666
38.402217864990234 33.70494842529297 917.2999877929688 90959.90625 1.0641355514526367 24.6299991607666
38.402217864990234 33.70494842529297 917.2999877929688 90961.5 1.0641541481018066 24.6299991607666
38.402217864990234 33.70494842529297 917.2999877929688 90961.921875 1.0641233921051025 24.639999389648438
38.402217864990234 33.70494842529297 917.2999877929688 90964.0625 1.0641484260559082 24.639999389648438
38.402217864990234 33.70494842529297 917.2999877929688 90963.03125 1.0641721487045288 24.6299991607666
38.402217864990234 33.70494842529297 917.2999877929688 90961.53125 1.0641545057296753 24.6299991607666
38.402217864990234 33.70494842529297 917.2999877929688 90960.53125 1.0641785860061646 24.6200008392334
38.402217864990234 33.70494842529297 917.2999877929688 90960.046875 1.0641372203826904 24.6299991607666
38.402217864990234 33.70494842529297 917.2999877929688 90961.90625 1.0641589164733887 24.6299991607666
38.402217864990234 33.70494842529297 917.4000244140625 90962.234375 1.0641627311706543 24.6299991607666
38.402217864990234 33.70494842529297 917.4000244140625 90960.234375 1.0641393661499023 24.6299991607666
38.402217864990234 33.70494842529297 917.4000244140625 90964.046875 1.0641839504241943 24.6299991607666
38.40221405029297 33.70494842529297 917.4000244140625 90959.265625 1.064128041267395 24.6299991607666
38.402217864990234 33.70494842529297 917.4000244140625 90961.078125 1.064149260520935 24.6299991607666
38.40221405029297 33.70494842529297 917.9000244140625 90959.765625 1.064133882522583 24.6299991607666
38.40221405029297 33.70494842529297 917.9000244140625 90958.796875 1.0640867948532104 24.639999389648438
38.40221405029297 33.70494842529297 917.9000244140625 90961.1015625 1.064113736152649 24.639999389648438
38.40221405029297 33.70494842529297 917.9000244140625 90960.46875 1.0641063451766968 24.639999389648438
38.40221405029297 33.70494842529297 918.4000244140625 90959.59375 1.0641318559646606 24.6299991607666
38.40221405029297 33.70494842529297 918.4000244140625 90958.65625 1.0640851259231567 24.639999389648438
38.40221405029297 33.70494842529297 918.4000244140625 90961.7578125 1.0641214847564697 24.639999389648438
38.40221405029297 33.70494842529297 918.4000244140625 90959.78125 1.0640983581542969 24.639999389648438
38.40221405029297 33.70494842529297 918.4000244140625 90959.953125 1.0641003847122192 24.639999389648438
38.40221405029297 33.70494842529297 918.2999877929688 90962.6015625 1.0641313791275024 24.639999389648438
38.40221405029297 33.70494842529297 918.2999877929688 90964.7421875 1.064156413078308 24.639999389648438
38.40221405029297 33.70494842529297 918.2999877929688 90962.0859375 1.0641252994537354 24.639999389648438
38.40221405029297 33.70494842529297 918.2999877929688 90963.234375 1.0641387701034546 24.639999389648438
38.40221405029297 33.704952239990234 918.2999877929688 90959.4765625 1.0640947818756104 24.639999389648438
38.40221405029297 33.704952239990234 919.0999755859375 90962.0859375 1.0641252994537354 24.639999389648438
38.40221405029297 33.704952239990234 919.0999755859375 90963.75 1.0641447305679321 24.639999389648438
38.40221405029297 33.704952239990234 919.0999755859375 90962.109375 1.0641255378723145 24.639999389648438
38.40221405029297 33.704952239990234 919.0999755859375 90964.7890625 1.0641568899154663 24.639999389648438
38.40221405029297 33.704952239990234 919.0999755859375 90963.234375 1.0641387701034546 24.639999389648438
38.40221405029297 33.704952239990234 919.2000122070312 90962.109375 1.0641255378723145 24.639999389648438
38.40221405029297 33.704952239990234 919.2000122070312 90962.109375 1.0641255378723145 24.639999389648438
38.40221405029297 33.704952239990234 919.2000122070312 90962.671875 1.064096450805664 24.649999618530273
38.40221405029297 33.704952239990234 919.2000122070312 90957.484375 1.0640714168548584 24.639999389648438
38.4022102355957 33.704952239990234 919.2000122070312 90960.8125 1.0641103982925415 24.639999389648438
38.4022102355957 33.704952239990234 919.7000122070312 90961.6640625 1.0641204118728638 24.639999389648438
38.4022102355957 33.704952239990234 919.7000122070312 90960.984375 1.0641124248504639 24.639999389648438
38.4022102355957 33.704952239990234 919.7000122070312 90961.328125 1.0641164779663086 24.639999389648438
38.4022102355957 33.704952239990234 919.7000122070312 90962.5078125 1.0640945434570312 24.649999618530273
38.4022102355957 33.704952239990234 920 90959.828125 1.064098834991455 24.639999389648438
38.4022102355957 33.704952239990234 920 90961.9921875 1.0641242265701294 24.639999389648438
38.4022102355957 33.704952239990234 920 90963.703125 1.0641084909439087 24.649999618530273
38.4022102355957 33.704952239990234 920 90961.828125 1.0641223192214966 24.639999389648438
38.4022102355957 33.704952239990234 920 90962.359375 1.064092755317688 24.649999618530273
38.40220642089844 33.7049560546875 920.4000244140625 90960.859375 1.064075231552124 24.649999618530273
38.40220642089844 33.7049560546875 920.4000244140625 90962.859375 1.064098596572876 24.649999618530273
38.40220642089844 33.7049560546875 920.4000244140625 90960.0390625 1.0640655755996704 24.649999618530273
38.40220642089844 33.7049560546875 920.4000244140625 90960.859375 1.064075231552124 24.649999618530273
38.40220642089844 33.7049560546875 920.4000244140625 90961.03125 1.0640772581100464 24.649999618530273
38.40220642089844 33.7049560546875 920.5 90954.9609375 1.0640062093734741 24.649999618530273
38.40220642089844 33.7049560546875 920.5 90960.71875 1.0640735626220703 24.649999618530273
38.40220642089844 33.7049560546875 920.5 90959.0546875 1.0640541315078735 24.649999618530273
38.40220642089844 33.7049560546875 920.5 90958.4375 1.064046859741211 24.649999618530273
38.4022102355957 33.704952239990234 920.0999755859375 90957.765625 1.0640389919281006 24.649999618530273
38.4022102355957 33.704952239990234 920.5 90960.4375 1.064070224761963 24.649999618530273
38.4022102355957 33.704952239990234 920.0999755859375 90958.953125 1.064052939414978 24.649999618530273
38.4022102355957 33.704952239990234 920.0999755859375 90961.59375 1.0640838146209717 24.649999618530273
38.4022102355957 33.704952239990234 920.0999755859375 90959.265625 1.0640565156936646 24.649999618530273
38.4022102355957 33.704952239990234 919.9000244140625 90961.078125 1.0640777349472046 24.649999618530273
38.4022102355957 33.704952239990234 919.9000244140625 90958.0859375 1.0640428066253662 24.649999618530273
38.4022102355957 33.704952239990234 919.9000244140625 90961.8984375 1.0640873908996582 24.649999618530273
38.4022102355957 33.704952239990234 919.9000244140625 90960.25 1.064068078994751 24.649999618530273
38.4022102355957 33.704952239990234 919.9000244140625 90962.578125 1.0640596151351929 24.65999984741211
38.4022102355957 33.70494842529297 920 90963.046875 1.0641008615493774 24.649999618530273
38.4022102355957 33.70494842529297 920 90959.9453125 1.0640645027160645 24.649999618530273
38.4022102355957 33.70494842529297 920 90960.59375 1.0640363693237305 24.65999984741211
38.4022102355957 33.70494842529297 920 90960.9296875 1.0640760660171509 24.649999618530273
38.4022102355957 33.70494842529297 920 90960.6015625 1.0640722513198853 24.649999618530273
38.4022102355957 33.70494842529297 919.7999877929688 90964.21875 1.0640788078308105 24.65999984741211
38.4022102355957 33.70494842529297 919.7999877929688 90960.1015625 1.064030647277832 24.65999984741211
38.4022102355957 33.70494842529297 919.7999877929688 90961.09375 1.0640422105789185 24.65999984741211
38.4022102355957 33.70494842529297 919.7999877929688 90962.4140625 1.0640933513641357 24.649999618530273
38.40221405029297 33.7049446105957 919.7999877929688 90962.734375 1.0640614032745361 24.65999984741211
38.40221405029297 33.7049446105957 919.5999755859375 90961.7734375 1.0640501976013184 24.65999984741211
38.40221405029297 33.7049446105957 919.5999755859375 90961.7734375 1.0640501976013184 24.65999984741211
38.40221405029297 33.7049446105957 919.5999755859375 90963.765625 1.0640734434127808 24.65999984741211
38.40221405029297 33.7049446105957 919.5999755859375 90960.4765625 1.0640350580215454 24.65999984741211
38.4022102355957 33.70494842529297 919.5999755859375 90961.15625 1.0640429258346558 24.65999984741211
38.4022102355957 33.70494842529297 920 90960.671875 1.0640373229980469 24.65999984741211
38.4022102355957 33.70494842529297 920.0999755859375 90961.625 1.064048409461975 24.65999984741211
38.4022102355957 33.70494842529297 920.0999755859375 90963.609375 1.0640716552734375 24.65999984741211
38.4022102355957 33.70494842529297 920.0999755859375 90963.65625 1.06403648853302 24.670000076293945
38.4022102355957 33.70494842529297 920.0999755859375 90961.203125 1.0640077590942383 24.670000076293945
38.4022102355957 33.70494842529297 920.0999755859375 90958.5 1.0640119314193726 24.65999984741211
38.40220642089844 33.704952239990234 920.4000244140625 90961.15625 1.0640429258346558 24.65999984741211
38.40220642089844 33.704952239990234 920.4000244140625 90962.8046875 1.064062237739563 24.65999984741211
38.40220642089844 33.704952239990234 920.4000244140625 90960.15625 1.0640312433242798 24.65999984741211
38.40220642089844 33.704952239990234 920.4000244140625 90961.15625 1.0640429258346558 24.65999984741211
38.40220642089844 33.70494842529297 920.4000244140625 90960.53125 1.063999891281128 24.670000076293945
38.40220642089844 33.70494842529297 920.4000244140625 90960.7109375 1.0640020370483398 24.670000076293945
38.40220642089844 33.70494842529297 920.4000244140625 90960.375 1.0639981031417847 24.670000076293945
38.40220642089844 33.70494842529297 920.4000244140625 90960.734375 1.064002275466919 24.670000076293945
38.40220642089844 33.70494842529297 920.4000244140625 90962.046875 1.064017653465271 24.670000076293945
38.40220642089844 33.704952239990234 920.4000244140625 90961.0625 1.0640060901641846 24.670000076293945
38.40220642089844 33.704952239990234 920.7000122070312 90961.5546875 1.0640119314193726 24.670000076293945
38.40220642089844 33.704952239990234 920.7000122070312 90962.5625 1.0639879703521729 24.68000030517578
38.40220642089844 33.704952239990234 920.7000122070312 90960.234375 1.063996434211731 24.670000076293945
38.40220642089844 33.704952239990234 920.7000122070312 90961.5625 1.0640119314193726 24.670000076293945
38.40220642089844 33.70494842529297 920.9000244140625 90959.4375 1.0639513731002808 24.68000030517578
38.40220642089844 33.70494842529297 920.9000244140625 90959.578125 1.0639888048171997 24.670000076293945
38.40220642089844 33.70494842529297 920.9000244140625 90960.234375 1.063996434211731 24.670000076293945
38.40220642089844 33.70494842529297 920.9000244140625 90957.4375 1.063963770866394 24.670000076293945
38.40220642089844 33.70494842529297 920.9000244140625 90958.1015625 1.0639715194702148 24.670000076293945
38.40220642089844 33.70494842529297 920.9000244140625 90959.4140625 1.063986897468567 24.670000076293945
38.40220642089844 33.70494842529297 920.9000244140625 90956.296875 1.0639504194259644 24.670000076293945
38.40220642089844 33.70494842529297 920.9000244140625 90961.0625 1.0640060901641846 24.670000076293945
38.40220642089844 33.70494842529297 920.9000244140625 90959.4140625 1.063986897468567 24.670000076293945
38.40220642089844 33.70494842529297 920.9000244140625 90961.390625 1.0640100240707397 24.670000076293945
38.40220642089844 33.70494842529297 920.9000244140625 90961.40625 1.063974380493164 24.68000030517578
38.40220642089844 33.70494842529297 920.9000244140625 90961.40625 1.063974380493164 24.68000030517578
38.40220642089844 33.70494842529297 920.9000244140625 90958.453125 1.0639399290084839 24.68000030517578
38.40220642089844 33.70494842529297 920.9000244140625 90960.421875 1.0639629364013672 24.68000030517578
38.40220642089844 33.70494842529297 920.9000244140625 90959.25 1.063984990119934 24.670000076293945
38.40220642089844 33.70494842529297 920.9000244140625 90961.0625 1.0640060901641846 24.670000076293945
38.40220642089844 33.70494842529297 920.9000244140625 90962.3984375 1.06398606300354 24.68000030517578
38.40220642089844 33.70494842529297 920.9000244140625 90958.59375 1.0639772415161133 24.670000076293945
38.40220642089844 33.70494842529297 920.9000244140625 90960.609375 1.063965082168579 24.68000030517578
38.40220642089844 33.70494842529297 920.9000244140625 90963.3828125 1.063997507095337 24.68000030517578
38.40220642089844 33.70494842529297 921 90961.875 1.0640156269073486 24.670000076293945
38.40220642089844 33.70494842529297 921 90962.09375 1.0639824867248535 24.68000030517578
38.40220642089844 33.70494842529297 921 90963.859375 1.064038872718811 24.670000076293945
38.40220642089844 33.70494842529297 921 90960.5859375 1.06396484375 24.68000030517578
38.40220642089844 33.70494842529297 920.7999877929688 90958.640625 1.0639420747756958 24.68000030517578
38.40220642089844 33.70494842529297 920.7999877929688 90961.9296875 1.0639805793762207 24.68000030517578
38.40220642089844 33.70494842529297 920.7999877929688 90961.265625 1.0639728307724 24.68000030517578
38.40220642089844 33.70494842529297 920.7999877929688 90960.78125 1.0639671087265015 24.68000030517578
38.40220642089844 33.70494842529297 920.7999877929688 90963.078125 1.0639939308166504 24.68000030517578
38.40220642089844 33.704952239990234 920.9000244140625 90962.609375 1.063988447189331 24.68000030517578
38.40220642089844 33.704952239990234 920.9000244140625 90962.9609375 1.0639926195144653 24.68000030517578
38.40220642089844 33.704952239990234 920.9000244140625 90963.3828125 1.063997507095337 24.68000030517578
38.40220642089844 33.704952239990234 920.9000244140625 90961.78125 1.0639787912368774 24.68000030517578
38.4022102355957 33.70494842529297 920.9000244140625 90959.3125 1.0639499425888062 24.68000030517578
38.4022102355957 33.70494842529297 920.9000244140625 90961.3125 1.063973307609558 24.68000030517578
38.4022102355957 33.70494842529297 920.9000244140625 90962.9609375 1.0639926195144653 24.68000030517578
38.4022102355957 33.70494842529297 920.9000244140625 90959.96875 1.0639575719833374 24.68000030517578
38.4022102355957 33.70494842529297 920.9000244140625 90961.4765625 1.063975214958191 24.68000030517578
38.4022102355957 33.704952239990234 920.9000244140625 90960.6328125 1.0639654397964478 24.68000030517578
38.4022102355957 33.70494842529297 920.9000244140625 90962.34375 1.063949704170227 24.690000534057617
38.4022102355957 33.70494842529297 920.5999755859375 90963.40625 1.0639978647232056 24.68000030517578
