# WaveFront *.obj file (generated by Autodesk ATF)

mtllib rocket.mtl

g Gövde1

v -5.700000 -0.000000 166.200000
v -5.672553 0.558698 166.200000
v -5.590476 1.112015 166.200000
v -5.454560 1.654623 166.200000
v -5.266113 2.181296 166.200000
v -5.026951 2.686961 166.200000
v -4.739377 3.166750 166.200000
v -4.406160 3.616042 166.200000
v -4.030509 4.030509 166.200000
v -3.616042 4.406160 166.200000
v -3.166750 4.739377 166.200000
v -2.686961 5.026951 166.200000
v -2.181296 5.266113 166.200000
v -1.654623 5.454560 166.200000
v -1.112015 5.590476 166.200000
v -0.558698 5.672553 166.200000
v 0.000000 5.700000 166.200000
v 0.836364 5.638306 166.200000
v 1.654623 5.454560 166.200000
v 2.437064 5.152739 166.200000
v 3.166750 4.739377 166.200000
v 3.827886 4.223421 166.200000
v 4.406160 3.616042 166.200000
v 4.889053 2.930386 166.200000
v 5.266113 2.181296 166.200000
v 5.529178 1.384987 166.200000
v 5.672553 0.558698 166.200000
v 5.693134 -0.279686 166.200000
v 5.590476 -1.112015 166.200000
v 5.366801 -1.920272 166.200000
v 5.026951 -2.686961 166.200000
v 4.578283 -3.395486 166.200000
v 4.030509 -4.030509 166.200000
v 3.395486 -4.578283 166.200000
v 2.686961 -5.026951 166.200000
v 1.920272 -5.366801 166.200000
v 1.112015 -5.590476 166.200000
v 0.279686 -5.693134 166.200000
v -0.558698 -5.672553 166.200000
v -1.384987 -5.529178 166.200000
v -2.181296 -5.266113 166.200000
v -2.930386 -4.889053 166.200000
v -3.616042 -4.406160 166.200000
v -4.223421 -3.827886 166.200000
v -4.739377 -3.166750 166.200000
v -5.152739 -2.437064 166.200000
v -5.454560 -1.654623 166.200000
v -5.638306 -0.836364 166.200000
v 0.000000 5.700000 146.000000
v -1.078732 5.596994 146.000000
v -2.118476 5.291697 146.000000
v -3.081653 4.795145 146.000000
v -3.933450 4.125284 146.000000
v -4.643083 3.306324 146.000000
v -5.184902 2.367866 146.000000
v -5.539326 1.343826 146.000000
v -5.693544 0.271217 146.000000
v -5.641982 -0.811195 146.000000
v -5.386505 -1.864287 146.000000
v -4.936345 -2.850000 146.000000
v -4.307773 -3.732706 146.000000
v -3.523506 -4.480503 146.000000
v -2.611891 -5.066362 146.000000
v -1.605876 -5.469110 146.000000
v -0.541819 -5.674190 146.000000
v 0.541819 -5.674190 146.000000
v 1.605876 -5.469110 146.000000
v 2.611891 -5.066362 146.000000
v 3.523506 -4.480503 146.000000
v 4.307773 -3.732706 146.000000
v 4.936345 -2.850000 146.000000
v 5.386505 -1.864287 146.000000
v 5.641982 -0.811195 146.000000
v 5.693544 0.271217 146.000000
v 5.539326 1.343826 146.000000
v 5.184902 2.367866 146.000000
v 4.643083 3.306324 146.000000
v 3.933450 4.125284 146.000000
v 3.081653 4.795145 146.000000
v 2.118476 5.291697 146.000000
v 1.078732 5.596994 146.000000
v -5.700000 0.000000 156.100000
v -5.596994 1.078732 156.100000
v -5.291697 2.118476 156.100000
v -4.795145 3.081653 156.100000
v -4.125284 3.933450 156.100000
v -3.306324 4.643083 156.100000
v -2.367866 5.184902 156.100000
v -1.343826 5.539326 156.100000
v -0.271217 5.693544 156.100000
v 0.811195 5.641982 156.100000
v 1.864287 5.386505 156.100000
v 2.850000 4.936345 156.100000
v 3.732706 4.307773 156.100000
v 4.480503 3.523506 156.100000
v 5.066362 2.611891 156.100000
v 5.469110 1.605876 156.100000
v 5.674190 0.541819 156.100000
v 5.674190 -0.541819 156.100000
v 5.469110 -1.605876 156.100000
v 5.066362 -2.611891 156.100000
v 4.480503 -3.523506 156.100000
v 3.732706 -4.307773 156.100000
v 2.850000 -4.936345 156.100000
v 1.864287 -5.386505 156.100000
v 0.811195 -5.641982 156.100000
v -0.271217 -5.693544 156.100000
v -1.343826 -5.539326 156.100000
v -2.367866 -5.184902 156.100000
v -3.306324 -4.643083 156.100000
v -4.125284 -3.933450 156.100000
v -4.795145 -3.081653 156.100000
v -5.291697 -2.118476 156.100000
v -5.596994 -1.078732 156.100000
v 0.000000 5.691592 166.000000
v -1.077141 5.588738 166.000000
v -2.115351 5.283892 166.000000
v -3.077107 4.788072 166.000000
v -3.927649 4.119199 166.000000
v -4.636234 3.301448 166.000000
v -5.177255 2.364373 166.000000
v -5.531155 1.341844 166.000000
v -5.685146 0.270817 166.000000
v -5.633660 -0.809998 166.000000
v -5.378560 -1.861538 166.000000
v -4.929064 -2.845796 166.000000
v -4.301419 -3.727200 166.000000
v -3.518309 -4.473894 166.000000
v -2.608039 -5.058889 166.000000
v -1.603507 -5.461043 166.000000
v -0.541020 -5.665821 166.000000
v 0.541020 -5.665821 166.000000
v 1.603507 -5.461043 166.000000
v 2.608039 -5.058889 166.000000
v 3.518309 -4.473894 166.000000
v 4.301419 -3.727200 166.000000
v 4.929064 -2.845796 166.000000
v 5.378560 -1.861538 166.000000
v 5.633660 -0.809998 166.000000
v 5.685146 0.270817 166.000000
v 5.531155 1.341844 166.000000
v 5.177255 2.364373 166.000000
v 4.636234 3.301448 166.000000
v 3.927649 4.119199 166.000000
v 3.077107 4.788072 166.000000
v 2.115351 5.283892 166.000000
v 1.077141 5.588738 166.000000
v 0.541420 5.670005 156.000000
v -0.541420 5.670005 156.000000
v 1.604691 5.465076 156.000000
v 2.609965 5.062626 156.000000
v 3.520908 4.477198 156.000000
v 4.304596 3.729953 156.000000
v 4.932704 2.847898 156.000000
v 5.382532 1.862912 156.000000
v 5.637821 0.810596 156.000000
v 5.689345 -0.271017 156.000000
v 5.535241 -1.342835 156.000000
v 5.181078 -2.366119 156.000000
v 4.639659 -3.303886 156.000000
v 3.930549 -4.122242 156.000000
v 3.079380 -4.791609 156.000000
v 2.116914 -5.287795 156.000000
v 1.077937 -5.592866 156.000000
v 0.000000 -5.695796 156.000000
v -1.077937 -5.592866 156.000000
v -2.116914 -5.287795 156.000000
v -3.079380 -4.791609 156.000000
v -3.930549 -4.122242 156.000000
v -4.639659 -3.303886 156.000000
v -5.181078 -2.366119 156.000000
v -5.535241 -1.342835 156.000000
v -5.689345 -0.271017 156.000000
v -5.637821 0.810596 156.000000
v -5.382532 1.862912 156.000000
v -4.932704 2.847898 156.000000
v -4.304596 3.729953 156.000000
v -3.520908 4.477198 156.000000
v -2.609965 5.062626 156.000000
v -1.604691 5.465076 156.000000
v 0.000000 5.691592 166.200000
v -0.557874 5.664186 166.200000
v -1.110375 5.582230 166.200000
v -1.652182 5.446514 166.200000
v -2.178078 5.258346 166.200000
v -2.682998 5.019536 166.200000
v -3.162079 4.732386 166.200000
v -3.610708 4.399660 166.200000
v -4.024564 4.024564 166.200000
v -4.399660 3.610708 166.200000
v -4.732386 3.162079 166.200000
v -5.019536 2.682998 166.200000
v -5.258346 2.178078 166.200000
v -5.446514 1.652182 166.200000
v -5.582230 1.110375 166.200000
v -5.664186 0.557874 166.200000
v -5.691592 -0.000000 166.200000
v -5.629990 -0.835130 166.200000
v -5.446514 -1.652182 166.200000
v -5.145139 -2.433469 166.200000
v -4.732386 -3.162079 166.200000
v -4.217192 -3.822240 166.200000
v -3.610708 -4.399660 166.200000
v -2.926063 -4.881842 166.200000
v -2.178078 -5.258346 166.200000
v -1.382944 -5.521023 166.200000
v -0.557874 -5.664186 166.200000
v 0.279273 -5.684737 166.200000
v 1.110375 -5.582230 166.200000
v 1.917440 -5.358885 166.200000
v 2.682998 -5.019536 166.200000
v 3.390478 -4.571530 166.200000
v 4.024564 -4.024564 166.200000
v 4.571530 -3.390478 166.200000
v 5.019536 -2.682998 166.200000
v 5.358885 -1.917440 166.200000
v 5.582230 -1.110375 166.200000
v 5.684737 -0.279273 166.200000
v 5.664186 0.557874 166.200000
v 5.521023 1.382944 166.200000
v 5.258346 2.178078 166.200000
v 4.881842 2.926063 166.200000
v 4.399660 3.610708 166.200000
v 3.822240 4.217192 166.200000
v 3.162079 4.732386 166.200000
v 2.433469 5.145139 166.200000
v 1.652182 5.446514 166.200000
v 0.835130 5.629990 166.200000
vt -20.200000 -17.067684 0.000000
vt -20.200000 -17.907078 0.000000
vt -10.100000 -17.907078 0.000000
vt -10.100000 17.907078 0.000000
vt -20.200000 17.907078 0.000000
vt -20.200000 17.347482 0.000000
vt -10.100000 16.821801 0.000000
vt -20.200000 16.787886 0.000000
vt -20.200000 16.228290 0.000000
vt -10.100000 15.736523 0.000000
vt -20.200000 15.668693 0.000000
vt -20.200000 15.109097 0.000000
vt -10.100000 14.651246 0.000000
vt -20.200000 14.549501 0.000000
vt -20.200000 13.989905 0.000000
vt -10.100000 13.565968 0.000000
vt -20.200000 13.430309 0.000000
vt -20.200000 12.870712 0.000000
vt -10.100000 12.480691 0.000000
vt -20.200000 12.311116 0.000000
vt -20.200000 11.751520 0.000000
vt -10.100000 11.395413 0.000000
vt -20.200000 11.191924 0.000000
vt -20.200000 10.632328 0.000000
vt -10.100000 10.310136 0.000000
vt -20.200000 10.072731 0.000000
vt -20.200000 9.513135 0.000000
vt -10.100000 9.224858 0.000000
vt -20.200000 8.953539 0.000000
vt -10.100000 8.139581 0.000000
vt -20.200000 8.114145 0.000000
vt -20.200000 7.274750 0.000000
vt -10.100000 7.054304 0.000000
vt -20.200000 6.435356 0.000000
vt -10.100000 5.969026 0.000000
vt -20.200000 5.595962 0.000000
vt -10.100000 4.883749 0.000000
vt -20.200000 4.756568 0.000000
vt -10.100000 3.798471 0.000000
vt -20.200000 3.917173 0.000000
vt -20.200000 3.077779 0.000000
vt -10.100000 2.713194 0.000000
vt -20.200000 2.238385 0.000000
vt -10.100000 1.627916 0.000000
vt -20.200000 1.398990 0.000000
vt -10.100000 0.542639 0.000000
vt -20.200000 0.559596 0.000000
vt -20.200000 -0.279798 0.000000
vt -10.100000 -0.542639 0.000000
vt -20.200000 -1.119192 0.000000
vt -10.100000 -1.627916 0.000000
vt -20.200000 -1.958587 0.000000
vt -10.100000 -2.713194 0.000000
vt -20.200000 -2.797981 0.000000
vt -20.200000 -3.637375 0.000000
vt -10.100000 -3.798471 0.000000
vt -20.200000 -4.476770 0.000000
vt -10.100000 -4.883749 0.000000
vt -20.200000 -5.316164 0.000000
vt -10.100000 -5.969026 0.000000
vt -20.200000 -6.155558 0.000000
vt -10.100000 -7.054304 0.000000
vt -20.200000 -6.994952 0.000000
vt -20.200000 -7.834347 0.000000
vt -10.100000 -8.139581 0.000000
vt -20.200000 -8.673741 0.000000
vt -10.100000 -9.224858 0.000000
vt -20.200000 -9.513135 0.000000
vt -10.100000 -10.310136 0.000000
vt -20.200000 -10.352530 0.000000
vt -20.200000 -11.191924 0.000000
vt -10.100000 -11.395413 0.000000
vt -20.200000 -12.031318 0.000000
vt -10.100000 -12.480691 0.000000
vt -20.200000 -12.870712 0.000000
vt -10.100000 -13.565968 0.000000
vt -20.200000 -13.710107 0.000000
vt -10.100000 -14.651246 0.000000
vt -20.200000 -14.549501 0.000000
vt -20.200000 -15.388895 0.000000
vt -10.100000 -15.736523 0.000000
vt -20.200000 -16.228290 0.000000
vt -10.100000 -16.821801 0.000000
vt -0.000000 10.038817 0.000000
vt -0.000000 8.953539 0.000000
vt -0.000000 7.868262 0.000000
vt -0.000000 6.782984 0.000000
vt -0.000000 5.697707 0.000000
vt 0.000000 4.612429 0.000000
vt -0.000000 3.527152 0.000000
vt -0.000000 2.441874 0.000000
vt -0.000000 1.356597 0.000000
vt -0.000000 0.271319 0.000000
vt 0.000000 -0.813958 0.000000
vt -0.000000 -1.899236 0.000000
vt -0.000000 -2.984513 0.000000
vt -0.000000 -4.069790 0.000000
vt -0.000000 -5.155068 0.000000
vt 0.000000 -6.240345 0.000000
vt -0.000000 -7.325623 0.000000
vt 0.000000 -8.410900 0.000000
vt 0.000000 -9.496178 0.000000
vt 0.000000 -10.581455 0.000000
vt 0.000000 -11.666733 0.000000
vt -0.000000 -12.752010 0.000000
vt 0.000000 -13.837288 0.000000
vt -0.000000 -14.922565 0.000000
vt -0.000000 -16.007843 0.000000
vt -0.000000 -17.093120 0.000000
vt 0.000000 -18.178397 0.000000
vt -0.000000 17.635759 0.000000
vt 0.000000 16.550481 0.000000
vt -0.000000 15.465204 0.000000
vt 0.000000 14.379926 0.000000
vt 0.000000 13.294649 0.000000
vt -0.000000 12.209371 0.000000
vt 0.000000 11.124094 0.000000
vt 10.000001 1.084477 0.000000
vt 0.000000 0.542239 0.000000
vt 10.000001 0.000000 0.000000
vt 0.000000 -0.542239 0.000000
vt 10.000001 -1.084477 0.000000
vt 0.000000 -1.626716 0.000000
vt 10.000001 -2.168954 0.000000
vt 0.000000 -2.711193 0.000000
vt 10.000001 -3.253431 0.000000
vt 0.000000 -3.795670 0.000000
vt 10.000001 -4.337908 0.000000
vt 0.000000 -4.880147 0.000000
vt 10.000001 -5.422385 0.000000
vt 0.000000 -5.964624 0.000000
vt 10.000001 -6.506862 0.000000
vt 0.000000 -7.049101 0.000000
vt 10.000001 -7.591339 0.000000
vt 0.000000 -8.133578 0.000000
vt 10.000001 -8.675817 0.000000
vt 0.000000 -9.218055 0.000000
vt 10.000001 -9.760294 0.000000
vt 0.000000 -10.302532 0.000000
vt 10.000001 -10.844771 0.000000
vt 0.000000 -11.387009 0.000000
vt 10.000001 -11.929248 0.000000
vt 0.000000 -12.471486 0.000000
vt 10.000001 -13.013725 0.000000
vt 0.000000 -13.555963 0.000000
vt 10.000001 -14.098202 0.000000
vt 0.000000 -14.640440 0.000000
vt 10.000001 -15.182679 0.000000
vt 0.000000 -15.724917 0.000000
vt 10.000001 -16.267156 0.000000
vt 0.000000 -16.809395 0.000000
vt 10.000001 -17.351633 0.000000
vt 0.000000 -17.893872 0.000000
vt 10.000001 -18.436110 0.000000
vt 10.000001 17.351633 0.000000
vt 0.000000 17.893872 0.000000
vt 0.000000 16.809395 0.000000
vt 10.000001 16.267156 0.000000
vt 0.000000 15.724917 0.000000
vt 10.000001 15.182679 0.000000
vt 0.000000 14.640440 0.000000
vt 10.000001 14.098202 0.000000
vt 0.000000 13.555963 0.000000
vt 10.000001 13.013725 0.000000
vt 0.000000 12.471486 0.000000
vt 10.000001 11.929248 0.000000
vt 0.000000 11.387009 0.000000
vt 10.000001 10.844771 0.000000
vt 0.000000 10.302532 0.000000
vt 10.000001 9.760294 0.000000
vt 0.000000 9.218055 0.000000
vt 10.000001 8.675817 0.000000
vt 0.000000 8.133578 0.000000
vt 10.000001 7.591339 0.000000
vt 0.000000 7.049101 0.000000
vt 10.000001 6.506862 0.000000
vt 0.000000 5.964624 0.000000
vt 10.000001 5.422385 0.000000
vt 0.000000 4.880147 0.000000
vt 10.000001 4.337908 0.000000
vt 0.000000 3.795670 0.000000
vt 10.000001 3.253431 0.000000
vt 0.000000 2.711193 0.000000
vt 10.000001 2.168954 0.000000
vt 0.000000 1.626716 0.000000
vt -10.000001 -1.084477 0.000000
vt -10.000001 0.000000 0.000000
vt -10.000001 1.084477 0.000000
vt -10.000001 2.168954 0.000000
vt -10.000001 3.253431 0.000000
vt -10.000001 4.337908 0.000000
vt -10.000001 5.422385 0.000000
vt -10.000001 6.506862 0.000000
vt -10.000001 7.591339 0.000000
vt -10.000001 8.675817 0.000000
vt -10.000001 9.760294 0.000000
vt -10.000001 10.844771 0.000000
vt -10.000001 11.929248 0.000000
vt -10.000001 13.013725 0.000000
vt -10.000001 14.098202 0.000000
vt -10.000001 15.182679 0.000000
vt -10.000001 16.267156 0.000000
vt -10.000001 17.351633 0.000000
vt -10.000001 18.436110 0.000000
vt -10.000001 -17.351633 0.000000
vt -10.000001 -16.267156 0.000000
vt -10.000001 -15.182679 0.000000
vt -10.000001 -14.098202 0.000000
vt -10.000001 -13.013725 0.000000
vt -10.000001 -11.929248 0.000000
vt -10.000001 -10.844771 0.000000
vt -10.000001 -9.760294 0.000000
vt -10.000001 -8.675817 0.000000
vt -10.000001 -7.591339 0.000000
vt -10.000001 -6.506862 0.000000
vt -10.000001 -5.422385 0.000000
vt -10.000001 -4.337908 0.000000
vt -10.000001 -3.253431 0.000000
vt -10.000001 -2.168954 0.000000
vt 0.100000 1.083677 0.000000
vt -0.100000 0.838156 0.000000
vt 0.100000 0.000000 0.000000
vt -0.100000 0.000000 0.000000
vt -0.100000 -0.558771 0.000000
vt -0.100000 1.676312 0.000000
vt 0.100000 2.167353 0.000000
vt -0.100000 2.514469 0.000000
vt 0.100000 3.251030 0.000000
vt -0.100000 3.352625 0.000000
vt -0.100000 4.190781 0.000000
vt 0.100000 4.334707 0.000000
vt -0.100000 5.028937 0.000000
vt 0.100000 5.418383 0.000000
vt -0.100000 5.867093 0.000000
vt 0.100000 6.502060 0.000000
vt -0.100000 6.705249 0.000000
vt 0.100000 7.585737 0.000000
vt -0.100000 7.543406 0.000000
vt -0.100000 8.381562 0.000000
vt 0.100000 8.669413 0.000000
vt -0.100000 9.219718 0.000000
vt 0.100000 9.753090 0.000000
vt -0.100000 10.057874 0.000000
vt 0.100000 10.836767 0.000000
vt -0.100000 10.896030 0.000000
vt -0.100000 11.734186 0.000000
vt 0.100000 11.920443 0.000000
vt -0.100000 12.572343 0.000000
vt 0.100000 13.004120 0.000000
vt -0.100000 13.410499 0.000000
vt 0.100000 14.087797 0.000000
vt -0.100000 14.248655 0.000000
vt 0.100000 15.171473 0.000000
vt -0.100000 15.086811 0.000000
vt -0.100000 15.924967 0.000000
vt 0.100000 16.255150 0.000000
vt -0.100000 16.763124 0.000000
vt 0.100000 17.338827 0.000000
vt -0.100000 17.601280 0.000000
vt 0.100000 18.422503 0.000000
vt -0.100000 18.439436 0.000000
vt -0.100000 -17.321894 0.000000
vt 0.100000 -17.338827 0.000000
vt -0.100000 -16.483738 0.000000
vt 0.100000 -16.255150 0.000000
vt -0.100000 -15.645582 0.000000
vt 0.100000 -15.171473 0.000000
vt -0.100000 -14.807426 0.000000
vt 0.100000 -14.087797 0.000000
vt -0.100000 -13.969270 0.000000
vt -0.100000 -13.131113 0.000000
vt 0.100000 -13.004120 0.000000
vt -0.100000 -12.292957 0.000000
vt 0.100000 -11.920443 0.000000
vt -0.100000 -11.454801 0.000000
vt 0.100000 -10.836767 0.000000
vt -0.100000 -10.616645 0.000000
vt 0.100000 -9.753090 0.000000
vt -0.100000 -9.778489 0.000000
vt -0.100000 -8.940333 0.000000
vt 0.100000 -8.669413 0.000000
vt -0.100000 -8.381562 0.000000
vt 0.100000 -7.585737 0.000000
vt -0.100000 -7.822791 0.000000
vt -0.100000 -7.264020 0.000000
vt 0.100000 -6.502060 0.000000
vt -0.100000 -6.705249 0.000000
vt -0.100000 -6.146479 0.000000
vt 0.100000 -5.418383 0.000000
vt -0.100000 -5.587708 0.000000
vt -0.100000 -5.028937 0.000000
vt 0.100000 -4.334707 0.000000
vt -0.100000 -4.470166 0.000000
vt -0.100000 -3.911395 0.000000
vt 0.100000 -3.251030 0.000000
vt -0.100000 -3.352625 0.000000
vt -0.100000 -2.793854 0.000000
vt 0.100000 -2.167353 0.000000
vt -0.100000 -2.235083 0.000000
vt -0.100000 -1.676312 0.000000
vt 0.100000 -1.083677 0.000000
vt -0.100000 -1.117542 0.000000
vt -5.638306 -6.886097 0.000000
vt -5.629990 -6.884863 0.000000
vt -5.700000 -6.049733 0.000000
vt -5.691592 -6.049733 0.000000
vt -5.664186 -5.491859 0.000000
vt -5.446514 -7.701915 0.000000
vt -5.454560 -7.704356 0.000000
vt -5.145139 -8.483202 0.000000
vt -5.152739 -8.486797 0.000000
vt -4.732386 -9.211812 0.000000
vt -4.739377 -9.216483 0.000000
vt -4.217192 -9.871973 0.000000
vt -4.223421 -9.877619 0.000000
vt -3.610708 -10.449394 0.000000
vt -3.616042 -10.455893 0.000000
vt -2.926063 -10.931575 0.000000
vt -2.930386 -10.938786 0.000000
vt -2.178078 -11.308079 0.000000
vt -2.181296 -11.315846 0.000000
vt -1.382944 -11.570756 0.000000
vt -1.384987 -11.578911 0.000000
vt -0.557874 -11.713919 0.000000
vt -0.558698 -11.722286 0.000000
vt 0.279273 -11.734470 0.000000
vt 0.279686 -11.742867 0.000000
vt 1.112015 -11.640209 0.000000
vt 1.110375 -11.631963 0.000000
vt 1.920272 -11.416534 0.000000
vt 1.917440 -11.408618 0.000000
vt 2.686961 -11.076684 0.000000
vt 2.682998 -11.069269 0.000000
vt 3.395486 -10.628016 0.000000
vt 3.390478 -10.621263 0.000000
vt 4.030509 -10.080242 0.000000
vt 4.024564 -10.074297 0.000000
vt 4.578283 -9.445219 0.000000
vt 4.571530 -9.440211 0.000000
vt 5.026951 -8.736694 0.000000
vt 5.019536 -8.732731 0.000000
vt 5.366801 -7.970005 0.000000
vt 5.358885 -7.967173 0.000000
vt 5.590476 -7.161748 0.000000
vt 5.582230 -7.160108 0.000000
vt 5.693134 -6.329419 0.000000
vt 5.684737 -6.329006 0.000000
vt 5.664186 -5.491859 0.000000
vt 5.672553 -5.491035 0.000000
vt 5.521023 -4.666789 0.000000
vt 5.529178 -4.664746 0.000000
vt 5.258346 -3.871655 0.000000
vt 5.266113 -3.868438 0.000000
vt 4.881842 -3.123670 0.000000
vt 4.889053 -3.119347 0.000000
vt 4.399660 -2.439025 0.000000
vt 4.406160 -2.433691 0.000000
vt 3.822240 -1.832541 0.000000
vt 3.827886 -1.826312 0.000000
vt 3.162079 -1.317347 0.000000
vt 3.166750 -1.310356 0.000000
vt 2.433469 -0.904594 0.000000
vt 2.437064 -0.896994 0.000000
vt 1.652182 -0.603219 0.000000
vt 1.654623 -0.595173 0.000000
vt 0.835130 -0.419743 0.000000
vt 0.836364 -0.411427 0.000000
vt 0.000000 -0.358141 0.000000
vt 0.000000 -0.349733 0.000000
vt -0.558698 -0.377180 0.000000
vt -0.557874 -0.385547 0.000000
vt -1.112015 -0.459257 0.000000
vt -1.110375 -0.467503 0.000000
vt -1.654623 -0.595173 0.000000
vt -1.652182 -0.603219 0.000000
vt -2.181296 -0.783620 0.000000
vt -2.178078 -0.791387 0.000000
vt -2.686961 -1.022782 0.000000
vt -2.682998 -1.030197 0.000000
vt -3.166750 -1.310356 0.000000
vt -3.162079 -1.317347 0.000000
vt -3.616042 -1.643573 0.000000
vt -3.610708 -1.650073 0.000000
vt -4.030509 -2.019224 0.000000
vt -4.024564 -2.025169 0.000000
vt -4.406160 -2.433691 0.000000
vt -4.399660 -2.439025 0.000000
vt -4.739377 -2.882983 0.000000
vt -4.732386 -2.887654 0.000000
vt -5.026951 -3.362772 0.000000
vt -5.019536 -3.366735 0.000000
vt -5.266113 -3.868438 0.000000
vt -5.258346 -3.871655 0.000000
vt -5.454560 -4.395110 0.000000
vt -5.446514 -4.397551 0.000000
vt -5.590476 -4.937718 0.000000
vt -5.582230 -4.939358 0.000000
vt -5.672553 -5.491035 0.000000
vn -0.989177 -0.146730 0.000000
vn -1.000000 -0.000000 0.000000
vn -1.000000 -0.000000 0.000000
vn -0.995185 0.098017 -0.000000
vn -0.981929 0.189251 -0.000000
vn -0.980785 0.195090 -0.000000
vn -0.956940 0.290285 -0.000000
vn -0.928368 0.371662 -0.000000
vn -0.923880 0.382683 -0.000000
vn -0.881921 0.471397 -0.000000
vn -0.841254 0.540641 -0.000000
vn -0.831470 0.555570 -0.000000
vn -0.773010 0.634393 -0.000000
vn -0.723734 0.690079 -0.000000
vn -0.707107 0.707107 -0.000000
vn -0.634393 0.773010 -0.000000
vn -0.580057 0.814576 -0.000000
vn -0.555570 0.831470 -0.000000
vn -0.471397 0.881921 -0.000000
vn -0.415415 0.909632 -0.000000
vn -0.382683 0.923880 -0.000000
vn -0.290285 0.956940 -0.000000
vn -0.235759 0.971812 -0.000000
vn -0.195090 0.980785 -0.000000
vn -0.098017 0.995185 -0.000000
vn -0.047582 0.998867 -0.000000
vn 0.000000 1.000000 -0.000000
vn 0.142315 0.989821 -0.000000
vn 0.146730 0.989177 -0.000000
vn 0.290285 0.956940 -0.000000
vn 0.327068 0.945001 -0.000000
vn 0.427555 0.903989 -0.000000
vn 0.500000 0.866025 -0.000000
vn 0.555570 0.831470 -0.000000
vn 0.654861 0.755750 -0.000000
vn 0.671559 0.740951 -0.000000
vn 0.786053 0.618159 -0.000000
vn 0.773010 0.634393 -0.000000
vn 0.857729 0.514103 -0.000000
vn 0.888835 0.458227 -0.000000
vn 0.923880 0.382683 -0.000000
vn 0.959493 0.281733 -0.000000
vn 0.970031 0.242980 -0.000000
vn 0.995472 0.095056 -0.000000
vn 0.995185 0.098017 -0.000000
vn 0.998795 -0.049068 -0.000000
vn 0.995472 -0.095056 -0.000000
vn 0.980785 -0.195090 -0.000000
vn 0.959493 -0.281733 -0.000000
vn 0.941544 -0.336890 -0.000000
vn 0.888835 -0.458227 -0.000000
vn 0.881921 -0.471397 -0.000000
vn 0.803208 -0.595699 -0.000000
vn 0.786053 -0.618159 -0.000000
vn 0.707107 -0.707107 -0.000000
vn 0.654861 -0.755750 -0.000000
vn 0.595699 -0.803208 -0.000000
vn 0.500000 -0.866025 -0.000000
vn 0.471397 -0.881921 -0.000000
vn 0.327068 -0.945001 -0.000000
vn 0.336890 -0.941544 -0.000000
vn 0.195090 -0.980785 -0.000000
vn 0.142315 -0.989821 -0.000000
vn 0.049068 -0.998795 -0.000000
vn -0.047582 -0.998867 0.000000
vn -0.098017 -0.995185 0.000000
vn -0.235759 -0.971812 0.000000
vn -0.242980 -0.970031 0.000000
vn -0.382683 -0.923880 0.000000
vn -0.415415 -0.909632 0.000000
vn -0.514103 -0.857729 0.000000
vn -0.580057 -0.814576 0.000000
vn -0.634393 -0.773010 0.000000
vn -0.723734 -0.690079 0.000000
vn -0.740951 -0.671559 0.000000
vn -0.841254 -0.540641 0.000000
vn -0.831470 -0.555570 0.000000
vn -0.903989 -0.427555 0.000000
vn -0.928368 -0.371662 0.000000
vn -0.956940 -0.290285 0.000000
vn -0.981929 -0.189251 0.000000
vn -0.189251 0.981929 -0.000000
vn 0.000000 1.000000 -0.000000
vn 0.189251 0.981929 -0.000000
vn 0.371662 0.928368 -0.000000
vn 0.540641 0.841254 -0.000000
vn 0.690079 0.723734 -0.000000
vn 0.814576 0.580057 -0.000000
vn 0.909632 0.415415 -0.000000
vn 0.971812 0.235759 -0.000000
vn 0.998867 0.047582 -0.000000
vn 0.989821 -0.142315 -0.000000
vn 0.945001 -0.327068 -0.000000
vn 0.866025 -0.500000 -0.000000
vn 0.755750 -0.654861 -0.000000
vn 0.618159 -0.786053 -0.000000
vn 0.458227 -0.888835 -0.000000
vn 0.281733 -0.959493 -0.000000
vn 0.095056 -0.995472 -0.000000
vn -0.095056 -0.995472 0.000000
vn -0.281733 -0.959493 0.000000
vn -0.458227 -0.888835 0.000000
vn -0.618159 -0.786053 0.000000
vn -0.755750 -0.654861 0.000000
vn -0.866025 -0.500000 0.000000
vn -0.945001 -0.327068 0.000000
vn -0.989821 -0.142315 0.000000
vn -0.998867 0.047582 -0.000000
vn -0.971812 0.235759 -0.000000
vn -0.909632 0.415415 -0.000000
vn -0.814576 0.580057 -0.000000
vn -0.690079 0.723734 -0.000000
vn -0.540641 0.841254 -0.000000
vn -0.371662 0.928368 -0.000000
vn -0.189251 -0.981929 -0.000420
vn -0.095056 -0.995472 -0.000420
vn 0.000000 -1.000000 -0.000420
vn 0.095056 -0.995472 -0.000420
vn 0.189251 -0.981929 -0.000420
vn 0.281733 -0.959493 -0.000420
vn 0.371662 -0.928368 -0.000420
vn 0.458226 -0.888835 -0.000420
vn 0.540641 -0.841253 -0.000420
vn 0.618159 -0.786053 -0.000420
vn 0.690079 -0.723734 -0.000420
vn 0.755750 -0.654861 -0.000420
vn 0.814576 -0.580057 -0.000420
vn 0.866025 -0.500000 -0.000420
vn 0.909632 -0.415415 -0.000420
vn 0.945001 -0.327068 -0.000420
vn 0.971811 -0.235759 -0.000420
vn 0.989821 -0.142315 -0.000420
vn 0.998867 -0.047582 -0.000420
vn 0.998867 0.047582 -0.000420
vn 0.989821 0.142315 -0.000420
vn 0.971811 0.235759 -0.000420
vn 0.945001 0.327068 -0.000420
vn 0.909632 0.415415 -0.000420
vn 0.866025 0.500000 -0.000420
vn 0.814576 0.580057 -0.000420
vn 0.755750 0.654861 -0.000420
vn 0.690079 0.723734 -0.000420
vn 0.618159 0.786053 -0.000420
vn 0.540641 0.841253 -0.000420
vn 0.458226 0.888835 -0.000420
vn 0.371662 0.928368 -0.000420
vn 0.281733 0.959493 -0.000420
vn 0.189251 0.981929 -0.000420
vn 0.095056 0.995472 -0.000420
vn 0.000000 1.000000 -0.000420
vn -0.095056 0.995472 -0.000420
vn -0.189251 0.981929 -0.000420
vn -0.281733 0.959493 -0.000420
vn -0.371662 0.928368 -0.000420
vn -0.458226 0.888835 -0.000420
vn -0.540641 0.841253 -0.000420
vn -0.618159 0.786053 -0.000420
vn -0.690079 0.723734 -0.000420
vn -0.755750 0.654861 -0.000420
vn -0.814576 0.580057 -0.000420
vn -0.866025 0.500000 -0.000420
vn -0.909632 0.415415 -0.000420
vn -0.945001 0.327068 -0.000420
vn -0.971811 0.235759 -0.000420
vn -0.989821 0.142315 -0.000420
vn -0.998867 0.047582 -0.000420
vn -0.998867 -0.047582 -0.000420
vn -0.989821 -0.142315 -0.000420
vn -0.971811 -0.235759 -0.000420
vn -0.945001 -0.327068 -0.000420
vn -0.909632 -0.415415 -0.000420
vn -0.866025 -0.500000 -0.000420
vn -0.814576 -0.580057 -0.000420
vn -0.755750 -0.654861 -0.000420
vn -0.690079 -0.723734 -0.000420
vn -0.618159 -0.786053 -0.000420
vn -0.540641 -0.841253 -0.000420
vn -0.458226 -0.888835 -0.000420
vn -0.371662 -0.928368 -0.000420
vn -0.281733 -0.959493 -0.000420
vn 0.189251 -0.981929 -0.000420
vn 0.000000 -1.000000 -0.000420
vn -0.189251 -0.981929 -0.000420
vn -0.371662 -0.928368 -0.000420
vn -0.540641 -0.841253 -0.000420
vn -0.690079 -0.723734 -0.000420
vn -0.814576 -0.580057 -0.000420
vn -0.909632 -0.415415 -0.000420
vn -0.971811 -0.235759 -0.000420
vn -0.998867 -0.047582 -0.000420
vn -0.989821 0.142315 -0.000420
vn -0.945001 0.327068 -0.000420
vn -0.866025 0.500000 -0.000420
vn -0.755750 0.654861 -0.000420
vn -0.618159 0.786053 -0.000420
vn -0.458226 0.888835 -0.000420
vn -0.281733 0.959493 -0.000420
vn -0.095056 0.995472 -0.000420
vn 0.095056 0.995472 -0.000420
vn 0.281733 0.959493 -0.000420
vn 0.458226 0.888835 -0.000420
vn 0.618159 0.786053 -0.000420
vn 0.755750 0.654861 -0.000420
vn 0.866025 0.500000 -0.000420
vn 0.945001 0.327068 -0.000420
vn 0.989821 0.142315 -0.000420
vn 0.998867 -0.047582 -0.000420
vn 0.971811 -0.235759 -0.000420
vn 0.909632 -0.415415 -0.000420
vn 0.814576 -0.580057 -0.000420
vn 0.690079 -0.723734 -0.000420
vn 0.540641 -0.841253 -0.000420
vn 0.371662 -0.928368 -0.000420
vn -0.189251 -0.981929 0.000000
vn -0.146730 -0.989177 0.000000
vn 0.000000 -1.000000 0.000000
vn 0.000000 -1.000000 0.000000
vn 0.098017 -0.995185 0.000000
vn -0.290285 -0.956940 0.000000
vn -0.371662 -0.928368 0.000000
vn -0.427555 -0.903989 0.000000
vn -0.540641 -0.841254 0.000000
vn -0.555570 -0.831470 0.000000
vn -0.671559 -0.740951 0.000000
vn -0.690079 -0.723734 0.000000
vn -0.773010 -0.634393 0.000000
vn -0.814576 -0.580057 0.000000
vn -0.857729 -0.514103 0.000000
vn -0.909632 -0.415415 0.000000
vn -0.923880 -0.382683 0.000000
vn -0.971812 -0.235759 0.000000
vn -0.970031 -0.242980 0.000000
vn -0.995185 -0.098017 0.000000
vn -0.998867 -0.047582 0.000000
vn -0.998795 0.049068 0.000000
vn -0.989821 0.142315 0.000000
vn -0.980785 0.195090 0.000000
vn -0.945001 0.327068 0.000000
vn -0.941544 0.336890 0.000000
vn -0.881921 0.471397 0.000000
vn -0.866025 0.500000 0.000000
vn -0.803208 0.595699 0.000000
vn -0.755750 0.654861 0.000000
vn -0.707107 0.707107 0.000000
vn -0.618159 0.786053 0.000000
vn -0.595699 0.803208 0.000000
vn -0.458227 0.888835 0.000000
vn -0.471397 0.881921 0.000000
vn -0.336890 0.941544 0.000000
vn -0.281733 0.959493 0.000000
vn -0.195090 0.980785 0.000000
vn -0.095056 0.995472 0.000000
vn -0.049068 0.998795 0.000000
vn 0.095056 0.995472 0.000000
vn 0.098017 0.995185 0.000000
vn 0.242980 0.970031 0.000000
vn 0.281733 0.959493 0.000000
vn 0.382683 0.923880 0.000000
vn 0.458227 0.888835 0.000000
vn 0.514103 0.857729 0.000000
vn 0.618159 0.786053 0.000000
vn 0.634393 0.773010 0.000000
vn 0.740951 0.671559 0.000000
vn 0.755750 0.654861 0.000000
vn 0.831470 0.555570 0.000000
vn 0.866025 0.500000 0.000000
vn 0.903989 0.427555 0.000000
vn 0.945001 0.327068 0.000000
vn 0.956940 0.290285 0.000000
vn 0.989821 0.142315 0.000000
vn 0.989177 0.146730 0.000000
vn 1.000000 0.000000 0.000000
vn 0.998867 -0.047582 0.000000
vn 0.995185 -0.098017 0.000000
vn 0.971812 -0.235759 0.000000
vn 0.980785 -0.195090 0.000000
vn 0.956940 -0.290285 0.000000
vn 0.909632 -0.415415 0.000000
vn 0.923880 -0.382683 0.000000
vn 0.881921 -0.471397 0.000000
vn 0.814576 -0.580057 0.000000
vn 0.831470 -0.555570 0.000000
vn 0.773010 -0.634393 0.000000
vn 0.690079 -0.723734 0.000000
vn 0.707107 -0.707107 0.000000
vn 0.634393 -0.773010 0.000000
vn 0.540641 -0.841254 0.000000
vn 0.555570 -0.831470 0.000000
vn 0.471397 -0.881921 0.000000
vn 0.371662 -0.928368 0.000000
vn 0.382683 -0.923880 0.000000
vn 0.290285 -0.956940 0.000000
vn 0.189251 -0.981929 0.000000
vn 0.195090 -0.980785 0.000000
vn 0.000000 0.000000 1.000000
vn 0.000000 0.000000 1.000000
vn 0.000000 0.000000 1.000000
vn 0.000000 0.000000 1.000000
vn 0.000000 0.000000 1.000000
vn 0.000000 0.000000 1.000000
vn 0.000000 0.000000 1.000000
vn 0.000000 0.000000 1.000000
vn 0.000000 0.000000 1.000000
vn 0.000000 0.000000 1.000000
vn 0.000000 0.000000 1.000000
vn 0.000000 0.000000 1.000000
vn 0.000000 0.000000 1.000000
vn 0.000000 0.000000 1.000000
vn 0.000000 0.000000 1.000000
vn 0.000000 0.000000 1.000000
vn 0.000000 0.000000 1.000000
vn 0.000000 0.000000 1.000000
vn 0.000000 0.000000 1.000000
vn 0.000000 0.000000 1.000000
vn 0.000000 0.000000 1.000000
vn 0.000000 0.000000 1.000000
vn 0.000000 0.000000 1.000000
vn 0.000000 0.000000 1.000000
vn 0.000000 0.000000 1.000000
vn 0.000000 0.000000 1.000000
vn 0.000000 0.000000 1.000000
vn 0.000000 0.000000 1.000000
vn 0.000000 0.000000 1.000000
vn 0.000000 0.000000 1.000000
vn 0.000000 0.000000 1.000000
vn 0.000000 0.000000 1.000000
vn 0.000000 0.000000 1.000000
vn 0.000000 0.000000 1.000000
vn 0.000000 0.000000 1.000000
vn 0.000000 0.000000 1.000000
vn 0.000000 0.000000 1.000000
vn 0.000000 0.000000 1.000000
vn 0.000000 0.000000 1.000000
vn 0.000000 0.000000 1.000000
vn 0.000000 0.000000 1.000000
vn 0.000000 0.000000 1.000000
vn 0.000000 0.000000 1.000000
vn 0.000000 0.000000 1.000000
vn 0.000000 0.000000 1.000000
vn 0.000000 0.000000 1.000000
vn 0.000000 0.000000 1.000000
vn 0.000000 0.000000 1.000000
vn 0.000000 0.000000 1.000000
vn 0.000000 0.000000 1.000000
vn 0.000000 0.000000 1.000000
vn 0.000000 0.000000 1.000000
vn 0.000000 0.000000 1.000000
vn 0.000000 0.000000 1.000000
vn 0.000000 0.000000 1.000000
vn 0.000000 0.000000 1.000000
vn 0.000000 0.000000 1.000000
vn 0.000000 0.000000 1.000000
vn 0.000000 0.000000 1.000000
vn 0.000000 0.000000 1.000000
vn 0.000000 0.000000 1.000000
vn 0.000000 0.000000 1.000000
vn 0.000000 0.000000 1.000000
vn 0.000000 0.000000 1.000000
vn 0.000000 0.000000 1.000000
vn 0.000000 0.000000 1.000000
vn 0.000000 0.000000 1.000000
vn 0.000000 0.000000 1.000000
vn 0.000000 0.000000 1.000000
vn 0.000000 0.000000 1.000000
vn 0.000000 0.000000 1.000000
vn 0.000000 0.000000 1.000000
vn 0.000000 0.000000 1.000000
vn 0.000000 0.000000 1.000000
vn 0.000000 0.000000 1.000000
vn 0.000000 0.000000 1.000000
vn 0.000000 0.000000 1.000000
vn 0.000000 0.000000 1.000000
vn 0.000000 0.000000 1.000000
vn 0.000000 0.000000 1.000000
vn 0.000000 0.000000 1.000000
vn 0.000000 0.000000 1.000000
vn 0.000000 0.000000 1.000000
vn 0.000000 0.000000 1.000000
vn 0.000000 0.000000 1.000000
vn 0.000000 0.000000 1.000000
vn 0.000000 0.000000 1.000000
vn 0.000000 0.000000 1.000000
vn 0.000000 0.000000 1.000000
vn 0.000000 0.000000 1.000000
vn 0.000000 0.000000 1.000000
vn 0.000000 0.000000 1.000000
vn 0.000000 0.000000 1.000000
vn 0.000000 0.000000 1.000000
vn 0.000000 0.000000 1.000000
vn 0.000000 0.000000 1.000000
usemtl Çelik_-_Saten
f 48/1/1 1/2/2 82/3/3
f 82/4/3 1/5/2 2/6/4
f 82/4/3 2/6/4 83/7/5
f 83/7/5 2/6/4 3/8/6
f 83/7/5 3/8/6 4/9/7
f 83/7/5 4/9/7 84/10/8
f 84/10/8 4/9/7 5/11/9
f 84/10/8 5/11/9 6/12/10
f 84/10/8 6/12/10 85/13/11
f 85/13/11 6/12/10 7/14/12
f 85/13/11 7/14/12 8/15/13
f 85/13/11 8/15/13 86/16/14
f 86/16/14 8/15/13 9/17/15
f 86/16/14 9/17/15 10/18/16
f 86/16/14 10/18/16 87/19/17
f 87/19/17 10/18/16 11/20/18
f 87/19/17 11/20/18 12/21/19
f 87/19/17 12/21/19 88/22/20
f 88/22/20 12/21/19 13/23/21
f 88/22/20 13/23/21 14/24/22
f 88/22/20 14/24/22 89/25/23
f 89/25/23 14/24/22 15/26/24
f 89/25/23 15/26/24 16/27/25
f 89/25/23 16/27/25 90/28/26
f 90/28/26 16/27/25 17/29/27
f 90/28/26 17/29/27 91/30/28
f 91/30/28 17/29/27 18/31/29
f 91/30/28 18/31/29 19/32/30
f 91/30/28 19/32/30 92/33/31
f 92/33/31 19/32/30 20/34/32
f 92/33/31 20/34/32 93/35/33
f 93/35/33 20/34/32 21/36/34
f 93/35/33 21/36/34 94/37/35
f 94/37/35 21/36/34 22/38/36
f 94/37/35 22/38/36 95/39/37
f 95/39/37 22/38/36 23/40/38
f 95/39/37 23/40/38 24/41/39
f 95/39/37 24/41/39 96/42/40
f 96/42/40 24/41/39 25/43/41
f 96/42/40 25/43/41 97/44/42
f 97/44/42 25/43/41 26/45/43
f 97/44/42 26/45/43 98/46/44
f 98/46/44 26/45/43 27/47/45
f 98/46/44 27/47/45 28/48/46
f 98/46/44 28/48/46 99/49/47
f 99/49/47 28/48/46 29/50/48
f 99/49/47 29/50/48 100/51/49
f 100/51/49 29/50/48 30/52/50
f 100/51/49 30/52/50 101/53/51
f 101/53/51 30/52/50 31/54/52
f 101/53/51 31/54/52 32/55/53
f 101/53/51 32/55/53 102/56/54
f 102/56/54 32/55/53 33/57/55
f 102/56/54 33/57/55 103/58/56
f 103/58/56 33/57/55 34/59/57
f 103/58/56 34/59/57 104/60/58
f 104/60/58 34/59/57 35/61/59
f 104/60/58 35/61/59 105/62/60
f 105/62/60 35/61/59 36/63/61
f 105/62/60 36/63/61 37/64/62
f 105/62/60 37/64/62 106/65/63
f 106/65/63 37/64/62 38/66/64
f 106/65/63 38/66/64 107/67/65
f 107/67/65 38/66/64 39/68/66
f 107/67/65 39/68/66 108/69/67
f 108/69/67 39/68/66 40/70/68
f 108/69/67 40/70/68 41/71/69
f 108/69/67 41/71/69 109/72/70
f 109/72/70 41/71/69 42/73/71
f 109/72/70 42/73/71 110/74/72
f 110/74/72 42/73/71 43/75/73
f 110/74/72 43/75/73 111/76/74
f 111/76/74 43/75/73 44/77/75
f 111/76/74 44/77/75 112/78/76
f 112/78/76 44/77/75 45/79/77
f 112/78/76 45/79/77 46/80/78
f 112/78/76 46/80/78 113/81/79
f 113/81/79 46/80/78 47/82/80
f 113/81/79 47/82/80 114/83/81
f 114/83/81 47/82/80 48/1/1
f 114/83/81 48/1/1 82/3/3
f 50/84/82 90/28/26 49/85/83
f 49/85/83 90/28/26 91/30/28
f 49/85/83 91/30/28 81/86/84
f 81/86/84 91/30/28 92/33/31
f 81/86/84 92/33/31 80/87/85
f 80/87/85 92/33/31 93/35/33
f 80/87/85 93/35/33 79/88/86
f 79/88/86 93/35/33 94/37/35
f 79/88/86 94/37/35 78/89/87
f 78/89/87 94/37/35 95/39/37
f 78/89/87 95/39/37 77/90/88
f 77/90/88 95/39/37 96/42/40
f 77/90/88 96/42/40 76/91/89
f 76/91/89 96/42/40 97/44/42
f 76/91/89 97/44/42 75/92/90
f 75/92/90 97/44/42 98/46/44
f 75/92/90 98/46/44 74/93/91
f 74/93/91 98/46/44 99/49/47
f 74/93/91 99/49/47 73/94/92
f 73/94/92 99/49/47 100/51/49
f 73/94/92 100/51/49 72/95/93
f 72/95/93 100/51/49 101/53/51
f 72/95/93 101/53/51 71/96/94
f 71/96/94 101/53/51 102/56/54
f 71/96/94 102/56/54 70/97/95
f 70/97/95 102/56/54 103/58/56
f 70/97/95 103/58/56 69/98/96
f 69/98/96 103/58/56 104/60/58
f 69/98/96 104/60/58 68/99/97
f 68/99/97 104/60/58 105/62/60
f 68/99/97 105/62/60 67/100/98
f 67/100/98 105/62/60 106/65/63
f 67/100/98 106/65/63 66/101/99
f 66/101/99 106/65/63 107/67/65
f 66/101/99 107/67/65 65/102/100
f 65/102/100 107/67/65 108/69/67
f 65/102/100 108/69/67 64/103/101
f 64/103/101 108/69/67 109/72/70
f 64/103/101 109/72/70 63/104/102
f 63/104/102 109/72/70 110/74/72
f 63/104/102 110/74/72 62/105/103
f 62/105/103 110/74/72 111/76/74
f 62/105/103 111/76/74 61/106/104
f 61/106/104 111/76/74 112/78/76
f 61/106/104 112/78/76 60/107/105
f 60/107/105 112/78/76 113/81/79
f 60/107/105 113/81/79 59/108/106
f 59/108/106 113/81/79 114/83/81
f 59/108/106 114/83/81 58/109/107
f 58/109/107 114/83/81 82/3/3
f 58/109/107 82/3/3 57/110/108
f 57/111/108 82/4/3 83/7/5
f 57/111/108 83/7/5 56/112/109
f 56/112/109 83/7/5 84/10/8
f 56/112/109 84/10/8 55/113/110
f 55/113/110 84/10/8 85/13/11
f 55/113/110 85/13/11 54/114/111
f 54/114/111 85/13/11 86/16/14
f 54/114/111 86/16/14 53/115/112
f 53/115/112 86/16/14 87/19/17
f 53/115/112 87/19/17 52/116/113
f 52/116/113 87/19/17 88/22/20
f 52/116/113 88/22/20 51/117/114
f 51/117/114 88/22/20 89/25/23
f 51/117/114 89/25/23 50/84/82
f 50/84/82 89/25/23 90/28/26
f 81/118/115 148/119/116 49/120/117
f 49/120/117 148/119/116 149/121/118
f 49/120/117 149/121/118 50/122/119
f 50/122/119 149/121/118 180/123/120
f 50/122/119 180/123/120 51/124/121
f 51/124/121 180/123/120 179/125/122
f 51/124/121 179/125/122 52/126/123
f 52/126/123 179/125/122 178/127/124
f 52/126/123 178/127/124 53/128/125
f 53/128/125 178/127/124 177/129/126
f 53/128/125 177/129/126 54/130/127
f 54/130/127 177/129/126 176/131/128
f 54/130/127 176/131/128 55/132/129
f 55/132/129 176/131/128 175/133/130
f 55/132/129 175/133/130 56/134/131
f 56/134/131 175/133/130 174/135/132
f 56/134/131 174/135/132 57/136/133
f 57/136/133 174/135/132 173/137/134
f 57/136/133 173/137/134 58/138/135
f 58/138/135 173/137/134 172/139/136
f 58/138/135 172/139/136 59/140/137
f 59/140/137 172/139/136 171/141/138
f 59/140/137 171/141/138 60/142/139
f 60/142/139 171/141/138 170/143/140
f 60/142/139 170/143/140 61/144/141
f 61/144/141 170/143/140 169/145/142
f 61/144/141 169/145/142 62/146/143
f 62/146/143 169/145/142 168/147/144
f 62/146/143 168/147/144 63/148/145
f 63/148/145 168/147/144 167/149/146
f 63/148/145 167/149/146 64/150/147
f 64/150/147 167/149/146 166/151/148
f 64/150/147 166/151/148 65/152/149
f 65/152/149 166/151/148 165/153/150
f 65/152/149 165/153/150 66/154/151
f 66/155/151 165/156/150 164/157/152
f 66/155/151 164/157/152 67/158/153
f 67/158/153 164/157/152 163/159/154
f 67/158/153 163/159/154 68/160/155
f 68/160/155 163/159/154 162/161/156
f 68/160/155 162/161/156 69/162/157
f 69/162/157 162/161/156 161/163/158
f 69/162/157 161/163/158 70/164/159
f 70/164/159 161/163/158 160/165/160
f 70/164/159 160/165/160 71/166/161
f 71/166/161 160/165/160 159/167/162
f 71/166/161 159/167/162 72/168/163
f 72/168/163 159/167/162 158/169/164
f 72/168/163 158/169/164 73/170/165
f 73/170/165 158/169/164 157/171/166
f 73/170/165 157/171/166 74/172/167
f 74/172/167 157/171/166 156/173/168
f 74/172/167 156/173/168 75/174/169
f 75/174/169 156/173/168 155/175/170
f 75/174/169 155/175/170 76/176/171
f 76/176/171 155/175/170 154/177/172
f 76/176/171 154/177/172 77/178/173
f 77/178/173 154/177/172 153/179/174
f 77/178/173 153/179/174 78/180/175
f 78/180/175 153/179/174 152/181/176
f 78/180/175 152/181/176 79/182/177
f 79/182/177 152/181/176 151/183/178
f 79/182/177 151/183/178 80/184/179
f 80/184/179 151/183/178 150/185/180
f 80/184/179 150/185/180 81/118/115
f 81/118/115 150/185/180 148/119/116
f 116/186/181 149/121/118 115/187/182
f 115/187/182 149/121/118 148/119/116
f 115/187/182 148/119/116 147/188/183
f 147/188/183 148/119/116 150/185/180
f 147/188/183 150/185/180 146/189/184
f 146/189/184 150/185/180 151/183/178
f 146/189/184 151/183/178 145/190/185
f 145/190/185 151/183/178 152/181/176
f 145/190/185 152/181/176 144/191/186
f 144/191/186 152/181/176 153/179/174
f 144/191/186 153/179/174 143/192/187
f 143/192/187 153/179/174 154/177/172
f 143/192/187 154/177/172 142/193/188
f 142/193/188 154/177/172 155/175/170
f 142/193/188 155/175/170 141/194/189
f 141/194/189 155/175/170 156/173/168
f 141/194/189 156/173/168 140/195/190
f 140/195/190 156/173/168 157/171/166
f 140/195/190 157/171/166 139/196/191
f 139/196/191 157/171/166 158/169/164
f 139/196/191 158/169/164 138/197/192
f 138/197/192 158/169/164 159/167/162
f 138/197/192 159/167/162 137/198/193
f 137/198/193 159/167/162 160/165/160
f 137/198/193 160/165/160 136/199/194
f 136/199/194 160/165/160 161/163/158
f 136/199/194 161/163/158 135/200/195
f 135/200/195 161/163/158 162/161/156
f 135/200/195 162/161/156 134/201/196
f 134/201/196 162/161/156 163/159/154
f 134/201/196 163/159/154 133/202/197
f 133/202/197 163/159/154 164/157/152
f 133/202/197 164/157/152 132/203/198
f 132/203/198 164/157/152 165/156/150
f 132/203/198 165/156/150 131/204/199
f 131/205/199 165/153/150 166/151/148
f 131/205/199 166/151/148 130/206/200
f 130/206/200 166/151/148 167/149/146
f 130/206/200 167/149/146 129/207/201
f 129/207/201 167/149/146 168/147/144
f 129/207/201 168/147/144 128/208/202
f 128/208/202 168/147/144 169/145/142
f 128/208/202 169/145/142 127/209/203
f 127/209/203 169/145/142 170/143/140
f 127/209/203 170/143/140 126/210/204
f 126/210/204 170/143/140 171/141/138
f 126/210/204 171/141/138 125/211/205
f 125/211/205 171/141/138 172/139/136
f 125/211/205 172/139/136 124/212/206
f 124/212/206 172/139/136 173/137/134
f 124/212/206 173/137/134 123/213/207
f 123/213/207 173/137/134 174/135/132
f 123/213/207 174/135/132 122/214/208
f 122/214/208 174/135/132 175/133/130
f 122/214/208 175/133/130 121/215/209
f 121/215/209 175/133/130 176/131/128
f 121/215/209 176/131/128 120/216/210
f 120/216/210 176/131/128 177/129/126
f 120/216/210 177/129/126 119/217/211
f 119/217/211 177/129/126 178/127/124
f 119/217/211 178/127/124 118/218/212
f 118/218/212 178/127/124 179/125/122
f 118/218/212 179/125/122 117/219/213
f 117/219/213 179/125/122 180/123/120
f 117/219/213 180/123/120 116/186/181
f 116/186/181 180/123/120 149/121/118
f 147/220/214 228/221/215 115/222/216
f 115/222/216 228/221/215 181/223/217
f 115/222/216 181/223/217 182/224/218
f 228/221/215 147/220/214 227/225/219
f 227/225/219 147/220/214 146/226/220
f 227/225/219 146/226/220 226/227/221
f 226/227/221 146/226/220 145/228/222
f 226/227/221 145/228/222 225/229/223
f 225/229/223 145/228/222 224/230/224
f 224/230/224 145/228/222 144/231/225
f 224/230/224 144/231/225 223/232/226
f 223/232/226 144/231/225 143/233/227
f 223/232/226 143/233/227 222/234/228
f 222/234/228 143/233/227 142/235/229
f 222/234/228 142/235/229 221/236/230
f 221/236/230 142/235/229 141/237/231
f 221/236/230 141/237/231 220/238/232
f 220/238/232 141/237/231 219/239/233
f 219/239/233 141/237/231 140/240/234
f 219/239/233 140/240/234 218/241/235
f 218/241/235 140/240/234 139/242/236
f 218/241/235 139/242/236 217/243/237
f 217/243/237 139/242/236 138/244/238
f 217/243/237 138/244/238 216/245/239
f 216/245/239 138/244/238 215/246/240
f 215/246/240 138/244/238 137/247/241
f 215/246/240 137/247/241 214/248/242
f 214/248/242 137/247/241 136/249/243
f 214/248/242 136/249/243 213/250/244
f 213/250/244 136/249/243 135/251/245
f 213/250/244 135/251/245 212/252/246
f 212/252/246 135/251/245 134/253/247
f 212/252/246 134/253/247 211/254/248
f 211/254/248 134/253/247 210/255/249
f 210/255/249 134/253/247 133/256/250
f 210/255/249 133/256/250 209/257/251
f 209/257/251 133/256/250 132/258/252
f 209/257/251 132/258/252 208/259/253
f 208/259/253 132/258/252 131/260/254
f 208/259/253 131/260/254 207/261/255
f 207/262/255 131/263/254 206/264/256
f 206/264/256 131/263/254 130/265/257
f 206/264/256 130/265/257 205/266/258
f 205/266/258 130/265/257 129/267/259
f 205/266/258 129/267/259 204/268/260
f 204/268/260 129/267/259 128/269/261
f 204/268/260 128/269/261 203/270/262
f 203/270/262 128/269/261 202/271/263
f 202/271/263 128/269/261 127/272/264
f 202/271/263 127/272/264 201/273/265
f 201/273/265 127/272/264 126/274/266
f 201/273/265 126/274/266 200/275/267
f 200/275/267 126/274/266 125/276/268
f 200/275/267 125/276/268 199/277/269
f 199/277/269 125/276/268 124/278/270
f 199/277/269 124/278/270 198/279/271
f 198/279/271 124/278/270 197/280/272
f 197/280/272 124/278/270 123/281/273
f 197/280/272 123/281/273 196/282/274
f 196/282/274 123/281/273 122/283/275
f 196/282/274 122/283/275 195/284/276
f 195/284/276 122/283/275 194/285/277
f 194/285/277 122/283/275 121/286/278
f 194/285/277 121/286/278 193/287/279
f 193/287/279 121/286/278 192/288/280
f 192/288/280 121/286/278 120/289/281
f 192/288/280 120/289/281 191/290/282
f 191/290/282 120/289/281 190/291/283
f 190/291/283 120/289/281 119/292/284
f 190/291/283 119/292/284 189/293/285
f 189/293/285 119/292/284 188/294/286
f 188/294/286 119/292/284 118/295/287
f 188/294/286 118/295/287 187/296/288
f 187/296/288 118/295/287 186/297/289
f 186/297/289 118/295/287 117/298/290
f 186/297/289 117/298/290 185/299/291
f 185/299/291 117/298/290 184/300/292
f 184/300/292 117/298/290 116/301/293
f 184/300/292 116/301/293 183/302/294
f 183/302/294 116/301/293 182/224/218
f 182/224/218 116/301/293 115/222/216
f 48/303/295 198/304/296 1/305/297
f 1/305/297 198/304/296 197/306/298
f 1/305/297 197/306/298 196/307/299
f 198/304/296 48/303/295 199/308/300
f 199/308/300 48/303/295 47/309/301
f 199/308/300 47/309/301 200/310/302
f 200/310/302 47/309/301 46/311/303
f 200/310/302 46/311/303 201/312/304
f 201/312/304 46/311/303 45/313/305
f 201/312/304 45/313/305 202/314/306
f 202/314/306 45/313/305 44/315/307
f 202/314/306 44/315/307 203/316/308
f 203/316/308 44/315/307 43/317/309
f 203/316/308 43/317/309 204/318/310
f 204/318/310 43/317/309 42/319/311
f 204/318/310 42/319/311 205/320/312
f 205/320/312 42/319/311 41/321/313
f 205/320/312 41/321/313 206/322/314
f 206/322/314 41/321/313 40/323/315
f 206/322/314 40/323/315 207/324/316
f 207/324/316 40/323/315 39/325/317
f 207/324/316 39/325/317 208/326/318
f 208/326/318 39/325/317 38/327/319
f 208/326/318 38/327/319 37/328/320
f 208/326/318 37/328/320 209/329/321
f 209/329/321 37/328/320 36/330/322
f 209/329/321 36/330/322 210/331/323
f 210/331/323 36/330/322 35/332/324
f 210/331/323 35/332/324 211/333/325
f 211/333/325 35/332/324 34/334/326
f 211/333/325 34/334/326 212/335/327
f 212/335/327 34/334/326 33/336/328
f 212/335/327 33/336/328 213/337/329
f 213/337/329 33/336/328 32/338/330
f 213/337/329 32/338/330 214/339/331
f 214/339/331 32/338/330 31/340/332
f 214/339/331 31/340/332 215/341/333
f 215/341/333 31/340/332 30/342/334
f 215/341/333 30/342/334 216/343/335
f 216/343/335 30/342/334 29/344/336
f 216/343/335 29/344/336 217/345/337
f 217/345/337 29/344/336 28/346/338
f 217/345/337 28/346/338 218/347/339
f 218/347/339 28/346/338 219/348/340
f 219/348/340 28/346/338 27/349/341
f 219/348/340 27/349/341 220/350/342
f 220/350/342 27/349/341 26/351/343
f 220/350/342 26/351/343 221/352/344
f 221/352/344 26/351/343 25/353/345
f 221/352/344 25/353/345 222/354/346
f 222/354/346 25/353/345 24/355/347
f 222/354/346 24/355/347 223/356/348
f 223/356/348 24/355/347 23/357/349
f 223/356/348 23/357/349 224/358/350
f 224/358/350 23/357/349 22/359/351
f 224/358/350 22/359/351 225/360/352
f 225/360/352 22/359/351 21/361/353
f 225/360/352 21/361/353 226/362/354
f 226/362/354 21/361/353 20/363/355
f 226/362/354 20/363/355 227/364/356
f 227/364/356 20/363/355 19/365/357
f 227/364/356 19/365/357 228/366/358
f 228/366/358 19/365/357 18/367/359
f 228/366/358 18/367/359 181/368/360
f 181/368/360 18/367/359 17/369/361
f 181/368/360 17/369/361 16/370/362
f 181/368/360 16/370/362 182/371/363
f 182/371/363 16/370/362 15/372/364
f 182/371/363 15/372/364 183/373/365
f 183/373/365 15/372/364 14/374/366
f 183/373/365 14/374/366 184/375/367
f 184/375/367 14/374/366 13/376/368
f 184/375/367 13/376/368 185/377/369
f 185/377/369 13/376/368 12/378/370
f 185/377/369 12/378/370 186/379/371
f 186/379/371 12/378/370 11/380/372
f 186/379/371 11/380/372 187/381/373
f 187/381/373 11/380/372 10/382/374
f 187/381/373 10/382/374 188/383/375
f 188/383/375 10/382/374 9/384/376
f 188/383/375 9/384/376 189/385/377
f 189/385/377 9/384/376 8/386/378
f 189/385/377 8/386/378 190/387/379
f 190/387/379 8/386/378 7/388/380
f 190/387/379 7/388/380 191/389/381
f 191/389/381 7/388/380 6/390/382
f 191/389/381 6/390/382 192/391/383
f 192/391/383 6/390/382 5/392/384
f 192/391/383 5/392/384 193/393/385
f 193/393/385 5/392/384 4/394/386
f 193/393/385 4/394/386 194/395/387
f 194/395/387 4/394/386 3/396/388
f 194/395/387 3/396/388 195/397/389
f 195/397/389 3/396/388 2/398/390
f 195/397/389 2/398/390 196/307/299
f 196/307/299 2/398/390 1/305/297
g Gövde2

v 0.000000 0.300000 190.000000
v 0.077646 0.289778 190.000000
v 0.150000 0.259808 190.000000
v 0.212132 0.212132 190.000000
v 0.259808 0.150000 190.000000
v 0.289778 0.077646 190.000000
v 0.300000 0.000000 190.000000
v 0.289778 -0.077646 190.000000
v 0.259808 -0.150000 190.000000
v 0.212132 -0.212132 190.000000
v 0.150000 -0.259808 190.000000
v 0.077646 -0.289778 190.000000
v 0.000000 -0.300000 190.000000
v -0.077646 -0.289778 190.000000
v -0.150000 -0.259808 190.000000
v -0.212132 -0.212132 190.000000
v -0.259808 -0.150000 190.000000
v -0.289778 -0.077646 190.000000
v -0.300000 -0.000000 190.000000
v -0.289778 0.077646 190.000000
v -0.259808 0.150000 190.000000
v -0.212132 0.212132 190.000000
v -0.150000 0.259808 190.000000
v -0.077646 0.289778 190.000000
v 0.000000 0.300000 191.000000
v -0.077646 0.289778 191.000000
v -0.150000 0.259808 191.000000
v -0.212132 0.212132 191.000000
v -0.259808 0.150000 191.000000
v -0.289778 0.077646 191.000000
v -0.300000 -0.000000 191.000000
v -0.289778 -0.077646 191.000000
v -0.259808 -0.150000 191.000000
v -0.212132 -0.212132 191.000000
v -0.150000 -0.259808 191.000000
v -0.077646 -0.289778 191.000000
v 0.000000 -0.300000 191.000000
v 0.077646 -0.289778 191.000000
v 0.150000 -0.259808 191.000000
v 0.212132 -0.212132 191.000000
v 0.259808 -0.150000 191.000000
v 0.289778 -0.077646 191.000000
v 0.300000 0.000000 191.000000
v 0.289778 0.077646 191.000000
v 0.259808 0.150000 191.000000
v 0.212132 0.212132 191.000000
v 0.150000 0.259808 191.000000
v 0.077646 0.289778 191.000000
v 0.000000 2.102149 190.000000
v 0.544076 2.030520 190.000000
v 1.051074 1.820514 190.000000
v 1.486444 1.486444 190.000000
v 1.820514 1.051074 190.000000
v 2.030520 0.544076 190.000000
v 2.102149 0.000000 190.000000
v 2.030520 -0.544076 190.000000
v 1.820514 -1.051074 190.000000
v 1.486444 -1.486444 190.000000
v 1.051074 -1.820514 190.000000
v 0.544076 -2.030520 190.000000
v 0.000000 -2.102149 190.000000
v -0.544076 -2.030520 190.000000
v -1.051074 -1.820514 190.000000
v -1.486444 -1.486444 190.000000
v -1.820514 -1.051074 190.000000
v -2.030520 -0.544076 190.000000
v -2.102149 -0.000000 190.000000
v -2.030520 0.544076 190.000000
v -1.820514 1.051074 190.000000
v -1.486444 1.486444 190.000000
v -1.051074 1.820514 190.000000
v -0.544076 2.030520 190.000000
v 0.000000 6.049733 166.200000
v 1.257810 5.917532 166.200000
v 2.460648 5.526706 166.200000
v 3.555944 4.894337 166.200000
v 4.495828 4.048062 166.200000
v 5.239223 3.024867 166.200000
v 5.753638 1.869470 166.200000
v 6.016592 0.632369 166.200000
v 6.016592 -0.632369 166.200000
v 5.753638 -1.869470 166.200000
v 5.239223 -3.024867 166.200000
v 4.495828 -4.048062 166.200000
v 3.555944 -4.894337 166.200000
v 2.460648 -5.526706 166.200000
v 1.257810 -5.917532 166.200000
v 0.000000 -6.049733 166.200000
v -1.257810 -5.917532 166.200000
v -2.460648 -5.526706 166.200000
v -3.555944 -4.894337 166.200000
v -4.495828 -4.048062 166.200000
v -5.239223 -3.024867 166.200000
v -5.753638 -1.869470 166.200000
v -6.016592 -0.632369 166.200000
v -6.016592 0.632369 166.200000
v -5.753638 1.869470 166.200000
v -5.239223 3.024867 166.200000
v -4.495828 4.048062 166.200000
v -3.555944 4.894337 166.200000
v -2.460648 5.526706 166.200000
v -1.257810 5.917532 166.200000
v 5.930150 0.000000 170.236176
v 5.593297 0.000000 174.260048
v 5.040153 0.000000 178.259929
v 4.272323 0.000000 182.224201
v 3.292040 0.000000 186.141351
v 0.619869 5.897664 170.236176
v 0.584659 5.562656 174.260048
v 0.526839 5.012542 178.259929
v 0.446579 4.248919 182.224201
v 0.344112 3.274006 186.141351
v -0.344112 3.274006 186.141351
v -0.446579 4.248919 182.224201
v -0.526839 5.012542 178.259929
v -0.584659 5.562656 174.260048
v -0.619869 5.897664 170.236176
v 1.832517 5.639908 170.236176
v 1.728424 5.319541 174.260048
v 1.557493 4.793470 178.259929
v 1.320221 4.063221 182.224201
v 1.017296 3.130916 186.141351
v 2.965075 5.135660 170.236176
v 2.796648 4.843937 174.260048
v 2.520076 4.364900 178.259929
v 2.136162 3.699941 182.224201
v 1.646020 2.850990 186.141351
v 3.968045 4.406960 170.236176
v 3.742646 4.156630 174.260048
v 3.372520 3.745563 178.259929
v 2.858742 3.174955 182.224201
v 2.202805 2.446462 186.141351
v 4.797592 3.485655 170.236176
v 4.525072 3.287657 174.260048
v 4.077569 2.962527 178.259929
v 3.456382 2.511209 182.224201
v 2.663316 1.935012 186.141351
v 5.417461 2.412009 170.236176
v 5.109731 2.274999 174.260048
v 4.604408 2.050015 178.259929
v 3.902962 1.737710 182.224201
v 3.007428 1.338993 186.141351
v 5.800562 1.232947 170.236176
v 5.471070 1.162912 174.260048
v 4.930013 1.047907 178.259929
v 4.178963 0.888266 182.224201
v 3.220101 0.684454 186.141351
v 5.800562 -1.232947 170.236176
v 5.471070 -1.162912 174.260048
v 4.930013 -1.047907 178.259929
v 4.178963 -0.888266 182.224201
v 3.220101 -0.684454 186.141351
v 5.417461 -2.412009 170.236176
v 5.109731 -2.274999 174.260048
v 4.604408 -2.050015 178.259929
v 3.902962 -1.737710 182.224201
v 3.007428 -1.338993 186.141351
v 4.797592 -3.485655 170.236176
v 4.525072 -3.287657 174.260048
v 4.077569 -2.962527 178.259929
v 3.456382 -2.511209 182.224201
v 2.663316 -1.935012 186.141351
v 3.968045 -4.406960 170.236176
v 3.742646 -4.156630 174.260048
v 3.372520 -3.745563 178.259929
v 2.858742 -3.174955 182.224201
v 2.202805 -2.446462 186.141351
v 2.965075 -5.135660 170.236176
v 2.796648 -4.843937 174.260048
v 2.520076 -4.364900 178.259929
v 2.136162 -3.699941 182.224201
v 1.646020 -2.850990 186.141351
v 1.832517 -5.639908 170.236176
v 1.728424 -5.319541 174.260048
v 1.557493 -4.793470 178.259929
v 1.320221 -4.063221 182.224201
v 1.017296 -3.130916 186.141351
v 0.619869 -5.897664 170.236176
v 0.584659 -5.562656 174.260048
v 0.526839 -5.012542 178.259929
v 0.446579 -4.248919 182.224201
v 0.344112 -3.274006 186.141351
v -0.619869 -5.897664 170.236176
v -0.584659 -5.562656 174.260048
v -0.526839 -5.012542 178.259929
v -0.446579 -4.248919 182.224201
v -0.344112 -3.274006 186.141351
v -1.832517 -5.639908 170.236176
v -1.728424 -5.319541 174.260048
v -1.557493 -4.793470 178.259929
v -1.320221 -4.063221 182.224201
v -1.017296 -3.130916 186.141351
v -2.965075 -5.135660 170.236176
v -2.796648 -4.843937 174.260048
v -2.520076 -4.364900 178.259929
v -2.136162 -3.699941 182.224201
v -1.646020 -2.850990 186.141351
v -3.968045 -4.406960 170.236176
v -3.742646 -4.156630 174.260048
v -3.372520 -3.745563 178.259929
v -2.858742 -3.174955 182.224201
v -2.202805 -2.446462 186.141351
v -4.797592 -3.485655 170.236176
v -4.525072 -3.287657 174.260048
v -4.077569 -2.962527 178.259929
v -3.456382 -2.511209 182.224201
v -2.663316 -1.935012 186.141351
v -5.417461 -2.412009 170.236176
v -5.109731 -2.274999 174.260048
v -4.604408 -2.050015 178.259929
v -3.902962 -1.737710 182.224201
v -3.007428 -1.338993 186.141351
v -5.800562 -1.232947 170.236176
v -5.471070 -1.162912 174.260048
v -4.930013 -1.047907 178.259929
v -4.178963 -0.888266 182.224201
v -3.220101 -0.684454 186.141351
v -5.930150 -0.000000 170.236176
v -5.593297 -0.000000 174.260048
v -5.040153 -0.000000 178.259929
v -4.272323 -0.000000 182.224201
v -3.292040 -0.000000 186.141351
v -5.800562 1.232947 170.236176
v -5.471070 1.162912 174.260048
v -4.930013 1.047907 178.259929
v -4.178963 0.888266 182.224201
v -3.220101 0.684454 186.141351
v -5.417461 2.412009 170.236176
v -5.109731 2.274999 174.260048
v -4.604408 2.050015 178.259929
v -3.902962 1.737710 182.224201
v -3.007428 1.338993 186.141351
v -4.797592 3.485655 170.236176
v -4.525072 3.287657 174.260048
v -4.077569 2.962527 178.259929
v -3.456382 2.511209 182.224201
v -2.663316 1.935012 186.141351
v -3.968045 4.406960 170.236176
v -3.742646 4.156630 174.260048
v -3.372520 3.745563 178.259929
v -2.858742 3.174955 182.224201
v -2.202805 2.446462 186.141351
v -2.965075 5.135660 170.236176
v -2.796648 4.843937 174.260048
v -2.520076 4.364900 178.259929
v -2.136162 3.699941 182.224201
v -1.646020 2.850990 186.141351
v -1.832517 5.639908 170.236176
v -1.728424 5.319541 174.260048
v -1.557493 4.793470 178.259929
v -1.320221 4.063221 182.224201
v -1.017296 3.130916 186.141351
v 0.000000 6.250000 166.000000
v 1.299448 6.113423 166.000000
v 2.542104 5.709659 166.000000
v 3.673658 5.056356 166.000000
v 4.644655 4.182066 166.000000
v 5.412659 3.125000 166.000000
v 5.944103 1.931356 166.000000
v 6.215762 0.653303 166.000000
v 6.215762 -0.653303 166.000000
v 5.944103 -1.931356 166.000000
v 5.412659 -3.125000 166.000000
v 4.644655 -4.182066 166.000000
v 3.673658 -5.056356 166.000000
v 2.542104 -5.709659 166.000000
v 1.299448 -6.113423 166.000000
v 0.000000 -6.250000 166.000000
v -1.299448 -6.113423 166.000000
v -2.542104 -5.709659 166.000000
v -3.673658 -5.056356 166.000000
v -4.644655 -4.182066 166.000000
v -5.412659 -3.125000 166.000000
v -5.944103 -1.931356 166.000000
v -6.215762 -0.653303 166.000000
v -6.215762 0.653303 166.000000
v -5.944103 1.931356 166.000000
v -5.412659 3.125000 166.000000
v -4.644655 4.182066 166.000000
v -3.673658 5.056356 166.000000
v -2.542104 5.709659 166.000000
v -1.299448 6.113423 166.000000
v 0.000000 5.900000 166.000000
v -1.268326 5.762061 166.000000
v -2.477346 5.354695 166.000000
v -3.570528 4.696949 166.000000
v -4.496756 3.819579 166.000000
v -5.212721 2.763610 166.000000
v -5.684945 1.578417 166.000000
v -5.891347 0.319420 166.000000
v -5.822276 -0.954514 166.000000
v -5.480963 -2.183815 166.000000
v -4.883365 -3.311004 166.000000
v -4.057427 -4.283373 166.000000
v -3.041768 -5.055457 166.000000
v -1.883879 -5.591154 166.000000
v -0.637902 -5.865414 166.000000
v 0.637902 -5.865414 166.000000
v 1.883879 -5.591154 166.000000
v 3.041768 -5.055457 166.000000
v 4.057427 -4.283373 166.000000
v 4.883365 -3.311004 166.000000
v 5.480963 -2.183815 166.000000
v 5.822276 -0.954514 166.000000
v 5.891347 0.319420 166.000000
v 5.684945 1.578417 166.000000
v 5.212721 2.763610 166.000000
v 4.496756 3.819579 166.000000
v 3.570528 4.696949 166.000000
v 2.477346 5.354695 166.000000
v 1.268326 5.762061 166.000000
v 0.000000 0.000000 196.000000
v 6.120677 -0.000000 170.406135
v 5.733154 -0.000000 174.797101
v 5.088765 -0.000000 179.157779
v 4.189728 -0.000000 183.473157
v 3.039138 -0.000000 187.728377
v 1.640958 -0.000000 191.908789
v -0.639785 6.087147 170.406135
v -0.599278 5.701747 174.797101
v -0.531921 5.060888 179.157779
v -0.437946 4.166776 183.473157
v -0.317676 3.022489 187.728377
v -0.171527 1.631968 191.908789
v 0.171527 1.631968 191.908789
v 0.317676 3.022489 187.728377
v 0.437946 4.166776 183.473157
v 0.531921 5.060888 179.157779
v 0.599278 5.701747 174.797101
v 0.639785 6.087147 170.406135
v -1.891393 5.821110 170.406135
v -1.771642 5.452553 174.797101
v -1.572515 4.839703 179.157779
v -1.294697 3.984668 183.473157
v -0.939145 2.890392 187.728377
v -0.507084 1.560644 191.908789
v -3.060339 5.300662 170.406135
v -2.866577 4.965057 174.797101
v -2.544382 4.406999 179.157779
v -2.094864 3.628411 183.473157
v -1.519569 2.631971 187.728377
v -0.820479 1.421111 191.908789
v -4.095532 4.548550 170.406135
v -3.836229 4.260564 174.797101
v -3.405048 3.781689 179.157779
v -2.803475 3.113574 183.473157
v -2.033580 2.258520 187.728377
v -1.098015 1.219469 191.908789
v -4.951732 3.597644 170.406135
v -4.638219 3.369863 174.797101
v -4.116897 2.991101 179.157779
v -3.389561 2.462660 183.473157
v -2.458714 1.786361 187.728377
v -1.327563 0.964531 191.908789
v -5.591517 2.489504 170.406135
v -5.237497 2.331884 174.797101
v -4.648818 2.069787 179.157779
v -3.827507 1.704116 183.473157
v -2.776391 1.236129 187.728377
v -1.499089 0.667438 191.908789
v -5.986926 1.272560 170.406135
v -5.607871 1.191990 174.797101
v -4.977563 1.058014 179.157779
v -4.098172 0.871093 183.473157
v -2.972726 0.631872 187.728377
v -1.605099 0.341174 191.908789
v -6.120677 0.000000 170.406135
v -5.733154 0.000000 174.797101
v -5.088765 0.000000 179.157779
v -4.189728 0.000000 183.473157
v -3.039138 0.000000 187.728377
v -1.640958 0.000000 191.908789
v -5.986926 -1.272560 170.406135
v -5.607871 -1.191990 174.797101
v -4.977563 -1.058014 179.157779
v -4.098172 -0.871093 183.473157
v -2.972726 -0.631872 187.728377
v -1.605099 -0.341174 191.908789
v -5.591517 -2.489504 170.406135
v -5.237497 -2.331884 174.797101
v -4.648818 -2.069787 179.157779
v -3.827507 -1.704116 183.473157
v -2.776391 -1.236129 187.728377
v -1.499089 -0.667438 191.908789
v -4.951732 -3.597644 170.406135
v -4.638219 -3.369863 174.797101
v -4.116897 -2.991101 179.157779
v -3.389561 -2.462660 183.473157
v -2.458714 -1.786361 187.728377
v -1.327563 -0.964531 191.908789
v -4.095532 -4.548550 170.406135
v -3.836229 -4.260564 174.797101
v -3.405048 -3.781689 179.157779
v -2.803475 -3.113574 183.473157
v -2.033580 -2.258520 187.728377
v -1.098015 -1.219469 191.908789
v -3.060339 -5.300662 170.406135
v -2.866577 -4.965057 174.797101
v -2.544382 -4.406999 179.157779
v -2.094864 -3.628411 183.473157
v -1.519569 -2.631971 187.728377
v -0.820479 -1.421111 191.908789
v -1.891393 -5.821110 170.406135
v -1.771642 -5.452553 174.797101
v -1.572515 -4.839703 179.157779
v -1.294697 -3.984668 183.473157
v -0.939145 -2.890392 187.728377
v -0.507084 -1.560644 191.908789
v -0.639785 -6.087147 170.406135
v -0.599278 -5.701747 174.797101
v -0.531921 -5.060888 179.157779
v -0.437946 -4.166776 183.473157
v -0.317676 -3.022489 187.728377
v -0.171527 -1.631968 191.908789
v 0.639785 -6.087147 170.406135
v 0.599278 -5.701747 174.797101
v 0.531921 -5.060888 179.157779
v 0.437946 -4.166776 183.473157
v 0.317676 -3.022489 187.728377
v 0.171527 -1.631968 191.908789
v 1.891393 -5.821110 170.406135
v 1.771642 -5.452553 174.797101
v 1.572515 -4.839703 179.157779
v 1.294697 -3.984668 183.473157
v 0.939145 -2.890392 187.728377
v 0.507084 -1.560644 191.908789
v 3.060339 -5.300662 170.406135
v 2.866577 -4.965057 174.797101
v 2.544382 -4.406999 179.157779
v 2.094864 -3.628411 183.473157
v 1.519569 -2.631971 187.728377
v 0.820479 -1.421111 191.908789
v 4.095532 -4.548550 170.406135
v 3.836229 -4.260564 174.797101
v 3.405048 -3.781689 179.157779
v 2.803475 -3.113574 183.473157
v 2.033580 -2.258520 187.728377
v 1.098015 -1.219469 191.908789
v 4.951732 -3.597644 170.406135
v 4.638219 -3.369863 174.797101
v 4.116897 -2.991101 179.157779
v 3.389561 -2.462660 183.473157
v 2.458714 -1.786361 187.728377
v 1.327563 -0.964531 191.908789
v 5.591517 -2.489504 170.406135
v 5.237497 -2.331884 174.797101
v 4.648818 -2.069787 179.157779
v 3.827507 -1.704116 183.473157
v 2.776391 -1.236129 187.728377
v 1.499089 -0.667438 191.908789
v 5.986926 -1.272560 170.406135
v 5.607871 -1.191990 174.797101
v 4.977563 -1.058014 179.157779
v 4.098172 -0.871093 183.473157
v 2.972726 -0.631872 187.728377
v 1.605099 -0.341174 191.908789
v 5.986926 1.272560 170.406135
v 5.607871 1.191990 174.797101
v 4.977563 1.058014 179.157779
v 4.098172 0.871093 183.473157
v 2.972726 0.631872 187.728377
v 1.605099 0.341174 191.908789
v 5.591517 2.489504 170.406135
v 5.237497 2.331884 174.797101
v 4.648818 2.069787 179.157779
v 3.827507 1.704116 183.473157
v 2.776391 1.236129 187.728377
v 1.499089 0.667438 191.908789
v 4.951732 3.597644 170.406135
v 4.638219 3.369863 174.797101
v 4.116897 2.991101 179.157779
v 3.389561 2.462660 183.473157
v 2.458714 1.786361 187.728377
v 1.327563 0.964531 191.908789
v 4.095532 4.548550 170.406135
v 3.836229 4.260564 174.797101
v 3.405048 3.781689 179.157779
v 2.803475 3.113574 183.473157
v 2.033580 2.258520 187.728377
v 1.098015 1.219469 191.908789
v 3.060339 5.300662 170.406135
v 2.866577 4.965057 174.797101
v 2.544382 4.406999 179.157779
v 2.094864 3.628411 183.473157
v 1.519569 2.631971 187.728377
v 0.820479 1.421111 191.908789
v 1.891393 5.821110 170.406135
v 1.771642 5.452553 174.797101
v 1.572515 4.839703 179.157779
v 1.294697 3.984668 183.473157
v 0.939145 2.890392 187.728377
v 0.507084 1.560644 191.908789
v -5.900000 0.000000 166.200000
v -5.762061 1.268326 166.200000
v -5.354695 2.477346 166.200000
v -4.696949 3.570528 166.200000
v -3.819579 4.496756 166.200000
v -2.763610 5.212721 166.200000
v -1.578417 5.684945 166.200000
v -0.319420 5.891347 166.200000
v 0.954514 5.822276 166.200000
v 2.183815 5.480963 166.200000
v 3.311004 4.883365 166.200000
v 4.283373 4.057427 166.200000
v 5.055457 3.041768 166.200000
v 5.591154 1.883879 166.200000
v 5.865414 0.637902 166.200000
v 5.865414 -0.637902 166.200000
v 5.591154 -1.883879 166.200000
v 5.055457 -3.041768 166.200000
v 4.283373 -4.057427 166.200000
v 3.311004 -4.883365 166.200000
v 2.183815 -5.480963 166.200000
v 0.954514 -5.822276 166.200000
v -0.319420 -5.891347 166.200000
v -1.578417 -5.684945 166.200000
v -2.763610 -5.212721 166.200000
v -3.819579 -4.496756 166.200000
v -4.696949 -3.570528 166.200000
v -5.354695 -2.477346 166.200000
v -5.762061 -1.268326 166.200000
vt 0.500000 0.078540 0.000000
vt -0.500000 0.078540 0.000000
vt 0.500000 0.000000 0.000000
vt -0.500000 0.000000 0.000000
vt 0.500000 -0.078540 0.000000
vt -0.500000 -0.078540 0.000000
vt 0.500000 -0.157080 0.000000
vt -0.500000 -0.157080 0.000000
vt 0.500000 -0.235619 0.000000
vt -0.500000 -0.235619 0.000000
vt 0.500000 -0.314159 0.000000
vt -0.500000 -0.314159 0.000000
vt 0.500000 -0.392699 0.000000
vt -0.500000 -0.392699 0.000000
vt 0.500000 -0.471239 0.000000
vt -0.500000 -0.471239 0.000000
vt 0.500000 -0.549779 0.000000
vt -0.500000 -0.549779 0.000000
vt 0.500000 -0.628319 0.000000
vt -0.500000 -0.628319 0.000000
vt 0.500000 -0.706858 0.000000
vt -0.500000 -0.706858 0.000000
vt 0.500000 -0.785398 0.000000
vt -0.500000 -0.785398 0.000000
vt 0.500000 -0.863938 0.000000
vt -0.500000 -0.863938 0.000000
vt 0.500000 -0.942478 0.000000
vt -0.500000 -0.942478 0.000000
vt 0.500000 0.942478 0.000000
vt -0.500000 0.942478 0.000000
vt 0.500000 0.863938 0.000000
vt -0.500000 0.863938 0.000000
vt 0.500000 0.785398 0.000000
vt -0.500000 0.785398 0.000000
vt 0.500000 0.706858 0.000000
vt -0.500000 0.706858 0.000000
vt 0.500000 0.628319 0.000000
vt -0.500000 0.628319 0.000000
vt 0.500000 0.549779 0.000000
vt -0.500000 0.549779 0.000000
vt 0.500000 0.471239 0.000000
vt -0.500000 0.471239 0.000000
vt 0.500000 0.392699 0.000000
vt -0.500000 0.392699 0.000000
vt 0.500000 0.314159 0.000000
vt -0.500000 0.314159 0.000000
vt 0.500000 0.235619 0.000000
vt -0.500000 0.235619 0.000000
vt 0.500000 0.157080 0.000000
vt -0.500000 0.157080 0.000000
vt 0.544076 1.730520 0.000000
vt 0.000000 1.802149 0.000000
vt 0.000000 0.000000 0.000000
vt -0.544076 1.730520 0.000000
vt -0.077646 -0.010222 0.000000
vt -1.051074 1.520514 0.000000
vt -0.150000 -0.040192 0.000000
vt -1.486444 1.186444 0.000000
vt -0.212132 -0.087868 0.000000
vt -1.820514 0.751074 0.000000
vt -0.259808 -0.150000 0.000000
vt -2.030520 0.244076 0.000000
vt -0.289778 -0.222354 0.000000
vt -2.102149 -0.300000 0.000000
vt -0.300000 -0.300000 0.000000
vt -0.289778 -0.377646 0.000000
vt -2.030520 -0.844076 0.000000
vt -0.259808 -0.450000 0.000000
vt -1.820514 -1.351074 0.000000
vt -0.212132 -0.512132 0.000000
vt -1.486444 -1.786444 0.000000
vt -0.150000 -0.559808 0.000000
vt -1.051074 -2.120514 0.000000
vt -0.077646 -0.589778 0.000000
vt -0.544076 -2.330520 0.000000
vt -0.000000 -0.600000 0.000000
vt -0.000000 -2.402149 0.000000
vt 0.544076 -2.330520 0.000000
vt 0.077646 -0.589778 0.000000
vt 1.051074 -2.120514 0.000000
vt 0.150000 -0.559808 0.000000
vt 1.486444 -1.786444 0.000000
vt 0.212132 -0.512132 0.000000
vt 1.820514 -1.351074 0.000000
vt 0.259808 -0.450000 0.000000
vt 2.030520 -0.844076 0.000000
vt 0.289778 -0.377646 0.000000
vt 0.300000 -0.300000 0.000000
vt 2.102149 -0.300000 0.000000
vt 0.289778 -0.222354 0.000000
vt 2.030520 0.244076 0.000000
vt 0.259808 -0.150000 0.000000
vt 1.820514 0.751074 0.000000
vt 0.212132 -0.087868 0.000000
vt 1.486444 1.186444 0.000000
vt 0.150000 -0.040192 0.000000
vt 1.051074 1.520514 0.000000
vt 0.077646 -0.010222 0.000000
vt -0.200000 8.972660 0.000000
vt -4.238436 8.444857 0.000000
vt -0.200000 7.917053 0.000000
vt -4.238436 7.389249 0.000000
vt -0.200000 6.861446 0.000000
vt -4.238436 6.333642 0.000000
vt -0.200000 5.805839 0.000000
vt -4.238436 5.278035 0.000000
vt -0.200000 4.750232 0.000000
vt -4.238436 4.222428 0.000000
vt -0.200000 3.694625 0.000000
vt -4.238436 3.166821 0.000000
vt -0.200000 2.639018 0.000000
vt -4.238436 2.111214 0.000000
vt -0.200000 1.583411 0.000000
vt -4.238436 1.055607 0.000000
vt -0.200000 0.527804 0.000000
vt -4.238436 -0.000000 0.000000
vt -0.200000 -0.527804 0.000000
vt -4.238436 -1.055607 0.000000
vt -0.200000 -1.583411 0.000000
vt -4.238436 -2.111214 0.000000
vt -0.200000 -2.639018 0.000000
vt -4.238436 -3.166821 0.000000
vt -0.200000 -3.694625 0.000000
vt -4.238436 -4.222428 0.000000
vt -0.200000 -4.750232 0.000000
vt -4.238436 -5.278035 0.000000
vt -0.200000 -5.805839 0.000000
vt -4.238436 -6.333642 0.000000
vt -0.200000 -6.861446 0.000000
vt -4.238436 -7.389249 0.000000
vt -0.200000 -7.917053 0.000000
vt -4.238436 -8.444857 0.000000
vt -0.200000 -8.972660 0.000000
vt -4.238436 -9.500464 0.000000
vt -0.200000 -10.028267 0.000000
vt -4.238436 -10.556071 0.000000
vt -0.200000 -11.083874 0.000000
vt -4.238436 -11.611678 0.000000
vt -0.200000 -12.139481 0.000000
vt -4.238436 -12.667285 0.000000
vt -0.200000 -13.195088 0.000000
vt -4.238436 -13.722892 0.000000
vt -0.200000 -14.250695 0.000000
vt -4.238436 -14.778499 0.000000
vt -0.200000 -15.306303 0.000000
vt -4.238436 -15.834106 0.000000
vt -0.200000 -16.361910 0.000000
vt -0.200000 15.306303 0.000000
vt -4.238436 15.834106 0.000000
vt -4.238436 14.778499 0.000000
vt -0.200000 14.250695 0.000000
vt -4.238436 13.722892 0.000000
vt -0.200000 13.195088 0.000000
vt -4.238436 12.667285 0.000000
vt -0.200000 12.139481 0.000000
vt -4.238436 11.611678 0.000000
vt -0.200000 11.083874 0.000000
vt -4.238436 10.556071 0.000000
vt -0.200000 10.028267 0.000000
vt -4.238436 9.500464 0.000000
vt -24.430615 6.597544 0.000000
vt -20.392179 7.389249 0.000000
vt -24.430615 7.917053 0.000000
vt -20.392179 8.444857 0.000000
vt -24.430615 9.236562 0.000000
vt -20.392179 9.500464 0.000000
vt -24.430615 10.556071 0.000000
vt -20.392179 10.556071 0.000000
vt -20.392179 11.611678 0.000000
vt -16.353744 10.556071 0.000000
vt -16.353744 11.611678 0.000000
vt -12.315308 10.556071 0.000000
vt -12.315308 11.611678 0.000000
vt -8.276872 10.556071 0.000000
vt -8.276872 11.611678 0.000000
vt -20.392179 6.333642 0.000000
vt -24.430615 5.278035 0.000000
vt -20.392179 5.278035 0.000000
vt -20.392179 4.222428 0.000000
vt -16.353744 4.222428 0.000000
vt -16.353744 3.166821 0.000000
vt -12.315308 3.166821 0.000000
vt -12.315308 2.111214 0.000000
vt -8.276872 2.111214 0.000000
vt -8.276872 1.055607 0.000000
vt -24.430615 3.958527 0.000000
vt -20.392179 3.166821 0.000000
vt -16.353744 2.111214 0.000000
vt -12.315308 1.055607 0.000000
vt -8.276872 -0.000000 0.000000
vt -24.430615 2.639018 0.000000
vt -20.392179 2.111214 0.000000
vt -16.353744 1.055607 0.000000
vt -12.315308 -0.000000 0.000000
vt -8.276872 -1.055607 0.000000
vt -24.430615 1.319509 0.000000
vt -20.392179 1.055607 0.000000
vt -16.353744 -0.000000 0.000000
vt -12.315308 -1.055607 0.000000
vt -8.276872 -2.111214 0.000000
vt -24.430615 -0.000000 0.000000
vt -20.392179 -0.000000 0.000000
vt -16.353744 -1.055607 0.000000
vt -12.315308 -2.111214 0.000000
vt -8.276872 -3.166821 0.000000
vt -20.392179 -1.055607 0.000000
vt -24.430615 -1.319509 0.000000
vt -20.392179 -2.111214 0.000000
vt -24.430615 -2.639018 0.000000
vt -20.392179 -3.166821 0.000000
vt -24.430615 -3.958527 0.000000
vt -20.392179 -4.222428 0.000000
vt -24.430615 -5.278035 0.000000
vt -20.392179 -5.278035 0.000000
vt -20.392179 -6.333642 0.000000
vt -16.353744 -6.333642 0.000000
vt -16.353744 -7.389249 0.000000
vt -12.315308 -7.389249 0.000000
vt -12.315308 -8.444857 0.000000
vt -8.276872 -8.444857 0.000000
vt -8.276872 -9.500464 0.000000
vt -24.430615 -6.597544 0.000000
vt -20.392179 -7.389249 0.000000
vt -16.353744 -8.444857 0.000000
vt -12.315308 -9.500464 0.000000
vt -8.276872 -10.556071 0.000000
vt -24.430615 -7.917053 0.000000
vt -20.392179 -8.444857 0.000000
vt -16.353744 -9.500464 0.000000
vt -12.315308 -10.556071 0.000000
vt -8.276872 -11.611678 0.000000
vt -24.430615 -9.236562 0.000000
vt -20.392179 -9.500464 0.000000
vt -16.353744 -10.556071 0.000000
vt -12.315308 -11.611678 0.000000
vt -8.276872 -12.667285 0.000000
vt -24.430615 -10.556071 0.000000
vt -20.392179 -10.556071 0.000000
vt -16.353744 -11.611678 0.000000
vt -12.315308 -12.667285 0.000000
vt -8.276872 -13.722892 0.000000
vt -20.392179 -11.611678 0.000000
vt -24.430615 -11.875580 0.000000
vt -20.392179 -12.667285 0.000000
vt -24.430615 -13.195088 0.000000
vt -20.392179 -13.722892 0.000000
vt -24.430615 -14.514597 0.000000
vt -20.392179 -14.778499 0.000000
vt -24.430615 -15.834106 0.000000
vt -20.392179 -15.834106 0.000000
vt -20.392179 15.834106 0.000000
vt -24.430615 15.834106 0.000000
vt -20.392179 14.778499 0.000000
vt -16.353744 14.778499 0.000000
vt -16.353744 13.722892 0.000000
vt -12.315308 13.722892 0.000000
vt -12.315308 12.667285 0.000000
vt -8.276872 12.667285 0.000000
vt -24.430615 14.514597 0.000000
vt -20.392179 13.722892 0.000000
vt -16.353744 12.667285 0.000000
vt -24.430615 13.195088 0.000000
vt -20.392179 12.667285 0.000000
vt -24.430615 11.875580 0.000000
vt -8.276872 15.834106 0.000000
vt -8.276872 14.778499 0.000000
vt -8.276872 13.722892 0.000000
vt -12.315308 15.834106 0.000000
vt -12.315308 14.778499 0.000000
vt -8.276872 -15.834106 0.000000
vt -8.276872 -14.778499 0.000000
vt -16.353744 15.834106 0.000000
vt -12.315308 -15.834106 0.000000
vt -12.315308 -14.778499 0.000000
vt -12.315308 -13.722892 0.000000
vt -16.353744 -15.834106 0.000000
vt -16.353744 -14.778499 0.000000
vt -16.353744 -13.722892 0.000000
vt -16.353744 -12.667285 0.000000
vt -8.276872 8.444857 0.000000
vt -8.276872 7.389249 0.000000
vt -8.276872 6.333642 0.000000
vt -8.276872 5.278035 0.000000
vt -8.276872 4.222428 0.000000
vt -8.276872 3.166821 0.000000
vt -12.315308 8.444857 0.000000
vt -12.315308 7.389249 0.000000
vt -12.315308 6.333642 0.000000
vt -12.315308 5.278035 0.000000
vt -12.315308 4.222428 0.000000
vt -8.276872 9.500464 0.000000
vt -16.353744 8.444857 0.000000
vt -16.353744 7.389249 0.000000
vt -16.353744 6.333642 0.000000
vt -16.353744 5.278035 0.000000
vt -12.315308 9.500464 0.000000
vt -16.353744 9.500464 0.000000
vt -8.276872 -7.389249 0.000000
vt -12.315308 -6.333642 0.000000
vt -16.353744 -5.278035 0.000000
vt -8.276872 -6.333642 0.000000
vt -12.315308 -5.278035 0.000000
vt -16.353744 -4.222428 0.000000
vt -8.276872 -5.278035 0.000000
vt -12.315308 -4.222428 0.000000
vt -16.353744 -3.166821 0.000000
vt -8.276872 -4.222428 0.000000
vt -12.315308 -3.166821 0.000000
vt -16.353744 -2.111214 0.000000
vt 1.299448 0.213423 0.000000
vt 0.000000 0.350000 0.000000
vt 0.000000 0.000000 0.000000
vt -1.299448 0.213423 0.000000
vt -1.268326 -0.137939 0.000000
vt -2.542104 -0.190341 0.000000
vt -2.477346 -0.545305 0.000000
vt -3.673658 -0.843644 0.000000
vt -3.570528 -1.203051 0.000000
vt -4.644655 -1.717934 0.000000
vt -4.496756 -2.080421 0.000000
vt -5.412659 -2.775000 0.000000
vt -5.212721 -3.136390 0.000000
vt -5.944103 -3.968644 0.000000
vt -5.684945 -4.321583 0.000000
vt -6.215762 -5.246697 0.000000
vt -5.891347 -5.580580 0.000000
vt -6.215762 -6.553303 0.000000
vt -5.822276 -6.854514 0.000000
vt -5.944103 -7.831356 0.000000
vt -5.480963 -8.083815 0.000000
vt -5.412659 -9.025000 0.000000
vt -4.883365 -9.211004 0.000000
vt -4.644655 -10.082066 0.000000
vt -4.057427 -10.183373 0.000000
vt -3.673658 -10.956356 0.000000
vt -3.041768 -10.955457 0.000000
vt -2.542104 -11.609659 0.000000
vt -1.883879 -11.491154 0.000000
vt -1.299448 -12.013423 0.000000
vt -0.637902 -11.765414 0.000000
vt -0.000000 -12.150000 0.000000
vt 0.637902 -11.765414 0.000000
vt 1.299448 -12.013423 0.000000
vt 1.883879 -11.491154 0.000000
vt 2.542104 -11.609659 0.000000
vt 3.041768 -10.955457 0.000000
vt 3.673658 -10.956356 0.000000
vt 4.057427 -10.183373 0.000000
vt 4.644655 -10.082066 0.000000
vt 4.883365 -9.211004 0.000000
vt 5.412659 -9.025000 0.000000
vt 5.480963 -8.083815 0.000000
vt 5.944103 -7.831356 0.000000
vt 5.822276 -6.854514 0.000000
vt 6.215762 -6.553303 0.000000
vt 5.891347 -5.580580 0.000000
vt 6.215762 -5.246697 0.000000
vt 5.684945 -4.321583 0.000000
vt 5.944103 -3.968644 0.000000
vt 5.212721 -3.136390 0.000000
vt 5.412659 -2.775000 0.000000
vt 4.496756 -2.080421 0.000000
vt 4.644655 -1.717934 0.000000
vt 3.570528 -1.203051 0.000000
vt 3.673658 -0.843644 0.000000
vt 2.477346 -0.545305 0.000000
vt 2.542104 -0.190341 0.000000
vt 1.268326 -0.137939 0.000000
vt -0.000000 6.358767 0.000000
vt 4.408665 6.847903 0.000000
vt 0.000000 7.337039 0.000000
vt 4.408665 7.826175 0.000000
vt 0.000000 8.315311 0.000000
vt 4.408665 8.804447 0.000000
vt 0.000000 9.293583 0.000000
vt 4.408665 9.782719 0.000000
vt 0.000000 10.271854 0.000000
vt 4.408665 10.760990 0.000000
vt 0.000000 11.250126 0.000000
vt 4.408665 11.739262 0.000000
vt 0.000000 12.228398 0.000000
vt 4.408665 12.717534 0.000000
vt 0.000000 13.206670 0.000000
vt 4.408665 13.695806 0.000000
vt 0.000000 14.184942 0.000000
vt 4.408665 14.674078 0.000000
vt 0.000000 15.163214 0.000000
vt -0.000000 -14.184942 0.000000
vt 4.408665 -14.674078 0.000000
vt 4.408665 -13.695806 0.000000
vt -0.000000 -13.206670 0.000000
vt 4.408665 -12.717534 0.000000
vt -0.000000 -12.228398 0.000000
vt 4.408665 -11.739262 0.000000
vt -0.000000 -11.250126 0.000000
vt 4.408665 -10.760990 0.000000
vt -0.000000 -10.271854 0.000000
vt 4.408665 -9.782719 0.000000
vt -0.000000 -9.293583 0.000000
vt 4.408665 -8.804447 0.000000
vt -0.000000 -8.315311 0.000000
vt 4.408665 -7.826175 0.000000
vt -0.000000 -7.337039 0.000000
vt 4.408665 -6.847903 0.000000
vt -0.000000 -6.358767 0.000000
vt 4.408665 -5.869631 0.000000
vt -0.000000 -5.380495 0.000000
vt 4.408665 -4.891359 0.000000
vt -0.000000 -4.402223 0.000000
vt 4.408665 -3.913087 0.000000
vt -0.000000 -3.423951 0.000000
vt 4.408665 -2.934816 0.000000
vt -0.000000 -2.445680 0.000000
vt 4.408665 -1.956544 0.000000
vt -0.000000 -1.467408 0.000000
vt 4.408665 -0.978272 0.000000
vt -0.000000 -0.489136 0.000000
vt 4.408665 0.000000 0.000000
vt -0.000000 0.489136 0.000000
vt 4.408665 0.978272 0.000000
vt -0.000000 1.467408 0.000000
vt 4.408665 1.956544 0.000000
vt -0.000000 2.445680 0.000000
vt 4.408665 2.934816 0.000000
vt -0.000000 3.423951 0.000000
vt 4.408665 3.913087 0.000000
vt -0.000000 4.402223 0.000000
vt 4.408665 4.891359 0.000000
vt -0.000000 5.380495 0.000000
vt 4.408665 5.869631 0.000000
vt 26.451992 -14.674078 0.000000
vt 30.860657 -14.674078 0.000000
vt 26.451992 -13.695806 0.000000
vt 30.860657 -13.695806 0.000000
vt 26.451992 -12.717534 0.000000
vt 30.860657 -12.717534 0.000000
vt 26.451992 -11.739262 0.000000
vt 30.860657 -11.739262 0.000000
vt 26.451992 -10.760990 0.000000
vt 30.860657 -10.760990 0.000000
vt 26.451992 -9.782719 0.000000
vt 30.860657 -9.782719 0.000000
vt 26.451992 -8.804447 0.000000
vt 30.860657 -8.804447 0.000000
vt 26.451992 -7.826175 0.000000
vt 30.860657 -7.826175 0.000000
vt 26.451992 -6.847903 0.000000
vt 30.860657 -6.847903 0.000000
vt 26.451992 -5.869631 0.000000
vt 30.860657 -5.869631 0.000000
vt 26.451992 -4.891359 0.000000
vt 26.451992 -3.913087 0.000000
vt 30.860657 -3.913087 0.000000
vt 26.451992 -2.934816 0.000000
vt 30.860657 -2.934816 0.000000
vt 26.451992 -1.956544 0.000000
vt 30.860657 -1.956544 0.000000
vt 26.451992 -0.978272 0.000000
vt 30.860657 -0.978272 0.000000
vt 26.451992 0.000000 0.000000
vt 30.860657 0.000000 0.000000
vt 26.451992 0.978272 0.000000
vt 30.860657 0.978272 0.000000
vt 26.451992 1.956544 0.000000
vt 30.860657 1.956544 0.000000
vt 26.451992 2.934816 0.000000
vt 30.860657 2.934816 0.000000
vt 26.451992 3.913087 0.000000
vt 30.860657 3.913087 0.000000
vt 26.451992 4.891359 0.000000
vt 26.451992 5.869631 0.000000
vt 30.860657 5.869631 0.000000
vt 26.451992 6.847903 0.000000
vt 30.860657 6.847903 0.000000
vt 26.451992 7.826175 0.000000
vt 30.860657 7.826175 0.000000
vt 26.451992 8.804447 0.000000
vt 30.860657 8.804447 0.000000
vt 26.451992 9.782719 0.000000
vt 30.860657 9.782719 0.000000
vt 26.451992 10.760990 0.000000
vt 30.860657 10.760990 0.000000
vt 26.451992 11.739262 0.000000
vt 30.860657 11.739262 0.000000
vt 26.451992 12.717534 0.000000
vt 30.860657 12.717534 0.000000
vt 26.451992 13.695806 0.000000
vt 30.860657 13.695806 0.000000
vt 26.451992 14.674078 0.000000
vt 8.817331 -14.674078 0.000000
vt 8.817331 -13.695806 0.000000
vt 8.817331 -12.717534 0.000000
vt 8.817331 -11.739262 0.000000
vt 8.817331 -10.760990 0.000000
vt 8.817331 -9.782719 0.000000
vt 8.817331 -8.804447 0.000000
vt 8.817331 -7.826175 0.000000
vt 8.817331 -6.847903 0.000000
vt 8.817331 -5.869631 0.000000
vt 8.817331 -4.891359 0.000000
vt 8.817331 -3.913087 0.000000
vt 8.817331 -2.934816 0.000000
vt 8.817331 -1.956544 0.000000
vt 8.817331 -0.978272 0.000000
vt 8.817331 0.000000 0.000000
vt 8.817331 0.978272 0.000000
vt 8.817331 1.956544 0.000000
vt 8.817331 2.934816 0.000000
vt 8.817331 3.913087 0.000000
vt 8.817331 4.891359 0.000000
vt 8.817331 5.869631 0.000000
vt 8.817331 6.847903 0.000000
vt 8.817331 7.826175 0.000000
vt 8.817331 8.804447 0.000000
vt 8.817331 9.782719 0.000000
vt 8.817331 10.760990 0.000000
vt 8.817331 11.739262 0.000000
vt 8.817331 12.717534 0.000000
vt 8.817331 13.695806 0.000000
vt 8.817331 14.674078 0.000000
vt 13.225996 -14.674078 0.000000
vt 13.225996 -13.695806 0.000000
vt 13.225996 -12.717534 0.000000
vt 13.225996 -11.739262 0.000000
vt 13.225996 -10.760990 0.000000
vt 13.225996 -9.782719 0.000000
vt 13.225996 -8.804447 0.000000
vt 13.225996 -7.826175 0.000000
vt 13.225996 -6.847903 0.000000
vt 13.225996 -5.869631 0.000000
vt 13.225996 -4.891359 0.000000
vt 13.225996 -3.913087 0.000000
vt 13.225996 -2.934816 0.000000
vt 13.225996 -1.956544 0.000000
vt 13.225996 -0.978272 0.000000
vt 13.225996 0.000000 0.000000
vt 13.225996 0.978272 0.000000
vt 13.225996 1.956544 0.000000
vt 13.225996 2.934816 0.000000
vt 13.225996 3.913087 0.000000
vt 13.225996 4.891359 0.000000
vt 13.225996 5.869631 0.000000
vt 13.225996 6.847903 0.000000
vt 13.225996 7.826175 0.000000
vt 13.225996 8.804447 0.000000
vt 13.225996 9.782719 0.000000
vt 13.225996 10.760990 0.000000
vt 13.225996 11.739262 0.000000
vt 13.225996 12.717534 0.000000
vt 13.225996 13.695806 0.000000
vt 13.225996 14.674078 0.000000
vt 17.634661 -14.674078 0.000000
vt 17.634661 -13.695806 0.000000
vt 17.634661 -12.717534 0.000000
vt 17.634661 -11.739262 0.000000
vt 17.634661 -10.760990 0.000000
vt 17.634661 -9.782719 0.000000
vt 17.634661 -8.804447 0.000000
vt 17.634661 -7.826175 0.000000
vt 17.634661 -6.847903 0.000000
vt 17.634661 -5.869631 0.000000
vt 17.634661 -4.891359 0.000000
vt 17.634661 -3.913087 0.000000
vt 17.634661 -2.934816 0.000000
vt 17.634661 -1.956544 0.000000
vt 17.634661 -0.978272 0.000000
vt 17.634661 0.000000 0.000000
vt 17.634661 0.978272 0.000000
vt 17.634661 1.956544 0.000000
vt 17.634661 2.934816 0.000000
vt 17.634661 3.913087 0.000000
vt 17.634661 4.891359 0.000000
vt 17.634661 5.869631 0.000000
vt 17.634661 6.847903 0.000000
vt 17.634661 7.826175 0.000000
vt 17.634661 8.804447 0.000000
vt 17.634661 9.782719 0.000000
vt 17.634661 10.760990 0.000000
vt 17.634661 11.739262 0.000000
vt 17.634661 12.717534 0.000000
vt 17.634661 13.695806 0.000000
vt 17.634661 14.674078 0.000000
vt 22.043327 -14.674078 0.000000
vt 22.043327 -13.695806 0.000000
vt 22.043327 -12.717534 0.000000
vt 22.043327 -11.739262 0.000000
vt 22.043327 -10.760990 0.000000
vt 22.043327 -9.782719 0.000000
vt 22.043327 -8.804447 0.000000
vt 22.043327 -7.826175 0.000000
vt 22.043327 -6.847903 0.000000
vt 22.043327 -5.869631 0.000000
vt 22.043327 -4.891359 0.000000
vt 22.043327 -3.913087 0.000000
vt 22.043327 -2.934816 0.000000
vt 22.043327 -1.956544 0.000000
vt 22.043327 -0.978272 0.000000
vt 22.043327 0.000000 0.000000
vt 22.043327 0.978272 0.000000
vt 22.043327 1.956544 0.000000
vt 22.043327 2.934816 0.000000
vt 22.043327 3.913087 0.000000
vt 22.043327 4.891359 0.000000
vt 22.043327 5.869631 0.000000
vt 22.043327 6.847903 0.000000
vt 22.043327 7.826175 0.000000
vt 22.043327 8.804447 0.000000
vt 22.043327 9.782719 0.000000
vt 22.043327 10.760990 0.000000
vt 22.043327 11.739262 0.000000
vt 22.043327 12.717534 0.000000
vt 22.043327 13.695806 0.000000
vt 22.043327 14.674078 0.000000
vt 30.860657 -4.891359 0.000000
vt 30.860657 4.891359 0.000000
vt 0.000000 0.300000 0.000000
vt -0.077646 0.289778 0.000000
vt 0.077646 0.289778 0.000000
vt 0.150000 0.259808 0.000000
vt -0.150000 0.259808 0.000000
vt 0.212132 0.212132 0.000000
vt -0.212132 0.212132 0.000000
vt 0.259808 0.150000 0.000000
vt -0.259808 0.150000 0.000000
vt 0.289778 0.077646 0.000000
vt -0.289778 0.077646 0.000000
vt 0.300000 -0.000000 0.000000
vt -0.300000 0.000000 0.000000
vt 0.289778 -0.077646 0.000000
vt -0.289778 -0.077646 0.000000
vt 0.259808 -0.150000 0.000000
vt -0.259808 -0.150000 0.000000
vt 0.212132 -0.212132 0.000000
vt -0.212132 -0.212132 0.000000
vt 0.150000 -0.259808 0.000000
vt -0.150000 -0.259808 0.000000
vt 0.077646 -0.289778 0.000000
vt -0.077646 -0.289778 0.000000
vt -0.000000 -0.300000 0.000000
vt -1.257810 -0.132201 0.000000
vt -0.319420 -0.158386 0.000000
vt 0.000000 0.000000 0.000000
vt 0.954514 -0.227457 0.000000
vt 1.257810 -0.132201 0.000000
vt 2.183815 -0.568770 0.000000
vt 2.460648 -0.523027 0.000000
vt 3.311004 -1.166368 0.000000
vt 3.555944 -1.155396 0.000000
vt 4.283373 -1.992306 0.000000
vt 4.495828 -2.001672 0.000000
vt 5.055457 -3.007965 0.000000
vt 5.239223 -3.024867 0.000000
vt 5.591154 -4.165854 0.000000
vt 5.753638 -4.180263 0.000000
vt 5.865414 -5.411831 0.000000
vt 6.016592 -5.417364 0.000000
vt 5.865414 -6.687635 0.000000
vt 6.016592 -6.682102 0.000000
vt 5.753638 -7.919203 0.000000
vt 5.591154 -7.933612 0.000000
vt 5.239223 -9.074600 0.000000
vt 5.055457 -9.091501 0.000000
vt 4.495828 -10.097795 0.000000
vt 4.283373 -10.107160 0.000000
vt 3.555944 -10.944070 0.000000
vt 3.311004 -10.933098 0.000000
vt 2.460648 -11.576439 0.000000
vt 2.183815 -11.530696 0.000000
vt 1.257810 -11.967265 0.000000
vt 0.954514 -11.872010 0.000000
vt 0.000000 -12.099466 0.000000
vt -0.319420 -11.941080 0.000000
vt -1.257810 -11.967265 0.000000
vt -1.578417 -11.734678 0.000000
vt -2.460648 -11.576439 0.000000
vt -2.763610 -11.262454 0.000000
vt -3.555944 -10.944070 0.000000
vt -3.819579 -10.546489 0.000000
vt -4.495828 -10.097795 0.000000
vt -4.696949 -9.620261 0.000000
vt -5.239223 -9.074600 0.000000
vt -5.354695 -8.527079 0.000000
vt -5.753638 -7.919203 0.000000
vt -5.762061 -7.318059 0.000000
vt -6.016592 -6.682102 0.000000
vt -5.900000 -6.049733 0.000000
vt -6.016592 -5.417364 0.000000
vt -5.762061 -4.781407 0.000000
vt -5.753638 -4.180263 0.000000
vt -5.354695 -3.572387 0.000000
vt -5.239223 -3.024867 0.000000
vt -4.696949 -2.479205 0.000000
vt -4.495828 -2.001672 0.000000
vt -3.819579 -1.552977 0.000000
vt -3.555944 -1.155396 0.000000
vt -2.763610 -0.837012 0.000000
vt -2.460648 -0.523027 0.000000
vt -1.578417 -0.364788 0.000000
vt 20.000000 7.989395 0.000000
vt 20.200000 8.308971 0.000000
vt 20.000000 9.267698 0.000000
vt 20.200000 9.587274 0.000000
vt 20.000000 10.546002 0.000000
vt 20.200000 10.865577 0.000000
vt 20.000000 11.824305 0.000000
vt 20.200000 12.143881 0.000000
vt 20.000000 13.102608 0.000000
vt 20.200000 13.422184 0.000000
vt 20.000000 14.380911 0.000000
vt 20.200000 14.700487 0.000000
vt 20.000000 15.659214 0.000000
vt 20.200000 15.978790 0.000000
vt 20.000000 16.937518 0.000000
vt 20.200000 17.257093 0.000000
vt 20.000000 18.215821 0.000000
vt 20.200000 18.535397 0.000000
vt 20.000000 19.494124 0.000000
vt 20.000000 -17.576669 0.000000
vt 20.200000 -18.535397 0.000000
vt 20.200000 -17.257093 0.000000
vt 20.000000 -16.298366 0.000000
vt 20.200000 -15.978790 0.000000
vt 20.000000 -15.020063 0.000000
vt 20.200000 -14.700487 0.000000
vt 20.000000 -13.741760 0.000000
vt 20.200000 -13.422184 0.000000
vt 20.000000 -12.463456 0.000000
vt 20.200000 -12.143881 0.000000
vt 20.000000 -11.185153 0.000000
vt 20.200000 -10.865577 0.000000
vt 20.000000 -9.906850 0.000000
vt 20.200000 -9.587274 0.000000
vt 20.000000 -8.628547 0.000000
vt 20.200000 -8.308971 0.000000
vt 20.000000 -7.350243 0.000000
vt 20.200000 -7.030668 0.000000
vt 20.000000 -6.071940 0.000000
vt 20.200000 -5.752364 0.000000
vt 20.000000 -4.793637 0.000000
vt 20.200000 -4.474061 0.000000
vt 20.000000 -3.515334 0.000000
vt 20.200000 -3.195758 0.000000
vt 20.000000 -2.237031 0.000000
vt 20.200000 -1.917455 0.000000
vt 20.000000 -0.958727 0.000000
vt 20.200000 -0.639152 0.000000
vt 20.000000 0.319576 0.000000
vt 20.200000 0.639152 0.000000
vt 20.000000 1.597879 0.000000
vt 20.200000 1.917455 0.000000
vt 20.000000 2.876182 0.000000
vt 20.200000 3.195758 0.000000
vt 20.000000 4.154485 0.000000
vt 20.200000 4.474061 0.000000
vt 20.000000 5.432789 0.000000
vt 20.200000 5.752364 0.000000
vt 20.000000 6.711092 0.000000
vt 20.200000 7.030668 0.000000
vn -0.258819 -0.965926 0.000000
vn -0.258819 -0.965926 0.000000
vn 0.000000 -1.000000 0.000000
vn 0.000000 -1.000000 0.000000
vn 0.258819 -0.965926 0.000000
vn 0.258819 -0.965926 0.000000
vn 0.500000 -0.866025 0.000000
vn 0.500000 -0.866025 0.000000
vn 0.707107 -0.707107 0.000000
vn 0.707107 -0.707107 0.000000
vn 0.866025 -0.500000 0.000000
vn 0.866025 -0.500000 0.000000
vn 0.965926 -0.258819 0.000000
vn 0.965926 -0.258819 0.000000
vn 1.000000 0.000000 0.000000
vn 1.000000 0.000000 0.000000
vn 0.965926 0.258819 0.000000
vn 0.965926 0.258819 0.000000
vn 0.866025 0.500000 0.000000
vn 0.866025 0.500000 0.000000
vn 0.707107 0.707107 0.000000
vn 0.707107 0.707107 0.000000
vn 0.500000 0.866025 0.000000
vn 0.500000 0.866025 0.000000
vn 0.258819 0.965926 0.000000
vn 0.258819 0.965926 0.000000
vn 0.000000 1.000000 0.000000
vn 0.000000 1.000000 0.000000
vn -0.258819 0.965926 0.000000
vn -0.258819 0.965926 0.000000
vn -0.500000 0.866025 0.000000
vn -0.500000 0.866025 0.000000
vn -0.707107 0.707107 0.000000
vn -0.707107 0.707107 0.000000
vn -0.866025 0.500000 0.000000
vn -0.866025 0.500000 0.000000
vn -0.965926 0.258819 0.000000
vn -0.965926 0.258819 0.000000
vn -1.000000 -0.000000 0.000000
vn -1.000000 -0.000000 0.000000
vn -0.965926 -0.258819 0.000000
vn -0.965926 -0.258819 0.000000
vn -0.866025 -0.500000 0.000000
vn -0.866025 -0.500000 0.000000
vn -0.707107 -0.707107 0.000000
vn -0.707107 -0.707107 0.000000
vn -0.500000 -0.866025 0.000000
vn -0.500000 -0.866025 0.000000
vn -0.000000 -0.000000 -1.000000
vn -0.000000 -0.000000 -1.000000
vn -0.000000 -0.000000 -1.000000
vn -0.000000 -0.000000 -1.000000
vn -0.000000 -0.000000 -1.000000
vn -0.000000 -0.000000 -1.000000
vn -0.000000 -0.000000 -1.000000
vn -0.000000 -0.000000 -1.000000
vn -0.000000 -0.000000 -1.000000
vn -0.000000 -0.000000 -1.000000
vn -0.000000 -0.000000 -1.000000
vn -0.000000 -0.000000 -1.000000
vn -0.000000 -0.000000 -1.000000
vn -0.000000 -0.000000 -1.000000
vn -0.000000 -0.000000 -1.000000
vn -0.000000 -0.000000 -1.000000
vn -0.000000 -0.000000 -1.000000
vn -0.000000 -0.000000 -1.000000
vn -0.000000 -0.000000 -1.000000
vn -0.000000 -0.000000 -1.000000
vn -0.000000 -0.000000 -1.000000
vn -0.000000 -0.000000 -1.000000
vn -0.000000 -0.000000 -1.000000
vn -0.000000 -0.000000 -1.000000
vn -0.000000 -0.000000 -1.000000
vn -0.000000 -0.000000 -1.000000
vn -0.000000 -0.000000 -1.000000
vn -0.000000 -0.000000 -1.000000
vn -0.000000 -0.000000 -1.000000
vn -0.000000 -0.000000 -1.000000
vn -0.000000 -0.000000 -1.000000
vn -0.000000 -0.000000 -1.000000
vn -0.000000 -0.000000 -1.000000
vn -0.000000 -0.000000 -1.000000
vn -0.000000 -0.000000 -1.000000
vn -0.000000 -0.000000 -1.000000
vn -0.000000 -0.000000 -1.000000
vn -0.000000 -0.000000 -1.000000
vn -0.000000 -0.000000 -1.000000
vn -0.000000 -0.000000 -1.000000
vn -0.000000 -0.000000 -1.000000
vn -0.000000 -0.000000 -1.000000
vn -0.000000 -0.000000 -1.000000
vn -0.000000 -0.000000 -1.000000
vn -0.000000 -0.000000 -1.000000
vn -0.000000 -0.000000 -1.000000
vn -0.000000 -0.000000 -1.000000
vn -0.000000 -0.000000 -1.000000
vn -0.207911 -0.978144 -0.002669
vn -0.104361 -0.992931 -0.056539
vn 0.000000 -0.999996 -0.002669
vn 0.104361 -0.992931 -0.056539
vn 0.207911 -0.978144 -0.002669
vn 0.308523 -0.949535 -0.056539
vn 0.406735 -0.913542 -0.002669
vn 0.499200 -0.864640 -0.056539
vn 0.587783 -0.809014 -0.002669
vn 0.668060 -0.741956 -0.056539
vn 0.743142 -0.669128 -0.002669
vn 0.807723 -0.586845 -0.056539
vn 0.866022 -0.499998 -0.002669
vn 0.912084 -0.406086 -0.056539
vn 0.951053 -0.309016 -0.002669
vn 0.976583 -0.207579 -0.056539
vn 0.994518 -0.104528 -0.002669
vn 0.998400 0.000000 -0.056539
vn 0.994518 0.104528 -0.002669
vn 0.976583 0.207579 -0.056539
vn 0.951053 0.309016 -0.002669
vn 0.912084 0.406086 -0.056539
vn 0.866022 0.499998 -0.002669
vn 0.807723 0.586845 -0.056539
vn 0.743142 0.669128 -0.002669
vn 0.668060 0.741956 -0.056539
vn 0.587783 0.809014 -0.002669
vn 0.499200 0.864640 -0.056539
vn 0.406735 0.913542 -0.002669
vn 0.308523 0.949535 -0.056539
vn 0.207911 0.978144 -0.002669
vn 0.104361 0.992931 -0.056539
vn -0.000000 0.999996 -0.002669
vn -0.104361 0.992931 -0.056539
vn -0.207911 0.978144 -0.002669
vn -0.308523 0.949535 -0.056539
vn -0.406735 0.913542 -0.002669
vn -0.499200 0.864640 -0.056539
vn -0.587783 0.809014 -0.002669
vn -0.668060 0.741956 -0.056539
vn -0.743142 0.669128 -0.002669
vn -0.807723 0.586845 -0.056539
vn -0.866022 0.499998 -0.002669
vn -0.912084 0.406086 -0.056539
vn -0.951053 0.309016 -0.002669
vn -0.976583 0.207579 -0.056539
vn -0.994518 0.104528 -0.002669
vn -0.998400 0.000000 -0.056539
vn -0.994518 -0.104528 -0.002669
vn -0.976583 -0.207579 -0.056539
vn -0.951053 -0.309016 -0.002669
vn -0.912084 -0.406086 -0.056539
vn -0.866022 -0.499998 -0.002669
vn -0.807723 -0.586845 -0.056539
vn -0.743142 -0.669128 -0.002669
vn -0.668060 -0.741956 -0.056539
vn -0.587783 -0.809014 -0.002669
vn -0.499200 -0.864640 -0.056539
vn -0.406735 -0.913542 -0.002669
vn -0.308523 -0.949535 -0.056539
vn 0.245182 -0.915031 -0.320320
vn 0.100681 -0.957914 -0.268820
vn 0.000000 -0.947309 -0.320320
vn -0.100681 -0.957914 -0.268820
vn -0.245182 -0.915031 -0.320320
vn -0.297642 -0.916048 -0.268820
vn -0.473655 -0.820394 -0.320320
vn -0.481595 -0.834147 -0.268820
vn -0.644500 -0.715790 -0.268820
vn -0.488137 -0.845478 -0.216539
vn -0.653255 -0.725513 -0.216539
vn -0.493261 -0.854353 -0.163629
vn -0.660112 -0.733129 -0.163629
vn -0.496952 -0.860747 -0.110244
vn -0.665052 -0.738615 -0.110244
vn 0.297642 -0.916048 -0.268820
vn 0.473655 -0.820394 -0.320320
vn 0.481595 -0.834147 -0.268820
vn 0.644500 -0.715790 -0.268820
vn 0.653255 -0.725513 -0.216539
vn 0.789822 -0.573839 -0.216539
vn 0.798113 -0.579863 -0.163629
vn 0.901233 -0.401255 -0.163629
vn 0.907977 -0.404257 -0.110244
vn 0.972185 -0.206644 -0.110244
vn 0.669849 -0.669849 -0.320320
vn 0.779237 -0.566149 -0.268820
vn 0.891871 -0.397086 -0.216539
vn 0.964964 -0.205109 -0.163629
vn 0.993905 0.000000 -0.110244
vn 0.820394 -0.473655 -0.320320
vn 0.879918 -0.391765 -0.268820
vn 0.954940 -0.202979 -0.216539
vn 0.986522 0.000000 -0.163629
vn 0.972185 0.206644 -0.110244
vn 0.915031 -0.245182 -0.320320
vn 0.942142 -0.200259 -0.268820
vn 0.976274 0.000000 -0.216539
vn 0.964964 0.205109 -0.163629
vn 0.907977 0.404257 -0.110244
vn 0.947309 0.000000 -0.320320
vn 0.963190 0.000000 -0.268820
vn 0.954940 0.202979 -0.216539
vn 0.901233 0.401255 -0.163629
vn 0.804086 0.584202 -0.110244
vn 0.942142 0.200259 -0.268820
vn 0.915031 0.245182 -0.320320
vn 0.879918 0.391765 -0.268820
vn 0.820394 0.473655 -0.320320
vn 0.779237 0.566149 -0.268820
vn 0.669849 0.669849 -0.320320
vn 0.644500 0.715790 -0.268820
vn 0.473655 0.820394 -0.320320
vn 0.481595 0.834147 -0.268820
vn 0.297642 0.916048 -0.268820
vn 0.301685 0.928492 -0.216539
vn 0.102048 0.970926 -0.216539
vn 0.103120 0.981118 -0.163629
vn -0.103120 0.981118 -0.163629
vn -0.103891 0.988460 -0.110244
vn -0.307133 0.945259 -0.110244
vn 0.245182 0.915031 -0.320320
vn 0.100681 0.957914 -0.268820
vn -0.102048 0.970926 -0.216539
vn -0.304852 0.938238 -0.163629
vn -0.496952 0.860747 -0.110244
vn -0.000000 0.947309 -0.320320
vn -0.100681 0.957914 -0.268820
vn -0.301685 0.928492 -0.216539
vn -0.493261 0.854353 -0.163629
vn -0.665052 0.738615 -0.110244
vn -0.245182 0.915031 -0.320320
vn -0.297642 0.916048 -0.268820
vn -0.488137 0.845478 -0.216539
vn -0.660112 0.733129 -0.163629
vn -0.804086 0.584202 -0.110244
vn -0.473655 0.820394 -0.320320
vn -0.481595 0.834147 -0.268820
vn -0.653255 0.725513 -0.216539
vn -0.798113 0.579863 -0.163629
vn -0.907977 0.404257 -0.110244
vn -0.644500 0.715790 -0.268820
vn -0.669849 0.669849 -0.320320
vn -0.779237 0.566149 -0.268820
vn -0.820394 0.473655 -0.320320
vn -0.879918 0.391765 -0.268820
vn -0.915031 0.245182 -0.320320
vn -0.942142 0.200259 -0.268820
vn -0.947309 0.000000 -0.320320
vn -0.963190 0.000000 -0.268820
vn -0.942142 -0.200259 -0.268820
vn -0.954940 -0.202979 -0.216539
vn -0.891871 -0.397086 -0.216539
vn -0.901233 -0.401255 -0.163629
vn -0.798113 -0.579863 -0.163629
vn -0.804086 -0.584202 -0.110244
vn -0.915031 -0.245182 -0.320320
vn -0.879918 -0.391765 -0.268820
vn -0.789822 -0.573839 -0.216539
vn -0.820394 -0.473655 -0.320320
vn -0.779237 -0.566149 -0.268820
vn -0.669849 -0.669849 -0.320320
vn -0.993905 -0.000000 -0.110244
vn -0.972185 -0.206644 -0.110244
vn -0.907977 -0.404257 -0.110244
vn -0.986522 -0.000000 -0.163629
vn -0.964964 -0.205109 -0.163629
vn -0.972185 0.206644 -0.110244
vn -0.976274 -0.000000 -0.216539
vn -0.964964 0.205109 -0.163629
vn -0.901233 0.401255 -0.163629
vn -0.954940 0.202979 -0.216539
vn -0.891871 0.397086 -0.216539
vn -0.789822 0.573839 -0.216539
vn -0.103891 -0.988460 -0.110244
vn 0.103891 -0.988460 -0.110244
vn 0.307133 -0.945259 -0.110244
vn 0.496952 -0.860747 -0.110244
vn 0.665052 -0.738615 -0.110244
vn 0.804086 -0.584202 -0.110244
vn -0.103120 -0.981118 -0.163629
vn 0.103120 -0.981118 -0.163629
vn 0.304852 -0.938238 -0.163629
vn 0.493261 -0.854353 -0.163629
vn 0.660112 -0.733129 -0.163629
vn -0.307133 -0.945259 -0.110244
vn -0.102048 -0.970926 -0.216539
vn 0.102048 -0.970926 -0.216539
vn 0.301685 -0.928492 -0.216539
vn 0.488137 -0.845478 -0.216539
vn -0.304852 -0.938238 -0.163629
vn -0.301685 -0.928492 -0.216539
vn 0.103891 0.988460 -0.110244
vn 0.304852 0.938238 -0.163629
vn 0.488137 0.845478 -0.216539
vn 0.307133 0.945259 -0.110244
vn 0.493261 0.854353 -0.163629
vn 0.653255 0.725513 -0.216539
vn 0.496952 0.860747 -0.110244
vn 0.660112 0.733129 -0.163629
vn 0.789822 0.573839 -0.216539
vn 0.665052 0.738615 -0.110244
vn 0.798113 0.579863 -0.163629
vn 0.891871 0.397086 -0.216539
vn -0.000000 -0.000000 -1.000000
vn -0.000000 -0.000000 -1.000000
vn -0.000000 -0.000000 -1.000000
vn -0.000000 -0.000000 -1.000000
vn -0.000000 -0.000000 -1.000000
vn -0.000000 -0.000000 -1.000000
vn -0.000000 -0.000000 -1.000000
vn -0.000000 -0.000000 -1.000000
vn -0.000000 -0.000000 -1.000000
vn -0.000000 -0.000000 -1.000000
vn -0.000000 -0.000000 -1.000000
vn -0.000000 -0.000000 -1.000000
vn -0.000000 -0.000000 -1.000000
vn -0.000000 -0.000000 -1.000000
vn -0.000000 -0.000000 -1.000000
vn -0.000000 -0.000000 -1.000000
vn -0.000000 -0.000000 -1.000000
vn -0.000000 -0.000000 -1.000000
vn -0.000000 -0.000000 -1.000000
vn -0.000000 -0.000000 -1.000000
vn -0.000000 -0.000000 -1.000000
vn -0.000000 -0.000000 -1.000000
vn -0.000000 -0.000000 -1.000000
vn -0.000000 -0.000000 -1.000000
vn -0.000000 -0.000000 -1.000000
vn -0.000000 -0.000000 -1.000000
vn -0.000000 -0.000000 -1.000000
vn -0.000000 -0.000000 -1.000000
vn -0.000000 -0.000000 -1.000000
vn -0.000000 -0.000000 -1.000000
vn -0.000000 -0.000000 -1.000000
vn -0.000000 -0.000000 -1.000000
vn -0.000000 -0.000000 -1.000000
vn -0.000000 -0.000000 -1.000000
vn -0.000000 -0.000000 -1.000000
vn -0.000000 -0.000000 -1.000000
vn -0.000000 -0.000000 -1.000000
vn -0.000000 -0.000000 -1.000000
vn -0.000000 -0.000000 -1.000000
vn -0.000000 -0.000000 -1.000000
vn -0.000000 -0.000000 -1.000000
vn -0.000000 -0.000000 -1.000000
vn -0.000000 -0.000000 -1.000000
vn -0.000000 -0.000000 -1.000000
vn -0.000000 -0.000000 -1.000000
vn -0.000000 -0.000000 -1.000000
vn -0.000000 -0.000000 -1.000000
vn -0.000000 -0.000000 -1.000000
vn -0.000000 -0.000000 -1.000000
vn -0.000000 -0.000000 -1.000000
vn -0.000000 -0.000000 -1.000000
vn -0.000000 -0.000000 -1.000000
vn -0.000000 -0.000000 -1.000000
vn -0.000000 -0.000000 -1.000000
vn -0.000000 -0.000000 -1.000000
vn -0.000000 -0.000000 -1.000000
vn -0.000000 -0.000000 -1.000000
vn -0.000000 -0.000000 -1.000000
vn -0.000000 -0.000000 -1.000000
vn -0.207912 0.978148 -0.000000
vn -0.104349 0.992810 0.058651
vn -0.000000 1.000000 0.000000
vn 0.104349 0.992810 0.058651
vn 0.207912 0.978148 0.000000
vn 0.308485 0.949419 0.058651
vn 0.406737 0.913545 0.000000
vn 0.499139 0.864535 0.058651
vn 0.587785 0.809017 0.000000
vn 0.667979 0.741866 0.058651
vn 0.743145 0.669131 0.000000
vn 0.807624 0.586773 0.058651
vn 0.866025 0.500000 0.000000
vn 0.911973 0.406036 0.058651
vn 0.951057 0.309017 0.000000
vn 0.976464 0.207554 0.058651
vn 0.994522 0.104528 0.000000
vn 0.998279 0.000000 0.058651
vn 0.994522 -0.104528 0.000000
vn 0.976464 -0.207554 0.058651
vn 0.951057 -0.309017 -0.000000
vn 0.911973 -0.406036 0.058651
vn 0.866025 -0.500000 -0.000000
vn 0.807624 -0.586773 0.058651
vn 0.743145 -0.669131 -0.000000
vn 0.667979 -0.741866 0.058651
vn 0.587785 -0.809017 -0.000000
vn 0.499139 -0.864535 0.058651
vn 0.406737 -0.913545 -0.000000
vn 0.308485 -0.949419 0.058651
vn 0.207912 -0.978148 -0.000000
vn 0.104349 -0.992810 0.058651
vn 0.000000 -1.000000 -0.000000
vn -0.104349 -0.992810 0.058651
vn -0.207912 -0.978148 -0.000000
vn -0.308485 -0.949419 0.058651
vn -0.406737 -0.913545 -0.000000
vn -0.499139 -0.864535 0.058651
vn -0.587785 -0.809017 -0.000000
vn -0.667979 -0.741866 0.058651
vn -0.743145 -0.669131 -0.000000
vn -0.807624 -0.586773 0.058651
vn -0.866025 -0.500000 -0.000000
vn -0.911973 -0.406036 0.058651
vn -0.951057 -0.309017 -0.000000
vn -0.976464 -0.207554 0.058651
vn -0.994522 -0.104528 -0.000000
vn -0.998279 0.000000 0.058651
vn -0.994522 0.104528 -0.000000
vn -0.976464 0.207554 0.058651
vn -0.951057 0.309017 -0.000000
vn -0.911973 0.406036 0.058651
vn -0.866025 0.500000 -0.000000
vn -0.807624 0.586773 0.058651
vn -0.743145 0.669131 -0.000000
vn -0.667979 0.741866 0.058651
vn -0.587785 0.809017 -0.000000
vn -0.499139 0.864535 0.058651
vn -0.406737 0.913545 -0.000000
vn -0.308485 0.949419 0.058651
vn 0.938648 -0.000000 0.344876
vn 0.916805 -0.000000 0.399334
vn 0.918137 -0.195156 0.344876
vn 0.896771 -0.190615 0.399334
vn 0.857498 -0.381783 0.344876
vn 0.837543 -0.372898 0.399334
vn 0.759382 -0.551724 0.344876
vn 0.741711 -0.538885 0.399334
vn 0.628078 -0.697552 0.344876
vn 0.613463 -0.681319 0.399334
vn 0.469324 -0.812893 0.344876
vn 0.458403 -0.793977 0.399334
vn 0.290058 -0.892708 0.344876
vn 0.283308 -0.871934 0.399334
vn 0.098115 -0.933506 0.344876
vn 0.095832 -0.911783 0.399334
vn -0.098115 -0.933506 0.344876
vn -0.095832 -0.911783 0.399334
vn -0.290058 -0.892708 0.344876
vn -0.283308 -0.871934 0.399334
vn -0.469324 -0.812893 0.344876
vn -0.628078 -0.697552 0.344876
vn -0.613463 -0.681319 0.399334
vn -0.759382 -0.551724 0.344876
vn -0.741711 -0.538885 0.399334
vn -0.857498 -0.381783 0.344876
vn -0.837543 -0.372898 0.399334
vn -0.918137 -0.195156 0.344876
vn -0.896771 -0.190615 0.399334
vn -0.938648 0.000000 0.344876
vn -0.916805 0.000000 0.399334
vn -0.918137 0.195156 0.344876
vn -0.896771 0.190615 0.399334
vn -0.857498 0.381783 0.344876
vn -0.837543 0.372898 0.399334
vn -0.759382 0.551724 0.344876
vn -0.741711 0.538885 0.399334
vn -0.628078 0.697552 0.344876
vn -0.613463 0.681319 0.399334
vn -0.469324 0.812893 0.344876
vn -0.290058 0.892708 0.344876
vn -0.283308 0.871934 0.399334
vn -0.098115 0.933506 0.344876
vn -0.095832 0.911783 0.399334
vn 0.098115 0.933506 0.344876
vn 0.095832 0.911783 0.399334
vn 0.290058 0.892708 0.344876
vn 0.283308 0.871934 0.399334
vn 0.469324 0.812893 0.344876
vn 0.458403 0.793977 0.399334
vn 0.628078 0.697552 0.344876
vn 0.613463 0.681319 0.399334
vn 0.759382 0.551724 0.344876
vn 0.741711 0.538885 0.399334
vn 0.857498 0.381783 0.344876
vn 0.837543 0.372898 0.399334
vn 0.918137 0.195156 0.344876
vn 0.896771 0.190615 0.399334
vn 0.993120 -0.000000 0.117100
vn 0.971418 -0.206481 0.117100
vn 0.907260 -0.403938 0.117100
vn 0.803451 -0.583741 0.117100
vn 0.664527 -0.738032 0.117100
vn 0.496560 -0.860067 0.117100
vn 0.306891 -0.944513 0.117100
vn 0.103809 -0.987680 0.117100
vn -0.103809 -0.987680 0.117100
vn -0.306891 -0.944513 0.117100
vn -0.496560 -0.860067 0.117100
vn -0.664527 -0.738032 0.117100
vn -0.803451 -0.583741 0.117100
vn -0.907260 -0.403938 0.117100
vn -0.971418 -0.206481 0.117100
vn -0.993120 0.000000 0.117100
vn -0.971418 0.206481 0.117100
vn -0.907260 0.403938 0.117100
vn -0.803451 0.583741 0.117100
vn -0.664527 0.738032 0.117100
vn -0.496560 0.860067 0.117100
vn -0.306891 0.944513 0.117100
vn -0.103809 0.987680 0.117100
vn 0.103809 0.987680 0.117100
vn 0.306891 0.944513 0.117100
vn 0.496560 0.860067 0.117100
vn 0.664527 0.738032 0.117100
vn 0.803451 0.583741 0.117100
vn 0.907260 0.403938 0.117100
vn 0.971418 0.206481 0.117100
vn 0.984543 -0.000000 0.175145
vn 0.963028 -0.204698 0.175145
vn 0.899424 -0.400450 0.175145
vn 0.796512 -0.578700 0.175145
vn 0.658788 -0.731658 0.175145
vn 0.492271 -0.852639 0.175145
vn 0.304240 -0.936356 0.175145
vn 0.102913 -0.979149 0.175145
vn -0.102913 -0.979149 0.175145
vn -0.304240 -0.936356 0.175145
vn -0.492271 -0.852639 0.175145
vn -0.658788 -0.731658 0.175145
vn -0.796512 -0.578700 0.175145
vn -0.899424 -0.400450 0.175145
vn -0.963028 -0.204698 0.175145
vn -0.984543 0.000000 0.175145
vn -0.963028 0.204698 0.175145
vn -0.899424 0.400450 0.175145
vn -0.796512 0.578700 0.175145
vn -0.658788 0.731658 0.175145
vn -0.492271 0.852639 0.175145
vn -0.304240 0.936356 0.175145
vn -0.102913 0.979149 0.175145
vn 0.102913 0.979149 0.175145
vn 0.304240 0.936356 0.175145
vn 0.492271 0.852639 0.175145
vn 0.658788 0.731658 0.175145
vn 0.796512 0.578700 0.175145
vn 0.899424 0.400450 0.175145
vn 0.963028 0.204698 0.175145
vn 0.972575 -0.000000 0.232588
vn 0.951322 -0.202210 0.232588
vn 0.888492 -0.395582 0.232588
vn 0.786830 -0.571665 0.232588
vn 0.650780 -0.722764 0.232588
vn 0.486288 -0.842275 0.232588
vn 0.300542 -0.924974 0.232588
vn 0.101662 -0.967248 0.232588
vn -0.101662 -0.967248 0.232588
vn -0.300542 -0.924974 0.232588
vn -0.486288 -0.842275 0.232588
vn -0.650780 -0.722764 0.232588
vn -0.786830 -0.571665 0.232588
vn -0.888492 -0.395582 0.232588
vn -0.951322 -0.202210 0.232588
vn -0.972575 0.000000 0.232588
vn -0.951322 0.202210 0.232588
vn -0.888492 0.395582 0.232588
vn -0.786830 0.571665 0.232588
vn -0.650780 0.722764 0.232588
vn -0.486288 0.842275 0.232588
vn -0.300542 0.924974 0.232588
vn -0.101662 0.967248 0.232588
vn 0.101662 0.967248 0.232588
vn 0.300542 0.924974 0.232588
vn 0.486288 0.842275 0.232588
vn 0.650780 0.722764 0.232588
vn 0.786830 0.571665 0.232588
vn 0.888492 0.395582 0.232588
vn 0.951322 0.202210 0.232588
vn 0.957260 -0.000000 0.289230
vn 0.936341 -0.199025 0.289230
vn 0.874500 -0.389353 0.289230
vn 0.774439 -0.562663 0.289230
vn 0.640532 -0.711383 0.289230
vn 0.478630 -0.829011 0.289230
vn 0.295810 -0.910408 0.289230
vn 0.100061 -0.952016 0.289230
vn -0.100061 -0.952016 0.289230
vn -0.295810 -0.910408 0.289230
vn -0.478630 -0.829011 0.289230
vn -0.640532 -0.711383 0.289230
vn -0.774439 -0.562663 0.289230
vn -0.874500 -0.389353 0.289230
vn -0.936341 -0.199025 0.289230
vn -0.957260 0.000000 0.289230
vn -0.936341 0.199025 0.289230
vn -0.874500 0.389353 0.289230
vn -0.774439 0.562663 0.289230
vn -0.640532 0.711383 0.289230
vn -0.478630 0.829011 0.289230
vn -0.295810 0.910408 0.289230
vn -0.100061 0.952016 0.289230
vn 0.100061 0.952016 0.289230
vn 0.295810 0.910408 0.289230
vn 0.478630 0.829011 0.289230
vn 0.640532 0.711383 0.289230
vn 0.774439 0.562663 0.289230
vn 0.874500 0.389353 0.289230
vn 0.936341 0.199025 0.289230
vn -0.458403 -0.793977 0.399334
vn -0.458403 0.793977 0.399334
vn -0.000000 -0.000000 -1.000000
vn -0.000000 -0.000000 -1.000000
vn -0.000000 -0.000000 -1.000000
vn -0.000000 -0.000000 -1.000000
vn -0.000000 -0.000000 -1.000000
vn -0.000000 -0.000000 -1.000000
vn -0.000000 -0.000000 -1.000000
vn -0.000000 -0.000000 -1.000000
vn -0.000000 -0.000000 -1.000000
vn -0.000000 -0.000000 -1.000000
vn -0.000000 -0.000000 -1.000000
vn -0.000000 -0.000000 -1.000000
vn -0.000000 -0.000000 -1.000000
vn -0.000000 -0.000000 -1.000000
vn -0.000000 -0.000000 -1.000000
vn -0.000000 -0.000000 -1.000000
vn -0.000000 -0.000000 -1.000000
vn -0.000000 -0.000000 -1.000000
vn -0.000000 -0.000000 -1.000000
vn -0.000000 -0.000000 -1.000000
vn -0.000000 -0.000000 -1.000000
vn -0.000000 -0.000000 -1.000000
vn -0.000000 -0.000000 -1.000000
vn -0.000000 -0.000000 -1.000000
vn 0.000000 0.000000 1.000000
vn 0.000000 0.000000 1.000000
vn 0.000000 0.000000 1.000000
vn 0.000000 0.000000 1.000000
vn 0.000000 0.000000 1.000000
vn 0.000000 0.000000 1.000000
vn 0.000000 0.000000 1.000000
vn 0.000000 0.000000 1.000000
vn 0.000000 0.000000 1.000000
vn 0.000000 0.000000 1.000000
vn 0.000000 0.000000 1.000000
vn 0.000000 0.000000 1.000000
vn 0.000000 0.000000 1.000000
vn 0.000000 0.000000 1.000000
vn 0.000000 0.000000 1.000000
vn 0.000000 0.000000 1.000000
vn 0.000000 0.000000 1.000000
vn 0.000000 0.000000 1.000000
vn 0.000000 0.000000 1.000000
vn 0.000000 0.000000 1.000000
vn 0.000000 0.000000 1.000000
vn 0.000000 0.000000 1.000000
vn 0.000000 0.000000 1.000000
vn 0.000000 0.000000 1.000000
vn 0.000000 0.000000 1.000000
vn 0.000000 0.000000 1.000000
vn 0.000000 0.000000 1.000000
vn 0.000000 0.000000 1.000000
vn 0.000000 0.000000 1.000000
vn 0.000000 0.000000 1.000000
vn 0.000000 0.000000 1.000000
vn 0.000000 0.000000 1.000000
vn 0.000000 0.000000 1.000000
vn 0.000000 0.000000 1.000000
vn 0.000000 0.000000 1.000000
vn 0.000000 0.000000 1.000000
vn 0.000000 0.000000 1.000000
vn 0.000000 0.000000 1.000000
vn 0.000000 0.000000 1.000000
vn 0.000000 0.000000 1.000000
vn 0.000000 0.000000 1.000000
vn 0.000000 0.000000 1.000000
vn 0.000000 0.000000 1.000000
vn 0.000000 0.000000 1.000000
vn 0.000000 0.000000 1.000000
vn 0.000000 0.000000 1.000000
vn 0.000000 0.000000 1.000000
vn 0.000000 0.000000 1.000000
vn 0.000000 0.000000 1.000000
vn 0.000000 0.000000 1.000000
vn 0.000000 0.000000 1.000000
vn 0.000000 0.000000 1.000000
vn 0.000000 0.000000 1.000000
vn 0.000000 0.000000 1.000000
vn 0.000000 0.000000 1.000000
vn 0.000000 0.000000 1.000000
vn 0.000000 0.000000 1.000000
vn 0.000000 0.000000 1.000000
vn 0.000000 0.000000 1.000000
vn -0.214970 -0.976621 0.000000
vn -0.161782 -0.986827 0.000000
vn -0.000000 -1.000000 0.000000
vn 0.054139 -0.998533 0.000000
vn 0.214970 -0.976621 0.000000
vn 0.267528 -0.963550 0.000000
vn 0.419889 -0.907575 0.000000
vn 0.468408 -0.883512 0.000000
vn 0.605174 -0.796093 0.000000
vn 0.647386 -0.762162 0.000000
vn 0.762162 -0.647386 0.000000
vn 0.796093 -0.605174 0.000000
vn 0.883512 -0.468408 0.000000
vn 0.907575 -0.419889 0.000000
vn 0.963550 -0.267528 0.000000
vn 0.976621 -0.214970 0.000000
vn 0.998533 -0.054139 0.000000
vn 1.000000 -0.000000 0.000000
vn 0.986827 0.161782 -0.000000
vn 0.976621 0.214970 -0.000000
vn 0.928977 0.370138 -0.000000
vn 0.907575 0.419889 -0.000000
vn 0.827689 0.561187 -0.000000
vn 0.796093 0.605174 -0.000000
vn 0.687699 0.725995 -0.000000
vn 0.647386 0.762162 -0.000000
vn 0.515554 0.856857 -0.000000
vn 0.468408 0.883512 -0.000000
vn 0.319302 0.947653 -0.000000
vn 0.267528 0.963550 -0.000000
vn 0.108119 0.994138 -0.000000
vn 0.054139 0.998533 -0.000000
vn -0.108119 0.994138 0.000000
vn -0.161782 0.986827 0.000000
vn -0.319302 0.947653 0.000000
vn -0.370138 0.928977 0.000000
vn -0.515554 0.856857 0.000000
vn -0.561187 0.827689 0.000000
vn -0.687699 0.725995 0.000000
vn -0.725995 0.687699 0.000000
vn -0.827689 0.561187 0.000000
vn -0.856857 0.515554 0.000000
vn -0.928977 0.370138 0.000000
vn -0.947653 0.319302 0.000000
vn -0.986827 0.161782 0.000000
vn -0.994138 0.108119 0.000000
vn -0.998533 -0.054139 0.000000
vn -0.994138 -0.108119 0.000000
vn -0.963550 -0.267528 0.000000
vn -0.947653 -0.319302 0.000000
vn -0.883512 -0.468408 0.000000
vn -0.856857 -0.515554 0.000000
vn -0.762162 -0.647386 0.000000
vn -0.725995 -0.687699 0.000000
vn -0.605174 -0.796093 0.000000
vn -0.561187 -0.827689 0.000000
vn -0.419889 -0.907575 0.000000
vn -0.370138 -0.928977 0.000000
usemtl Boya_-_Parlak_Emaye_(Yeşil)
f 230/399/391 276/400/392 229/401/393
f 229/401/393 276/400/392 253/402/394
f 229/401/393 253/402/394 252/403/395
f 252/403/395 253/402/394 254/404/396
f 252/403/395 254/404/396 251/405/397
f 251/405/397 254/404/396 255/406/398
f 251/405/397 255/406/398 250/407/399
f 250/407/399 255/406/398 256/408/400
f 250/407/399 256/408/400 249/409/401
f 249/409/401 256/408/400 257/410/402
f 249/409/401 257/410/402 248/411/403
f 248/411/403 257/410/402 258/412/404
f 248/411/403 258/412/404 247/413/405
f 247/413/405 258/412/404 259/414/406
f 247/413/405 259/414/406 246/415/407
f 246/415/407 259/414/406 260/416/408
f 246/415/407 260/416/408 245/417/409
f 245/417/409 260/416/408 261/418/410
f 245/417/409 261/418/410 244/419/411
f 244/419/411 261/418/410 262/420/412
f 244/419/411 262/420/412 243/421/413
f 243/421/413 262/420/412 263/422/414
f 243/421/413 263/422/414 242/423/415
f 242/423/415 263/422/414 264/424/416
f 242/423/415 264/424/416 241/425/417
f 241/425/417 264/424/416 265/426/418
f 241/427/417 265/428/418 240/429/419
f 240/429/419 265/428/418 266/430/420
f 240/429/419 266/430/420 239/431/421
f 239/431/421 266/430/420 267/432/422
f 239/431/421 267/432/422 238/433/423
f 238/433/423 267/432/422 268/434/424
f 238/433/423 268/434/424 237/435/425
f 237/435/425 268/434/424 269/436/426
f 237/435/425 269/436/426 236/437/427
f 236/437/427 269/436/426 270/438/428
f 236/437/427 270/438/428 235/439/429
f 235/439/429 270/438/428 271/440/430
f 235/439/429 271/440/430 234/441/431
f 234/441/431 271/440/430 272/442/432
f 234/441/431 272/442/432 233/443/433
f 233/443/433 272/442/432 273/444/434
f 233/443/433 273/444/434 232/445/435
f 232/445/435 273/444/434 274/446/436
f 232/445/435 274/446/436 231/447/437
f 231/447/437 274/446/436 275/448/438
f 231/447/437 275/448/438 230/399/391
f 230/399/391 275/448/438 276/400/392
f 300/449/439 277/450/440 229/451/441
f 229/451/441 277/450/440 278/452/442
f 229/451/441 278/452/442 230/453/443
f 230/453/443 278/452/442 279/454/444
f 230/453/443 279/454/444 231/455/445
f 231/455/445 279/454/444 280/456/446
f 231/455/445 280/456/446 232/457/447
f 232/457/447 280/456/446 281/458/448
f 232/457/447 281/458/448 233/459/449
f 233/459/449 281/458/448 282/460/450
f 233/459/449 282/460/450 234/461/451
f 234/461/451 282/460/450 283/462/452
f 234/461/451 283/462/452 235/463/453
f 235/463/453 283/462/452 236/464/454
f 236/464/454 283/462/452 284/465/455
f 236/464/454 284/465/455 237/466/456
f 237/466/456 284/465/455 285/467/457
f 237/466/456 285/467/457 238/468/458
f 238/468/458 285/467/457 286/469/459
f 238/468/458 286/469/459 239/470/460
f 239/470/460 286/469/459 287/471/461
f 239/470/460 287/471/461 240/472/462
f 240/472/462 287/471/461 288/473/463
f 240/472/462 288/473/463 241/474/464
f 241/474/464 288/473/463 289/475/465
f 241/474/464 289/475/465 290/476/466
f 241/474/464 290/476/466 242/477/467
f 242/477/467 290/476/466 291/478/468
f 242/477/467 291/478/468 243/479/469
f 243/479/469 291/478/468 292/480/470
f 243/479/469 292/480/470 244/481/471
f 244/481/471 292/480/470 293/482/472
f 244/481/471 293/482/472 245/483/473
f 245/483/473 293/482/472 294/484/474
f 245/483/473 294/484/474 246/485/475
f 246/485/475 294/484/474 247/486/476
f 247/486/476 294/484/474 295/487/477
f 247/486/476 295/487/477 248/488/478
f 248/488/478 295/487/477 296/489/479
f 248/488/478 296/489/479 249/490/480
f 249/490/480 296/489/479 297/491/481
f 249/490/480 297/491/481 250/492/482
f 250/492/482 297/491/481 298/493/483
f 250/492/482 298/493/483 251/494/484
f 251/494/484 298/493/483 299/495/485
f 251/494/484 299/495/485 252/496/486
f 252/496/486 299/495/485 300/449/439
f 252/496/486 300/449/439 229/451/441
f 302/497/487 336/498/488 301/499/489
f 301/499/489 336/498/488 345/500/490
f 301/499/489 345/500/490 330/501/491
f 330/501/491 345/500/490 476/502/492
f 330/501/491 476/502/492 329/503/493
f 329/503/493 476/502/492 471/504/494
f 329/503/493 471/504/494 328/505/495
f 328/505/495 471/504/494 466/506/496
f 328/505/495 466/506/496 327/507/497
f 327/507/497 466/506/496 461/508/498
f 327/507/497 461/508/498 326/509/499
f 326/509/499 461/508/498 456/510/500
f 326/509/499 456/510/500 325/511/501
f 325/511/501 456/510/500 451/512/502
f 325/511/501 451/512/502 324/513/503
f 324/513/503 451/512/502 446/514/504
f 324/513/503 446/514/504 323/515/505
f 323/515/505 446/514/504 441/516/506
f 323/515/505 441/516/506 322/517/507
f 322/517/507 441/516/506 436/518/508
f 322/517/507 436/518/508 321/519/509
f 321/519/509 436/518/508 431/520/510
f 321/519/509 431/520/510 320/521/511
f 320/521/511 431/520/510 426/522/512
f 320/521/511 426/522/512 319/523/513
f 319/523/513 426/522/512 421/524/514
f 319/523/513 421/524/514 318/525/515
f 318/525/515 421/524/514 416/526/516
f 318/525/515 416/526/516 317/527/517
f 317/527/517 416/526/516 411/528/518
f 317/527/517 411/528/518 316/529/519
f 316/529/519 411/528/518 406/530/520
f 316/529/519 406/530/520 315/531/521
f 315/531/521 406/530/520 401/532/522
f 315/531/521 401/532/522 314/533/523
f 314/533/523 401/532/522 396/534/524
f 314/533/523 396/534/524 313/535/525
f 313/535/525 396/534/524 391/536/526
f 313/535/525 391/536/526 312/537/527
f 312/537/527 391/536/526 386/538/528
f 312/537/527 386/538/528 311/539/529
f 311/539/529 386/538/528 381/540/530
f 311/539/529 381/540/530 310/541/531
f 310/541/531 381/540/530 376/542/532
f 310/541/531 376/542/532 309/543/533
f 309/543/533 376/542/532 331/544/534
f 309/543/533 331/544/534 308/545/535
f 308/546/535 331/547/534 371/548/536
f 308/546/535 371/548/536 307/549/537
f 307/549/537 371/548/536 366/550/538
f 307/549/537 366/550/538 306/551/539
f 306/551/539 366/550/538 361/552/540
f 306/551/539 361/552/540 305/553/541
f 305/553/541 361/552/540 356/554/542
f 305/553/541 356/554/542 304/555/543
f 304/555/543 356/554/542 351/556/544
f 304/555/543 351/556/544 303/557/545
f 303/557/545 351/556/544 346/558/546
f 303/557/545 346/558/546 302/497/487
f 302/497/487 346/558/546 336/498/488
f 300/559/547 341/560/548 277/561/549
f 277/561/549 341/560/548 340/562/550
f 277/561/549 340/562/550 278/563/551
f 278/563/551 340/562/550 350/564/552
f 278/563/551 350/564/552 279/565/553
f 279/565/553 350/564/552 355/566/554
f 279/565/553 355/566/554 360/567/555
f 360/567/555 355/566/554 354/568/556
f 360/567/555 354/568/556 359/569/557
f 359/569/557 354/568/556 353/570/558
f 359/569/557 353/570/558 358/571/559
f 358/571/559 353/570/558 352/572/560
f 358/571/559 352/572/560 357/573/561
f 357/573/561 352/572/560 351/556/544
f 357/573/561 351/556/544 356/554/542
f 341/560/548 300/559/547 480/574/562
f 480/574/562 300/559/547 299/575/563
f 480/574/562 299/575/563 475/576/564
f 475/576/564 299/575/563 470/577/565
f 475/576/564 470/577/565 469/578/566
f 469/578/566 470/577/565 464/579/567
f 469/578/566 464/579/567 463/580/568
f 463/580/568 464/579/567 458/581/569
f 463/580/568 458/581/569 457/582/570
f 457/582/570 458/581/569 452/583/571
f 457/582/570 452/583/571 451/512/502
f 451/512/502 452/583/571 446/514/504
f 299/575/563 298/584/572 470/577/565
f 470/577/565 298/584/572 465/585/573
f 470/577/565 465/585/573 464/579/567
f 464/579/567 465/585/573 459/586/574
f 464/579/567 459/586/574 458/581/569
f 458/581/569 459/586/574 453/587/575
f 458/581/569 453/587/575 452/583/571
f 452/583/571 453/587/575 447/588/576
f 452/583/571 447/588/576 446/514/504
f 446/514/504 447/588/576 441/516/506
f 298/584/572 297/589/577 465/585/573
f 465/585/573 297/589/577 460/590/578
f 465/585/573 460/590/578 459/586/574
f 459/586/574 460/590/578 454/591/579
f 459/586/574 454/591/579 453/587/575
f 453/587/575 454/591/579 448/592/580
f 453/587/575 448/592/580 447/588/576
f 447/588/576 448/592/580 442/593/581
f 447/588/576 442/593/581 441/516/506
f 441/516/506 442/593/581 436/518/508
f 297/589/577 296/594/582 460/590/578
f 460/590/578 296/594/582 455/595/583
f 460/590/578 455/595/583 454/591/579
f 454/591/579 455/595/583 449/596/584
f 454/591/579 449/596/584 448/592/580
f 448/592/580 449/596/584 443/597/585
f 448/592/580 443/597/585 442/593/581
f 442/593/581 443/597/585 437/598/586
f 442/593/581 437/598/586 436/518/508
f 436/518/508 437/598/586 431/520/510
f 296/594/582 295/599/587 455/595/583
f 455/595/583 295/599/587 450/600/588
f 455/595/583 450/600/588 449/596/584
f 449/596/584 450/600/588 444/601/589
f 449/596/584 444/601/589 443/597/585
f 443/597/585 444/601/589 438/602/590
f 443/597/585 438/602/590 437/598/586
f 437/598/586 438/602/590 432/603/591
f 437/598/586 432/603/591 431/520/510
f 431/520/510 432/603/591 426/522/512
f 450/600/588 295/599/587 445/604/592
f 445/604/592 295/599/587 294/605/593
f 445/604/592 294/605/593 440/606/594
f 440/606/594 294/605/593 293/607/595
f 440/606/594 293/607/595 435/608/596
f 435/608/596 293/607/595 292/609/597
f 435/608/596 292/609/597 430/610/598
f 430/610/598 292/609/597 291/611/599
f 430/610/598 291/611/599 425/612/600
f 425/612/600 291/611/599 420/613/601
f 425/612/600 420/613/601 419/614/602
f 419/614/602 420/613/601 414/615/603
f 419/614/602 414/615/603 413/616/604
f 413/616/604 414/615/603 408/617/605
f 413/616/604 408/617/605 407/618/606
f 407/618/606 408/617/605 402/619/607
f 407/618/606 402/619/607 401/532/522
f 401/532/522 402/619/607 396/534/524
f 291/611/599 290/620/608 420/613/601
f 420/613/601 290/620/608 415/621/609
f 420/613/601 415/621/609 414/615/603
f 414/615/603 415/621/609 409/622/610
f 414/615/603 409/622/610 408/617/605
f 408/617/605 409/622/610 403/623/611
f 408/617/605 403/623/611 402/619/607
f 402/619/607 403/623/611 397/624/612
f 402/619/607 397/624/612 396/534/524
f 396/534/524 397/624/612 391/536/526
f 290/620/608 289/625/613 415/621/609
f 415/621/609 289/625/613 410/626/614
f 415/621/609 410/626/614 409/622/610
f 409/622/610 410/626/614 404/627/615
f 409/622/610 404/627/615 403/623/611
f 403/623/611 404/627/615 398/628/616
f 403/623/611 398/628/616 397/624/612
f 397/624/612 398/628/616 392/629/617
f 397/624/612 392/629/617 391/536/526
f 391/536/526 392/629/617 386/538/528
f 289/625/613 288/630/618 410/626/614
f 410/626/614 288/630/618 405/631/619
f 410/626/614 405/631/619 404/627/615
f 404/627/615 405/631/619 399/632/620
f 404/627/615 399/632/620 398/628/616
f 398/628/616 399/632/620 393/633/621
f 398/628/616 393/633/621 392/629/617
f 392/629/617 393/633/621 387/634/622
f 392/629/617 387/634/622 386/538/528
f 386/538/528 387/634/622 381/540/530
f 288/630/618 287/635/623 405/631/619
f 405/631/619 287/635/623 400/636/624
f 405/631/619 400/636/624 399/632/620
f 399/632/620 400/636/624 394/637/625
f 399/632/620 394/637/625 393/633/621
f 393/633/621 394/637/625 388/638/626
f 393/633/621 388/638/626 387/634/622
f 387/634/622 388/638/626 382/639/627
f 387/634/622 382/639/627 381/540/530
f 381/540/530 382/639/627 376/542/532
f 400/636/624 287/635/623 395/640/628
f 395/640/628 287/635/623 286/641/629
f 395/640/628 286/641/629 390/642/630
f 390/642/630 286/641/629 285/643/631
f 390/642/630 285/643/631 385/644/632
f 385/644/632 285/643/631 284/645/633
f 385/644/632 284/645/633 380/646/634
f 380/646/634 284/645/633 283/647/635
f 380/646/634 283/647/635 335/648/636
f 335/649/636 283/650/635 375/651/637
f 335/649/636 375/651/637 374/652/638
f 374/652/638 375/651/637 369/653/639
f 374/652/638 369/653/639 368/654/640
f 368/654/640 369/653/639 363/655/641
f 368/654/640 363/655/641 362/656/642
f 362/656/642 363/655/641 357/573/561
f 362/656/642 357/573/561 356/554/542
f 283/650/635 282/657/643 375/651/637
f 375/651/637 282/657/643 370/658/644
f 375/651/637 370/658/644 369/653/639
f 369/653/639 370/658/644 364/659/645
f 369/653/639 364/659/645 363/655/641
f 363/655/641 364/659/645 358/571/559
f 363/655/641 358/571/559 357/573/561
f 282/657/643 281/660/646 370/658/644
f 370/658/644 281/660/646 365/661/647
f 370/658/644 365/661/647 364/659/645
f 364/659/645 365/661/647 359/569/557
f 364/659/645 359/569/557 358/571/559
f 281/660/646 280/662/648 365/661/647
f 365/661/647 280/662/648 360/567/555
f 365/661/647 360/567/555 359/569/557
f 280/662/648 279/565/553 360/567/555
f 331/547/534 332/663/649 371/548/536
f 371/548/536 332/663/649 372/664/650
f 371/548/536 372/664/650 366/550/538
f 366/550/538 372/664/650 367/665/651
f 366/550/538 367/665/651 361/552/540
f 361/552/540 367/665/651 362/656/642
f 361/552/540 362/656/642 356/554/542
f 332/663/649 333/666/652 372/664/650
f 372/664/650 333/666/652 373/667/653
f 372/664/650 373/667/653 367/665/651
f 367/665/651 373/667/653 368/654/640
f 367/665/651 368/654/640 362/656/642
f 332/668/649 331/544/534 377/669/654
f 377/669/654 331/544/534 376/542/532
f 377/669/654 376/542/532 382/639/627
f 333/666/652 334/670/655 373/667/653
f 373/667/653 334/670/655 374/652/638
f 373/667/653 374/652/638 368/654/640
f 333/671/652 332/668/649 378/672/656
f 378/672/656 332/668/649 377/669/654
f 378/672/656 377/669/654 383/673/657
f 383/673/657 377/669/654 382/639/627
f 383/673/657 382/639/627 388/638/626
f 380/646/634 335/648/636 334/674/655
f 334/670/655 335/649/636 374/652/638
f 334/674/655 333/671/652 379/675/658
f 379/675/658 333/671/652 378/672/656
f 379/675/658 378/672/656 384/676/659
f 384/676/659 378/672/656 383/673/657
f 384/676/659 383/673/657 389/677/660
f 389/677/660 383/673/657 388/638/626
f 389/677/660 388/638/626 394/637/625
f 336/498/488 337/678/661 345/500/490
f 345/500/490 337/678/661 344/679/662
f 345/500/490 344/679/662 476/502/492
f 476/502/492 344/679/662 477/680/663
f 476/502/492 477/680/663 471/504/494
f 471/504/494 477/680/663 472/681/664
f 471/504/494 472/681/664 466/506/496
f 466/506/496 472/681/664 467/682/665
f 466/506/496 467/682/665 461/508/498
f 461/508/498 467/682/665 462/683/666
f 461/508/498 462/683/666 456/510/500
f 456/510/500 462/683/666 457/582/570
f 456/510/500 457/582/570 451/512/502
f 337/678/661 338/684/667 344/679/662
f 344/679/662 338/684/667 343/685/668
f 344/679/662 343/685/668 477/680/663
f 477/680/663 343/685/668 478/686/669
f 477/680/663 478/686/669 472/681/664
f 472/681/664 478/686/669 473/687/670
f 472/681/664 473/687/670 467/682/665
f 467/682/665 473/687/670 468/688/671
f 467/682/665 468/688/671 462/683/666
f 462/683/666 468/688/671 463/580/568
f 462/683/666 463/580/568 457/582/570
f 337/678/661 336/498/488 347/689/672
f 347/689/672 336/498/488 346/558/546
f 347/689/672 346/558/546 352/572/560
f 352/572/560 346/558/546 351/556/544
f 338/684/667 339/690/673 343/685/668
f 343/685/668 339/690/673 342/691/674
f 343/685/668 342/691/674 478/686/669
f 478/686/669 342/691/674 479/692/675
f 478/686/669 479/692/675 473/687/670
f 473/687/670 479/692/675 474/693/676
f 473/687/670 474/693/676 468/688/671
f 468/688/671 474/693/676 469/578/566
f 468/688/671 469/578/566 463/580/568
f 338/684/667 337/678/661 348/694/677
f 348/694/677 337/678/661 347/689/672
f 348/694/677 347/689/672 353/570/558
f 353/570/558 347/689/672 352/572/560
f 339/690/673 340/562/550 342/691/674
f 342/691/674 340/562/550 341/560/548
f 342/691/674 341/560/548 479/692/675
f 479/692/675 341/560/548 480/574/562
f 479/692/675 480/574/562 474/693/676
f 474/693/676 480/574/562 475/576/564
f 474/693/676 475/576/564 469/578/566
f 339/690/673 338/684/667 349/695/678
f 349/695/678 338/684/667 348/694/677
f 349/695/678 348/694/677 354/568/556
f 354/568/556 348/694/677 353/570/558
f 340/562/550 339/690/673 350/564/552
f 350/564/552 339/690/673 349/695/678
f 350/564/552 349/695/678 355/566/554
f 355/566/554 349/695/678 354/568/556
f 385/644/632 380/646/634 379/675/658
f 379/675/658 380/646/634 334/674/655
f 385/644/632 379/675/658 384/676/659
f 390/642/630 385/644/632 384/676/659
f 390/642/630 384/676/659 389/677/660
f 395/640/628 390/642/630 389/677/660
f 395/640/628 389/677/660 394/637/625
f 400/636/624 395/640/628 394/637/625
f 401/532/522 406/530/520 407/618/606
f 407/618/606 406/530/520 412/696/679
f 407/618/606 412/696/679 413/616/604
f 413/616/604 412/696/679 418/697/680
f 413/616/604 418/697/680 419/614/602
f 419/614/602 418/697/680 424/698/681
f 419/614/602 424/698/681 425/612/600
f 425/612/600 424/698/681 430/610/598
f 406/530/520 411/528/518 412/696/679
f 412/696/679 411/528/518 417/699/682
f 412/696/679 417/699/682 418/697/680
f 418/697/680 417/699/682 423/700/683
f 418/697/680 423/700/683 424/698/681
f 424/698/681 423/700/683 429/701/684
f 424/698/681 429/701/684 430/610/598
f 430/610/598 429/701/684 435/608/596
f 411/528/518 416/526/516 417/699/682
f 417/699/682 416/526/516 422/702/685
f 417/699/682 422/702/685 423/700/683
f 423/700/683 422/702/685 428/703/686
f 423/700/683 428/703/686 429/701/684
f 429/701/684 428/703/686 434/704/687
f 429/701/684 434/704/687 435/608/596
f 435/608/596 434/704/687 440/606/594
f 416/526/516 421/524/514 422/702/685
f 422/702/685 421/524/514 427/705/688
f 422/702/685 427/705/688 428/703/686
f 428/703/686 427/705/688 433/706/689
f 428/703/686 433/706/689 434/704/687
f 434/704/687 433/706/689 439/707/690
f 434/704/687 439/707/690 440/606/594
f 440/606/594 439/707/690 445/604/592
f 421/524/514 426/522/512 427/705/688
f 427/705/688 426/522/512 432/603/591
f 427/705/688 432/603/591 433/706/689
f 433/706/689 432/603/591 438/602/590
f 433/706/689 438/602/590 439/707/690
f 439/707/690 438/602/590 444/601/589
f 439/707/690 444/601/589 445/604/592
f 445/604/592 444/601/589 450/600/588
f 510/708/691 481/709/692 511/710/693
f 511/710/693 481/709/692 482/711/694
f 511/710/693 482/711/694 539/712/695
f 539/712/695 482/711/694 483/713/696
f 539/712/695 483/713/696 538/714/697
f 538/714/697 483/713/696 484/715/698
f 538/714/697 484/715/698 537/716/699
f 537/716/699 484/715/698 485/717/700
f 537/716/699 485/717/700 536/718/701
f 536/718/701 485/717/700 486/719/702
f 536/718/701 486/719/702 535/720/703
f 535/720/703 486/719/702 487/721/704
f 535/720/703 487/721/704 534/722/705
f 534/722/705 487/721/704 488/723/706
f 534/722/705 488/723/706 533/724/707
f 533/724/707 488/723/706 489/725/708
f 533/724/707 489/725/708 532/726/709
f 532/726/709 489/725/708 490/727/710
f 532/726/709 490/727/710 531/728/711
f 531/728/711 490/727/710 491/729/712
f 531/728/711 491/729/712 530/730/713
f 530/730/713 491/729/712 492/731/714
f 530/730/713 492/731/714 529/732/715
f 529/732/715 492/731/714 493/733/716
f 529/732/715 493/733/716 528/734/717
f 528/734/717 493/733/716 494/735/718
f 528/734/717 494/735/718 527/736/719
f 527/736/719 494/735/718 495/737/720
f 527/736/719 495/737/720 526/738/721
f 526/738/721 495/737/720 496/739/722
f 526/738/721 496/739/722 525/740/723
f 525/740/723 496/739/722 497/741/724
f 525/740/723 497/741/724 524/742/725
f 524/742/725 497/741/724 498/743/726
f 524/742/725 498/743/726 523/744/727
f 523/744/727 498/743/726 499/745/728
f 523/744/727 499/745/728 522/746/729
f 522/746/729 499/745/728 500/747/730
f 522/746/729 500/747/730 521/748/731
f 521/748/731 500/747/730 501/749/732
f 521/748/731 501/749/732 520/750/733
f 520/750/733 501/749/732 502/751/734
f 520/750/733 502/751/734 519/752/735
f 519/752/735 502/751/734 503/753/736
f 519/752/735 503/753/736 518/754/737
f 518/754/737 503/753/736 504/755/738
f 518/754/737 504/755/738 517/756/739
f 517/756/739 504/755/738 505/757/740
f 517/756/739 505/757/740 516/758/741
f 516/758/741 505/757/740 506/759/742
f 516/758/741 506/759/742 515/760/743
f 515/760/743 506/759/742 507/761/744
f 515/760/743 507/761/744 514/762/745
f 514/762/745 507/761/744 508/763/746
f 514/762/745 508/763/746 513/764/747
f 513/764/747 508/763/746 509/765/748
f 513/764/747 509/765/748 512/766/749
f 512/766/749 509/765/748 510/708/691
f 512/766/749 510/708/691 511/710/693
f 510/767/750 547/768/751 481/769/752
f 481/769/752 547/768/751 558/770/753
f 481/769/752 558/770/753 482/771/754
f 482/771/754 558/770/753 715/772/755
f 482/771/754 715/772/755 483/773/756
f 483/773/756 715/772/755 709/774/757
f 483/773/756 709/774/757 484/775/758
f 484/775/758 709/774/757 703/776/759
f 484/775/758 703/776/759 485/777/760
f 485/777/760 703/776/759 697/778/761
f 485/777/760 697/778/761 486/779/762
f 486/779/762 697/778/761 691/780/763
f 486/779/762 691/780/763 487/781/764
f 487/781/764 691/780/763 685/782/765
f 487/781/764 685/782/765 488/783/766
f 488/783/766 685/782/765 541/784/767
f 488/783/766 541/784/767 489/785/768
f 489/786/768 541/787/767 679/788/769
f 489/786/768 679/788/769 490/789/770
f 490/789/770 679/788/769 673/790/771
f 490/789/770 673/790/771 491/791/772
f 491/791/772 673/790/771 667/792/773
f 491/791/772 667/792/773 492/793/774
f 492/793/774 667/792/773 661/794/775
f 492/793/774 661/794/775 493/795/776
f 493/795/776 661/794/775 655/796/777
f 493/795/776 655/796/777 494/797/778
f 494/797/778 655/796/777 649/798/779
f 494/797/778 649/798/779 495/799/780
f 495/799/780 649/798/779 643/800/781
f 495/799/780 643/800/781 496/801/782
f 496/801/782 643/800/781 637/802/783
f 496/801/782 637/802/783 497/803/784
f 497/803/784 637/802/783 631/804/785
f 497/803/784 631/804/785 498/805/786
f 498/805/786 631/804/785 625/806/787
f 498/805/786 625/806/787 499/807/788
f 499/807/788 625/806/787 619/808/789
f 499/807/788 619/808/789 500/809/790
f 500/809/790 619/808/789 613/810/791
f 500/809/790 613/810/791 501/811/792
f 501/811/792 613/810/791 607/812/793
f 501/811/792 607/812/793 502/813/794
f 502/813/794 607/812/793 601/814/795
f 502/813/794 601/814/795 503/815/796
f 503/815/796 601/814/795 595/816/797
f 503/815/796 595/816/797 504/817/798
f 504/817/798 595/816/797 589/818/799
f 504/817/798 589/818/799 505/819/800
f 505/819/800 589/818/799 583/820/801
f 505/819/800 583/820/801 506/821/802
f 506/821/802 583/820/801 577/822/803
f 506/821/802 577/822/803 507/823/804
f 507/823/804 577/822/803 571/824/805
f 507/823/804 571/824/805 508/825/806
f 508/825/806 571/824/805 565/826/807
f 508/825/806 565/826/807 509/827/808
f 509/827/808 565/826/807 559/828/809
f 509/827/808 559/828/809 510/767/750
f 510/767/750 559/828/809 547/768/751
f 546/829/810 540/830/811 684/831/812
f 684/831/812 540/832/813 678/833/814
f 678/833/814 540/834/815 672/835/816
f 672/835/816 540/836/817 666/837/818
f 666/837/818 540/838/819 660/839/820
f 660/839/820 540/840/821 654/841/822
f 654/841/822 540/842/823 648/843/824
f 648/843/824 540/844/825 642/845/826
f 642/845/826 540/846/827 636/847/828
f 636/847/828 540/848/829 630/849/830
f 624/850/831 540/851/832 618/852/833
f 618/852/833 540/853/834 612/854/835
f 612/854/835 540/855/836 606/856/837
f 606/856/837 540/857/838 600/858/839
f 600/858/839 540/859/840 594/860/841
f 594/860/841 540/861/842 588/862/843
f 588/862/843 540/863/844 582/864/845
f 582/864/845 540/865/846 576/866/847
f 576/866/847 540/867/848 570/868/849
f 564/869/850 540/870/851 552/871/852
f 552/871/852 540/872/853 553/873/854
f 553/873/854 540/874/855 720/875/856
f 720/875/856 540/876/857 714/877/858
f 714/877/858 540/878/859 708/879/860
f 708/879/860 540/880/861 702/881/862
f 702/881/862 540/882/863 696/883/864
f 696/883/864 540/884/865 690/885/866
f 690/885/866 540/886/867 546/887/810
f 541/787/767 542/888/868 679/788/769
f 679/788/769 542/888/868 680/889/869
f 679/788/769 680/889/869 673/790/771
f 673/790/771 680/889/869 674/890/870
f 673/790/771 674/890/870 667/792/773
f 667/792/773 674/890/870 668/891/871
f 667/792/773 668/891/871 661/794/775
f 661/794/775 668/891/871 662/892/872
f 661/794/775 662/892/872 655/796/777
f 655/796/777 662/892/872 656/893/873
f 655/796/777 656/893/873 649/798/779
f 649/798/779 656/893/873 650/894/874
f 649/798/779 650/894/874 643/800/781
f 643/800/781 650/894/874 644/895/875
f 643/800/781 644/895/875 637/802/783
f 637/802/783 644/895/875 638/896/876
f 637/802/783 638/896/876 631/804/785
f 631/804/785 638/896/876 632/897/877
f 631/804/785 632/897/877 625/806/787
f 625/806/787 632/897/877 626/898/878
f 625/806/787 626/898/878 619/808/789
f 619/808/789 626/898/878 620/899/879
f 619/808/789 620/899/879 613/810/791
f 613/810/791 620/899/879 614/900/880
f 613/810/791 614/900/880 607/812/793
f 607/812/793 614/900/880 608/901/881
f 607/812/793 608/901/881 601/814/795
f 601/814/795 608/901/881 602/902/882
f 601/814/795 602/902/882 595/816/797
f 595/816/797 602/902/882 596/903/883
f 595/816/797 596/903/883 589/818/799
f 589/818/799 596/903/883 590/904/884
f 589/818/799 590/904/884 583/820/801
f 583/820/801 590/904/884 584/905/885
f 583/820/801 584/905/885 577/822/803
f 577/822/803 584/905/885 578/906/886
f 577/822/803 578/906/886 571/824/805
f 571/824/805 578/906/886 572/907/887
f 571/824/805 572/907/887 565/826/807
f 565/826/807 572/907/887 566/908/888
f 565/826/807 566/908/888 559/828/809
f 559/828/809 566/908/888 560/909/889
f 559/828/809 560/909/889 547/768/751
f 547/768/751 560/909/889 548/910/890
f 547/768/751 548/910/890 558/770/753
f 558/770/753 548/910/890 557/911/891
f 558/770/753 557/911/891 715/772/755
f 715/772/755 557/911/891 716/912/892
f 715/772/755 716/912/892 709/774/757
f 709/774/757 716/912/892 710/913/893
f 709/774/757 710/913/893 703/776/759
f 703/776/759 710/913/893 704/914/894
f 703/776/759 704/914/894 697/778/761
f 697/778/761 704/914/894 698/915/895
f 697/778/761 698/915/895 691/780/763
f 691/780/763 698/915/895 692/916/896
f 691/780/763 692/916/896 685/782/765
f 685/782/765 692/916/896 686/917/897
f 685/782/765 686/917/897 541/784/767
f 541/784/767 686/917/897 542/918/868
f 542/888/868 543/919/898 680/889/869
f 680/889/869 543/919/898 681/920/899
f 680/889/869 681/920/899 674/890/870
f 674/890/870 681/920/899 675/921/900
f 674/890/870 675/921/900 668/891/871
f 668/891/871 675/921/900 669/922/901
f 668/891/871 669/922/901 662/892/872
f 662/892/872 669/922/901 663/923/902
f 662/892/872 663/923/902 656/893/873
f 656/893/873 663/923/902 657/924/903
f 656/893/873 657/924/903 650/894/874
f 650/894/874 657/924/903 651/925/904
f 650/894/874 651/925/904 644/895/875
f 644/895/875 651/925/904 645/926/905
f 644/895/875 645/926/905 638/896/876
f 638/896/876 645/926/905 639/927/906
f 638/896/876 639/927/906 632/897/877
f 632/897/877 639/927/906 633/928/907
f 632/897/877 633/928/907 626/898/878
f 626/898/878 633/928/907 627/929/908
f 626/898/878 627/929/908 620/899/879
f 620/899/879 627/929/908 621/930/909
f 620/899/879 621/930/909 614/900/880
f 614/900/880 621/930/909 615/931/910
f 614/900/880 615/931/910 608/901/881
f 608/901/881 615/931/910 609/932/911
f 608/901/881 609/932/911 602/902/882
f 602/902/882 609/932/911 603/933/912
f 602/902/882 603/933/912 596/903/883
f 596/903/883 603/933/912 597/934/913
f 596/903/883 597/934/913 590/904/884
f 590/904/884 597/934/913 591/935/914
f 590/904/884 591/935/914 584/905/885
f 584/905/885 591/935/914 585/936/915
f 584/905/885 585/936/915 578/906/886
f 578/906/886 585/936/915 579/937/916
f 578/906/886 579/937/916 572/907/887
f 572/907/887 579/937/916 573/938/917
f 572/907/887 573/938/917 566/908/888
f 566/908/888 573/938/917 567/939/918
f 566/908/888 567/939/918 560/909/889
f 560/909/889 567/939/918 561/940/919
f 560/909/889 561/940/919 548/910/890
f 548/910/890 561/940/919 549/941/920
f 548/910/890 549/941/920 557/911/891
f 557/911/891 549/941/920 556/942/921
f 557/911/891 556/942/921 716/912/892
f 716/912/892 556/942/921 717/943/922
f 716/912/892 717/943/922 710/913/893
f 710/913/893 717/943/922 711/944/923
f 710/913/893 711/944/923 704/914/894
f 704/914/894 711/944/923 705/945/924
f 704/914/894 705/945/924 698/915/895
f 698/915/895 705/945/924 699/946/925
f 698/915/895 699/946/925 692/916/896
f 692/916/896 699/946/925 693/947/926
f 692/916/896 693/947/926 686/917/897
f 686/917/897 693/947/926 687/948/927
f 686/917/897 687/948/927 542/918/868
f 542/918/868 687/948/927 543/949/898
f 543/919/898 544/950/928 681/920/899
f 681/920/899 544/950/928 682/951/929
f 681/920/899 682/951/929 675/921/900
f 675/921/900 682/951/929 676/952/930
f 675/921/900 676/952/930 669/922/901
f 669/922/901 676/952/930 670/953/931
f 669/922/901 670/953/931 663/923/902
f 663/923/902 670/953/931 664/954/932
f 663/923/902 664/954/932 657/924/903
f 657/924/903 664/954/932 658/955/933
f 657/924/903 658/955/933 651/925/904
f 651/925/904 658/955/933 652/956/934
f 651/925/904 652/956/934 645/926/905
f 645/926/905 652/956/934 646/957/935
f 645/926/905 646/957/935 639/927/906
f 639/927/906 646/957/935 640/958/936
f 639/927/906 640/958/936 633/928/907
f 633/928/907 640/958/936 634/959/937
f 633/928/907 634/959/937 627/929/908
f 627/929/908 634/959/937 628/960/938
f 627/929/908 628/960/938 621/930/909
f 621/930/909 628/960/938 622/961/939
f 621/930/909 622/961/939 615/931/910
f 615/931/910 622/961/939 616/962/940
f 615/931/910 616/962/940 609/932/911
f 609/932/911 616/962/940 610/963/941
f 609/932/911 610/963/941 603/933/912
f 603/933/912 610/963/941 604/964/942
f 603/933/912 604/964/942 597/934/913
f 597/934/913 604/964/942 598/965/943
f 597/934/913 598/965/943 591/935/914
f 591/935/914 598/965/943 592/966/944
f 591/935/914 592/966/944 585/936/915
f 585/936/915 592/966/944 586/967/945
f 585/936/915 586/967/945 579/937/916
f 579/937/916 586/967/945 580/968/946
f 579/937/916 580/968/946 573/938/917
f 573/938/917 580/968/946 574/969/947
f 573/938/917 574/969/947 567/939/918
f 567/939/918 574/969/947 568/970/948
f 567/939/918 568/970/948 561/940/919
f 561/940/919 568/970/948 562/971/949
f 561/940/919 562/971/949 549/941/920
f 549/941/920 562/971/949 550/972/950
f 549/941/920 550/972/950 556/942/921
f 556/942/921 550/972/950 555/973/951
f 556/942/921 555/973/951 717/943/922
f 717/943/922 555/973/951 718/974/952
f 717/943/922 718/974/952 711/944/923
f 711/944/923 718/974/952 712/975/953
f 711/944/923 712/975/953 705/945/924
f 705/945/924 712/975/953 706/976/954
f 705/945/924 706/976/954 699/946/925
f 699/946/925 706/976/954 700/977/955
f 699/946/925 700/977/955 693/947/926
f 693/947/926 700/977/955 694/978/956
f 693/947/926 694/978/956 687/948/927
f 687/948/927 694/978/956 688/979/957
f 687/948/927 688/979/957 543/949/898
f 543/949/898 688/979/957 544/980/928
f 544/950/928 545/981/958 682/951/929
f 682/951/929 545/981/958 683/982/959
f 682/951/929 683/982/959 676/952/930
f 676/952/930 683/982/959 677/983/960
f 676/952/930 677/983/960 670/953/931
f 670/953/931 677/983/960 671/984/961
f 670/953/931 671/984/961 664/954/932
f 664/954/932 671/984/961 665/985/962
f 664/954/932 665/985/962 658/955/933
f 658/955/933 665/985/962 659/986/963
f 658/955/933 659/986/963 652/956/934
f 652/956/934 659/986/963 653/987/964
f 652/956/934 653/987/964 646/957/935
f 646/957/935 653/987/964 647/988/965
f 646/957/935 647/988/965 640/958/936
f 640/958/936 647/988/965 641/989/966
f 640/958/936 641/989/966 634/959/937
f 634/959/937 641/989/966 635/990/967
f 634/959/937 635/990/967 628/960/938
f 628/960/938 635/990/967 629/991/968
f 628/960/938 629/991/968 622/961/939
f 622/961/939 629/991/968 623/992/969
f 622/961/939 623/992/969 616/962/940
f 616/962/940 623/992/969 617/993/970
f 616/962/940 617/993/970 610/963/941
f 610/963/941 617/993/970 611/994/971
f 610/963/941 611/994/971 604/964/942
f 604/964/942 611/994/971 605/995/972
f 604/964/942 605/995/972 598/965/943
f 598/965/943 605/995/972 599/996/973
f 598/965/943 599/996/973 592/966/944
f 592/966/944 599/996/973 593/997/974
f 592/966/944 593/997/974 586/967/945
f 586/967/945 593/997/974 587/998/975
f 586/967/945 587/998/975 580/968/946
f 580/968/946 587/998/975 581/999/976
f 580/968/946 581/999/976 574/969/947
f 574/969/947 581/999/976 575/1000/977
f 574/969/947 575/1000/977 568/970/948
f 568/970/948 575/1000/977 569/1001/978
f 568/970/948 569/1001/978 562/971/949
f 562/971/949 569/1001/978 563/1002/979
f 562/971/949 563/1002/979 550/972/950
f 550/972/950 563/1002/979 551/1003/980
f 550/972/950 551/1003/980 555/973/951
f 555/973/951 551/1003/980 554/1004/981
f 555/973/951 554/1004/981 718/974/952
f 718/974/952 554/1004/981 719/1005/982
f 718/974/952 719/1005/982 712/975/953
f 712/975/953 719/1005/982 713/1006/983
f 712/975/953 713/1006/983 706/976/954
f 706/976/954 713/1006/983 707/1007/984
f 706/976/954 707/1007/984 700/977/955
f 700/977/955 707/1007/984 701/1008/985
f 700/977/955 701/1008/985 694/978/956
f 694/978/956 701/1008/985 695/1009/986
f 694/978/956 695/1009/986 688/979/957
f 688/979/957 695/1009/986 689/1010/987
f 688/979/957 689/1010/987 544/980/928
f 544/980/928 689/1010/987 545/1011/958
f 545/981/958 546/829/810 683/982/959
f 683/982/959 546/829/810 684/831/812
f 683/982/959 684/831/812 677/983/960
f 677/983/960 684/831/812 678/833/814
f 677/983/960 678/833/814 671/984/961
f 671/984/961 678/833/814 672/835/816
f 671/984/961 672/835/816 665/985/962
f 665/985/962 672/835/816 666/837/818
f 665/985/962 666/837/818 659/986/963
f 659/986/963 666/837/818 660/839/820
f 659/986/963 660/839/820 653/987/964
f 653/987/964 660/839/820 654/841/822
f 653/987/964 654/841/822 647/988/965
f 647/988/965 654/841/822 648/843/824
f 647/988/965 648/843/824 641/989/966
f 641/989/966 648/843/824 642/845/826
f 641/989/966 642/845/826 635/990/967
f 635/990/967 642/845/826 636/847/828
f 635/990/967 636/847/828 629/991/968
f 629/991/968 636/847/828 630/849/830
f 629/991/968 630/849/830 623/992/969
f 623/992/969 630/849/830 624/850/831
f 623/992/969 624/850/831 617/993/970
f 617/993/970 624/850/831 618/852/833
f 617/993/970 618/852/833 611/994/971
f 611/994/971 618/852/833 612/854/835
f 611/994/971 612/854/835 605/995/972
f 605/995/972 612/854/835 606/856/837
f 605/995/972 606/856/837 599/996/973
f 599/996/973 606/856/837 600/858/839
f 599/996/973 600/858/839 593/997/974
f 593/997/974 600/858/839 594/860/841
f 593/997/974 594/860/841 587/998/975
f 587/998/975 594/860/841 588/862/843
f 587/998/975 588/862/843 581/999/976
f 581/999/976 588/862/843 582/864/845
f 581/999/976 582/864/845 575/1000/977
f 575/1000/977 582/864/845 576/866/847
f 575/1000/977 576/866/847 569/1001/978
f 569/1001/978 576/866/847 570/868/849
f 569/1001/978 570/868/849 563/1002/979
f 563/1002/979 570/868/849 564/869/850
f 563/1002/979 564/869/850 551/1003/980
f 551/1003/980 564/869/850 552/871/852
f 551/1003/980 552/871/852 554/1004/981
f 554/1004/981 552/871/852 553/873/854
f 554/1004/981 553/873/854 719/1005/982
f 719/1005/982 553/873/854 720/875/856
f 719/1005/982 720/875/856 713/1006/983
f 713/1006/983 720/875/856 714/877/858
f 713/1006/983 714/877/858 707/1007/984
f 707/1007/984 714/877/858 708/879/860
f 707/1007/984 708/879/860 701/1008/985
f 701/1008/985 708/879/860 702/881/862
f 701/1008/985 702/881/862 695/1009/986
f 695/1009/986 702/881/862 696/883/864
f 695/1009/986 696/883/864 689/1010/987
f 689/1010/987 696/883/864 690/885/866
f 689/1010/987 690/885/866 545/1011/958
f 545/1011/958 690/885/866 546/887/810
f 630/849/830 540/1012/988 624/850/831
f 570/868/849 540/1013/989 564/869/850
f 253/1014/990 276/1015/991 254/1016/992
f 254/1016/992 276/1015/991 255/1017/993
f 255/1017/993 276/1015/991 275/1018/994
f 255/1017/993 275/1018/994 256/1019/995
f 256/1019/995 275/1018/994 274/1020/996
f 256/1019/995 274/1020/996 257/1021/997
f 257/1021/997 274/1020/996 273/1022/998
f 257/1021/997 273/1022/998 258/1023/999
f 258/1023/999 273/1022/998 272/1024/1000
f 258/1023/999 272/1024/1000 259/1025/1001
f 259/1025/1001 272/1024/1000 271/1026/1002
f 259/1025/1001 271/1026/1002 260/1027/1003
f 260/1027/1003 271/1026/1002 270/1028/1004
f 260/1027/1003 270/1028/1004 261/1029/1005
f 261/1029/1005 270/1028/1004 269/1030/1006
f 261/1029/1005 269/1030/1006 262/1031/1007
f 262/1031/1007 269/1030/1006 268/1032/1008
f 262/1031/1007 268/1032/1008 263/1033/1009
f 263/1033/1009 268/1032/1008 267/1034/1010
f 263/1033/1009 267/1034/1010 264/1035/1011
f 264/1035/1011 267/1034/1010 266/1036/1012
f 264/1035/1011 266/1036/1012 265/1037/1013
f 330/1038/1014 728/1039/1015 301/1040/1016
f 301/1040/1016 728/1039/1015 729/1041/1017
f 301/1040/1016 729/1041/1017 302/1042/1018
f 302/1042/1018 729/1041/1017 730/1043/1019
f 302/1042/1018 730/1043/1019 303/1044/1020
f 303/1044/1020 730/1043/1019 731/1045/1021
f 303/1044/1020 731/1045/1021 304/1046/1022
f 304/1046/1022 731/1045/1021 732/1047/1023
f 304/1046/1022 732/1047/1023 305/1048/1024
f 305/1048/1024 732/1047/1023 733/1049/1025
f 305/1048/1024 733/1049/1025 306/1050/1026
f 306/1050/1026 733/1049/1025 734/1051/1027
f 306/1050/1026 734/1051/1027 307/1052/1028
f 307/1052/1028 734/1051/1027 735/1053/1029
f 307/1052/1028 735/1053/1029 308/1054/1030
f 308/1054/1030 735/1053/1029 736/1055/1031
f 308/1054/1030 736/1055/1031 309/1056/1032
f 309/1056/1032 736/1055/1031 310/1057/1033
f 310/1057/1033 736/1055/1031 737/1058/1034
f 310/1057/1033 737/1058/1034 311/1059/1035
f 311/1059/1035 737/1058/1034 738/1060/1036
f 311/1059/1035 738/1060/1036 312/1061/1037
f 312/1061/1037 738/1060/1036 739/1062/1038
f 312/1061/1037 739/1062/1038 313/1063/1039
f 313/1063/1039 739/1062/1038 740/1064/1040
f 313/1063/1039 740/1064/1040 314/1065/1041
f 314/1065/1041 740/1064/1040 741/1066/1042
f 314/1065/1041 741/1066/1042 315/1067/1043
f 315/1067/1043 741/1066/1042 742/1068/1044
f 315/1067/1043 742/1068/1044 316/1069/1045
f 316/1069/1045 742/1068/1044 743/1070/1046
f 316/1069/1045 743/1070/1046 317/1071/1047
f 317/1071/1047 743/1070/1046 744/1072/1048
f 317/1071/1047 744/1072/1048 318/1073/1049
f 318/1073/1049 744/1072/1048 745/1074/1050
f 318/1073/1049 745/1074/1050 319/1075/1051
f 319/1075/1051 745/1074/1050 746/1076/1052
f 319/1075/1051 746/1076/1052 320/1077/1053
f 320/1077/1053 746/1076/1052 747/1078/1054
f 320/1077/1053 747/1078/1054 321/1079/1055
f 321/1079/1055 747/1078/1054 748/1080/1056
f 321/1079/1055 748/1080/1056 322/1081/1057
f 322/1081/1057 748/1080/1056 749/1082/1058
f 322/1081/1057 749/1082/1058 323/1083/1059
f 323/1083/1059 749/1082/1058 721/1084/1060
f 323/1083/1059 721/1084/1060 324/1085/1061
f 324/1085/1061 721/1084/1060 722/1086/1062
f 324/1085/1061 722/1086/1062 325/1087/1063
f 325/1087/1063 722/1086/1062 723/1088/1064
f 325/1087/1063 723/1088/1064 326/1089/1065
f 326/1089/1065 723/1088/1064 724/1090/1066
f 326/1089/1065 724/1090/1066 327/1091/1067
f 327/1091/1067 724/1090/1066 725/1092/1068
f 327/1091/1067 725/1092/1068 328/1093/1069
f 328/1093/1069 725/1092/1068 726/1094/1070
f 328/1093/1069 726/1094/1070 329/1095/1071
f 329/1095/1071 726/1094/1070 727/1096/1072
f 329/1095/1071 727/1096/1072 330/1038/1014
f 330/1038/1014 727/1096/1072 728/1039/1015
f 539/1097/1073 729/1098/1074 511/1099/1075
f 511/1099/1075 729/1098/1074 728/1100/1076
f 511/1099/1075 728/1100/1076 512/1101/1077
f 512/1101/1077 728/1100/1076 727/1102/1078
f 512/1101/1077 727/1102/1078 513/1103/1079
f 513/1103/1079 727/1102/1078 726/1104/1080
f 513/1103/1079 726/1104/1080 514/1105/1081
f 514/1105/1081 726/1104/1080 725/1106/1082
f 514/1105/1081 725/1106/1082 515/1107/1083
f 515/1107/1083 725/1106/1082 724/1108/1084
f 515/1107/1083 724/1108/1084 516/1109/1085
f 516/1109/1085 724/1108/1084 723/1110/1086
f 516/1109/1085 723/1110/1086 517/1111/1087
f 517/1111/1087 723/1110/1086 722/1112/1088
f 517/1111/1087 722/1112/1088 518/1113/1089
f 518/1113/1089 722/1112/1088 721/1114/1090
f 518/1113/1089 721/1114/1090 519/1115/1091
f 519/1116/1091 721/1117/1090 749/1118/1092
f 519/1116/1091 749/1118/1092 520/1119/1093
f 520/1119/1093 749/1118/1092 748/1120/1094
f 520/1119/1093 748/1120/1094 521/1121/1095
f 521/1121/1095 748/1120/1094 747/1122/1096
f 521/1121/1095 747/1122/1096 522/1123/1097
f 522/1123/1097 747/1122/1096 746/1124/1098
f 522/1123/1097 746/1124/1098 523/1125/1099
f 523/1125/1099 746/1124/1098 745/1126/1100
f 523/1125/1099 745/1126/1100 524/1127/1101
f 524/1127/1101 745/1126/1100 744/1128/1102
f 524/1127/1101 744/1128/1102 525/1129/1103
f 525/1129/1103 744/1128/1102 743/1130/1104
f 525/1129/1103 743/1130/1104 526/1131/1105
f 526/1131/1105 743/1130/1104 742/1132/1106
f 526/1131/1105 742/1132/1106 527/1133/1107
f 527/1133/1107 742/1132/1106 741/1134/1108
f 527/1133/1107 741/1134/1108 528/1135/1109
f 528/1135/1109 741/1134/1108 740/1136/1110
f 528/1135/1109 740/1136/1110 529/1137/1111
f 529/1137/1111 740/1136/1110 739/1138/1112
f 529/1137/1111 739/1138/1112 530/1139/1113
f 530/1139/1113 739/1138/1112 738/1140/1114
f 530/1139/1113 738/1140/1114 531/1141/1115
f 531/1141/1115 738/1140/1114 737/1142/1116
f 531/1141/1115 737/1142/1116 532/1143/1117
f 532/1143/1117 737/1142/1116 736/1144/1118
f 532/1143/1117 736/1144/1118 533/1145/1119
f 533/1145/1119 736/1144/1118 735/1146/1120
f 533/1145/1119 735/1146/1120 534/1147/1121
f 534/1147/1121 735/1146/1120 734/1148/1122
f 534/1147/1121 734/1148/1122 535/1149/1123
f 535/1149/1123 734/1148/1122 733/1150/1124
f 535/1149/1123 733/1150/1124 536/1151/1125
f 536/1151/1125 733/1150/1124 732/1152/1126
f 536/1151/1125 732/1152/1126 537/1153/1127
f 537/1153/1127 732/1152/1126 731/1154/1128
f 537/1153/1127 731/1154/1128 538/1155/1129
f 538/1155/1129 731/1154/1128 730/1156/1130
f 538/1155/1129 730/1156/1130 539/1097/1073
f 539/1097/1073 730/1156/1130 729/1098/1074
g Gövde1:1

v -4.384062 4.384062 65.000000
v -5.369358 3.100000 65.000000
v -5.988740 1.604678 65.000000
v -6.200000 0.000000 65.000000
v -5.988740 -1.604678 65.000000
v -5.369358 -3.100000 65.000000
v -4.384062 -4.384062 65.000000
v -3.100000 -5.369358 65.000000
v -1.604678 -5.988740 65.000000
v 0.000000 -6.200000 65.000000
v 1.604678 -5.988740 65.000000
v 3.100000 -5.369358 65.000000
v 4.384062 -4.384062 65.000000
v 5.369358 -3.100000 65.000000
v 5.988740 -1.604678 65.000000
v 6.200000 -0.000000 65.000000
v 5.988740 1.604678 65.000000
v 5.369358 3.100000 65.000000
v 4.384062 4.384062 65.000000
v 3.100000 5.369358 65.000000
v 1.604678 5.988740 65.000000
v 0.000000 6.200000 65.000000
v -1.604678 5.988740 65.000000
v -3.100000 5.369358 65.000000
v -4.384062 4.384062 0.000000
v -3.100000 5.369358 0.000000
v -1.604678 5.988740 0.000000
v 0.000000 6.200000 0.000000
v 1.604678 5.988740 0.000000
v 3.100000 5.369358 0.000000
v 4.384062 4.384062 0.000000
v 5.369358 3.100000 0.000000
v 5.988740 1.604678 0.000000
v 6.200000 -0.000000 0.000000
v 5.988740 -1.604678 0.000000
v 5.369358 -3.100000 0.000000
v 4.384062 -4.384062 0.000000
v 3.100000 -5.369358 0.000000
v 1.604678 -5.988740 0.000000
v 0.000000 -6.200000 0.000000
v -1.604678 -5.988740 0.000000
v -3.100000 -5.369358 0.000000
v -4.384062 -4.384062 0.000000
v -5.369358 -3.100000 0.000000
v -5.988740 -1.604678 0.000000
v -6.200000 0.000000 0.000000
v -5.988740 1.604678 0.000000
v -5.369358 3.100000 0.000000
v -4.384062 4.384062 54.166667
v -4.384062 4.384062 43.333333
v -4.384062 4.384062 32.500000
v -4.384062 4.384062 21.666667
v -4.384062 4.384062 10.833333
v -5.369358 3.100000 54.166667
v -5.369358 3.100000 43.333333
v -5.369358 3.100000 32.500000
v -5.369358 3.100000 21.666667
v -5.369358 3.100000 10.833333
v -5.988740 1.604678 54.166667
v -5.988740 1.604678 43.333333
v -5.988740 1.604678 32.500000
v -5.988740 1.604678 21.666667
v -5.988740 1.604678 10.833333
v -6.200000 0.000000 54.166667
v -6.200000 0.000000 43.333333
v -6.200000 0.000000 32.500000
v -6.200000 0.000000 21.666667
v -6.200000 0.000000 10.833333
v -5.988740 -1.604678 54.166667
v -5.988740 -1.604678 43.333333
v -5.988740 -1.604678 32.500000
v -5.988740 -1.604678 21.666667
v -5.988740 -1.604678 10.833333
v -5.369358 -3.100000 54.166667
v -5.369358 -3.100000 43.333333
v -5.369358 -3.100000 32.500000
v -5.369358 -3.100000 21.666667
v -5.369358 -3.100000 10.833333
v -4.384062 -4.384062 54.166667
v -4.384062 -4.384062 43.333333
v -4.384062 -4.384062 32.500000
v -4.384062 -4.384062 21.666667
v -4.384062 -4.384062 10.833333
v -3.100000 -5.369358 54.166667
v -3.100000 -5.369358 43.333333
v -3.100000 -5.369358 32.500000
v -3.100000 -5.369358 21.666667
v -3.100000 -5.369358 10.833333
v -1.604678 -5.988740 54.166667
v -1.604678 -5.988740 43.333333
v -1.604678 -5.988740 32.500000
v -1.604678 -5.988740 21.666667
v -1.604678 -5.988740 10.833333
v 0.000000 -6.200000 54.166667
v 0.000000 -6.200000 43.333333
v 0.000000 -6.200000 32.500000
v 0.000000 -6.200000 21.666667
v 0.000000 -6.200000 10.833333
v 1.604678 -5.988740 54.166667
v 1.604678 -5.988740 43.333333
v 1.604678 -5.988740 32.500000
v 1.604678 -5.988740 21.666667
v 1.604678 -5.988740 10.833333
v 3.100000 -5.369358 54.166667
v 3.100000 -5.369358 43.333333
v 3.100000 -5.369358 32.500000
v 3.100000 -5.369358 21.666667
v 3.100000 -5.369358 10.833333
v 4.384062 -4.384062 54.166667
v 4.384062 -4.384062 43.333333
v 4.384062 -4.384062 32.500000
v 4.384062 -4.384062 21.666667
v 4.384062 -4.384062 10.833333
v 5.369358 -3.100000 54.166667
v 5.369358 -3.100000 43.333333
v 5.369358 -3.100000 32.500000
v 5.369358 -3.100000 21.666667
v 5.369358 -3.100000 10.833333
v 5.988740 -1.604678 54.166667
v 5.988740 -1.604678 43.333333
v 5.988740 -1.604678 32.500000
v 5.988740 -1.604678 21.666667
v 5.988740 -1.604678 10.833333
v 6.200000 -0.000000 54.166667
v 6.200000 -0.000000 43.333333
v 6.200000 -0.000000 32.500000
v 6.200000 -0.000000 21.666667
v 6.200000 -0.000000 10.833333
v 5.988740 1.604678 54.166667
v 5.988740 1.604678 43.333333
v 5.988740 1.604678 32.500000
v 5.988740 1.604678 21.666667
v 5.988740 1.604678 10.833333
v 5.369358 3.100000 54.166667
v 5.369358 3.100000 43.333333
v 5.369358 3.100000 32.500000
v 5.369358 3.100000 21.666667
v 5.369358 3.100000 10.833333
v 4.384062 4.384062 54.166667
v 4.384062 4.384062 43.333333
v 4.384062 4.384062 32.500000
v 4.384062 4.384062 21.666667
v 4.384062 4.384062 10.833333
v 3.100000 5.369358 54.166667
v 3.100000 5.369358 43.333333
v 3.100000 5.369358 32.500000
v 3.100000 5.369358 21.666667
v 3.100000 5.369358 10.833333
v 1.604678 5.988740 54.166667
v 1.604678 5.988740 43.333333
v 1.604678 5.988740 32.500000
v 1.604678 5.988740 21.666667
v 1.604678 5.988740 10.833333
v 0.000000 6.200000 54.166667
v 0.000000 6.200000 43.333333
v 0.000000 6.200000 32.500000
v 0.000000 6.200000 21.666667
v 0.000000 6.200000 10.833333
v -1.604678 5.988740 54.166667
v -1.604678 5.988740 43.333333
v -1.604678 5.988740 32.500000
v -1.604678 5.988740 21.666667
v -1.604678 5.988740 10.833333
v -3.100000 5.369358 54.166667
v -3.100000 5.369358 43.333333
v -3.100000 5.369358 32.500000
v -3.100000 5.369358 21.666667
v -3.100000 5.369358 10.833333
v -4.419417 4.419417 65.000000
v -3.125000 5.412659 65.000000
v -1.617619 6.037036 65.000000
v 0.000000 6.250000 65.000000
v 1.617619 6.037036 65.000000
v 3.125000 5.412659 65.000000
v 4.419417 4.419417 65.000000
v 5.412659 3.125000 65.000000
v 6.037036 1.617619 65.000000
v 6.250000 -0.000000 65.000000
v 6.037036 -1.617619 65.000000
v 5.412659 -3.125000 65.000000
v 4.419417 -4.419417 65.000000
v 3.125000 -5.412659 65.000000
v 1.617619 -6.037036 65.000000
v -0.000000 -6.250000 65.000000
v -1.617619 -6.037036 65.000000
v -3.125000 -5.412659 65.000000
v -4.419417 -4.419417 65.000000
v -5.412659 -3.125000 65.000000
v -6.037036 -1.617619 65.000000
v -6.250000 0.000000 65.000000
v -6.037036 1.617619 65.000000
v -5.412659 3.125000 65.000000
v -4.419417 4.419417 0.000000
v -5.412659 3.125000 0.000000
v -6.037036 1.617619 0.000000
v -6.250000 0.000000 0.000000
v -6.037036 -1.617619 0.000000
v -5.412659 -3.125000 0.000000
v -4.419417 -4.419417 0.000000
v -3.125000 -5.412659 0.000000
v -1.617619 -6.037036 0.000000
v -0.000000 -6.250000 0.000000
v 1.617619 -6.037036 0.000000
v 3.125000 -5.412659 0.000000
v 4.419417 -4.419417 0.000000
v 5.412659 -3.125000 0.000000
v 6.037036 -1.617619 0.000000
v 6.250000 -0.000000 0.000000
v 6.037036 1.617619 0.000000
v 5.412659 3.125000 0.000000
v 4.419417 4.419417 0.000000
v 3.125000 5.412659 0.000000
v 1.617619 6.037036 0.000000
v 0.000000 6.250000 0.000000
v -1.617619 6.037036 0.000000
v -3.125000 5.412659 0.000000
v -4.419417 4.419417 54.166667
v -4.419417 4.419417 43.333333
v -4.419417 4.419417 32.500000
v -4.419417 4.419417 21.666667
v -4.419417 4.419417 10.833333
v -3.125000 5.412659 54.166667
v -3.125000 5.412659 43.333333
v -3.125000 5.412659 32.500000
v -3.125000 5.412659 21.666667
v -3.125000 5.412659 10.833333
v -1.617619 6.037036 54.166667
v -1.617619 6.037036 43.333333
v -1.617619 6.037036 32.500000
v -1.617619 6.037036 21.666667
v -1.617619 6.037036 10.833333
v 0.000000 6.250000 54.166667
v 0.000000 6.250000 43.333333
v 0.000000 6.250000 32.500000
v 0.000000 6.250000 21.666667
v 0.000000 6.250000 10.833333
v 1.617619 6.037036 54.166667
v 1.617619 6.037036 43.333333
v 1.617619 6.037036 32.500000
v 1.617619 6.037036 21.666667
v 1.617619 6.037036 10.833333
v 3.125000 5.412659 54.166667
v 3.125000 5.412659 43.333333
v 3.125000 5.412659 32.500000
v 3.125000 5.412659 21.666667
v 3.125000 5.412659 10.833333
v 4.419417 4.419417 54.166667
v 4.419417 4.419417 43.333333
v 4.419417 4.419417 32.500000
v 4.419417 4.419417 21.666667
v 4.419417 4.419417 10.833333
v 5.412659 3.125000 54.166667
v 5.412659 3.125000 43.333333
v 5.412659 3.125000 32.500000
v 5.412659 3.125000 21.666667
v 5.412659 3.125000 10.833333
v 6.037036 1.617619 54.166667
v 6.037036 1.617619 43.333333
v 6.037036 1.617619 32.500000
v 6.037036 1.617619 21.666667
v 6.037036 1.617619 10.833333
v 6.250000 -0.000000 54.166667
v 6.250000 -0.000000 43.333333
v 6.250000 -0.000000 32.500000
v 6.250000 -0.000000 21.666667
v 6.250000 -0.000000 10.833333
v 6.037036 -1.617619 54.166667
v 6.037036 -1.617619 43.333333
v 6.037036 -1.617619 32.500000
v 6.037036 -1.617619 21.666667
v 6.037036 -1.617619 10.833333
v 5.412659 -3.125000 54.166667
v 5.412659 -3.125000 43.333333
v 5.412659 -3.125000 32.500000
v 5.412659 -3.125000 21.666667
v 5.412659 -3.125000 10.833333
v 4.419417 -4.419417 54.166667
v 4.419417 -4.419417 43.333333
v 4.419417 -4.419417 32.500000
v 4.419417 -4.419417 21.666667
v 4.419417 -4.419417 10.833333
v 3.125000 -5.412659 54.166667
v 3.125000 -5.412659 43.333333
v 3.125000 -5.412659 32.500000
v 3.125000 -5.412659 21.666667
v 3.125000 -5.412659 10.833333
v 1.617619 -6.037036 54.166667
v 1.617619 -6.037036 43.333333
v 1.617619 -6.037036 32.500000
v 1.617619 -6.037036 21.666667
v 1.617619 -6.037036 10.833333
v 0.000000 -6.250000 54.166667
v 0.000000 -6.250000 43.333333
v 0.000000 -6.250000 32.500000
v 0.000000 -6.250000 21.666667
v 0.000000 -6.250000 10.833333
v -1.617619 -6.037036 54.166667
v -1.617619 -6.037036 43.333333
v -1.617619 -6.037036 32.500000
v -1.617619 -6.037036 21.666667
v -1.617619 -6.037036 10.833333
v -3.125000 -5.412659 54.166667
v -3.125000 -5.412659 43.333333
v -3.125000 -5.412659 32.500000
v -3.125000 -5.412659 21.666667
v -3.125000 -5.412659 10.833333
v -4.419417 -4.419417 54.166667
v -4.419417 -4.419417 43.333333
v -4.419417 -4.419417 32.500000
v -4.419417 -4.419417 21.666667
v -4.419417 -4.419417 10.833333
v -5.412659 -3.125000 54.166667
v -5.412659 -3.125000 43.333333
v -5.412659 -3.125000 32.500000
v -5.412659 -3.125000 21.666667
v -5.412659 -3.125000 10.833333
v -6.037036 -1.617619 54.166667
v -6.037036 -1.617619 43.333333
v -6.037036 -1.617619 32.500000
v -6.037036 -1.617619 21.666667
v -6.037036 -1.617619 10.833333
v -6.250000 0.000000 54.166667
v -6.250000 0.000000 43.333333
v -6.250000 0.000000 32.500000
v -6.250000 0.000000 21.666667
v -6.250000 0.000000 10.833333
v -6.037036 1.617619 54.166667
v -6.037036 1.617619 43.333333
v -6.037036 1.617619 32.500000
v -6.037036 1.617619 21.666667
v -6.037036 1.617619 10.833333
v -5.412659 3.125000 54.166667
v -5.412659 3.125000 43.333333
v -5.412659 3.125000 32.500000
v -5.412659 3.125000 21.666667
v -5.412659 3.125000 10.833333
vt 65.000000 -17.854718 0.000000
vt 54.166667 -17.854718 0.000000
vt 65.000000 -19.477874 0.000000
vt 54.166667 -19.477874 0.000000
vt 65.000000 19.477874 0.000000
vt 54.166667 19.477874 0.000000
vt 65.000000 17.854718 0.000000
vt 54.166667 17.854718 0.000000
vt 65.000000 16.231562 0.000000
vt 54.166667 16.231562 0.000000
vt 65.000000 14.608406 0.000000
vt 54.166667 14.608406 0.000000
vt 65.000000 12.985250 0.000000
vt 54.166667 12.985250 0.000000
vt 65.000000 11.362093 0.000000
vt 54.166667 11.362093 0.000000
vt 65.000000 9.738937 0.000000
vt 54.166667 9.738937 0.000000
vt 65.000000 8.115781 0.000000
vt 54.166667 8.115781 0.000000
vt 65.000000 6.492625 0.000000
vt 54.166667 6.492625 0.000000
vt 65.000000 4.869469 0.000000
vt 54.166667 4.869469 0.000000
vt 65.000000 3.246312 0.000000
vt 54.166667 3.246312 0.000000
vt 65.000000 1.623156 0.000000
vt 54.166667 1.623156 0.000000
vt 65.000000 0.000000 0.000000
vt 54.166667 0.000000 0.000000
vt 65.000000 -1.623156 0.000000
vt 54.166667 -1.623156 0.000000
vt 65.000000 -3.246312 0.000000
vt 54.166667 -3.246312 0.000000
vt 65.000000 -4.869469 0.000000
vt 54.166667 -4.869469 0.000000
vt 65.000000 -6.492625 0.000000
vt 54.166667 -6.492625 0.000000
vt 65.000000 -8.115781 0.000000
vt 54.166667 -8.115781 0.000000
vt 65.000000 -9.738937 0.000000
vt 54.166667 -9.738937 0.000000
vt 65.000000 -11.362093 0.000000
vt 54.166667 -11.362093 0.000000
vt 65.000000 -12.985250 0.000000
vt 54.166667 -12.985250 0.000000
vt 65.000000 -14.608406 0.000000
vt 54.166667 -14.608406 0.000000
vt 65.000000 -16.231562 0.000000
vt 54.166667 -16.231562 0.000000
vt 0.000000 17.854718 0.000000
vt 10.833333 17.854718 0.000000
vt 0.000000 19.477874 0.000000
vt 10.833333 19.477874 0.000000
vt 0.000000 -19.477874 0.000000
vt 10.833333 -19.477874 0.000000
vt 0.000000 -17.854718 0.000000
vt 10.833333 -17.854718 0.000000
vt 0.000000 -16.231562 0.000000
vt 10.833333 -16.231562 0.000000
vt 0.000000 -14.608406 0.000000
vt 10.833333 -14.608406 0.000000
vt 0.000000 -12.985250 0.000000
vt 10.833333 -12.985250 0.000000
vt 0.000000 -11.362093 0.000000
vt 10.833333 -11.362093 0.000000
vt 0.000000 -9.738937 0.000000
vt 10.833333 -9.738937 0.000000
vt 0.000000 -8.115781 0.000000
vt 10.833333 -8.115781 0.000000
vt 0.000000 -6.492625 0.000000
vt 10.833333 -6.492625 0.000000
vt 0.000000 -4.869469 0.000000
vt 10.833333 -4.869469 0.000000
vt 0.000000 -3.246312 0.000000
vt 10.833333 -3.246312 0.000000
vt 0.000000 -1.623156 0.000000
vt 10.833333 -1.623156 0.000000
vt 0.000000 0.000000 0.000000
vt 10.833333 0.000000 0.000000
vt 0.000000 1.623156 0.000000
vt 10.833333 1.623156 0.000000
vt 0.000000 3.246312 0.000000
vt 10.833333 3.246312 0.000000
vt 0.000000 4.869469 0.000000
vt 10.833333 4.869469 0.000000
vt 0.000000 6.492625 0.000000
vt 10.833333 6.492625 0.000000
vt 0.000000 8.115781 0.000000
vt 10.833333 8.115781 0.000000
vt 0.000000 9.738937 0.000000
vt 10.833333 9.738937 0.000000
vt 0.000000 11.362093 0.000000
vt 10.833333 11.362093 0.000000
vt 0.000000 12.985250 0.000000
vt 10.833333 12.985250 0.000000
vt 0.000000 14.608406 0.000000
vt 10.833333 14.608406 0.000000
vt 0.000000 16.231562 0.000000
vt 10.833333 16.231562 0.000000
vt 43.333333 19.477874 0.000000
vt 43.333333 17.854718 0.000000
vt 43.333333 16.231562 0.000000
vt 43.333333 14.608406 0.000000
vt 43.333333 12.985250 0.000000
vt 43.333333 11.362093 0.000000
vt 43.333333 9.738937 0.000000
vt 43.333333 8.115781 0.000000
vt 43.333333 6.492625 0.000000
vt 43.333333 4.869469 0.000000
vt 43.333333 3.246312 0.000000
vt 43.333333 1.623156 0.000000
vt 43.333333 0.000000 0.000000
vt 43.333333 -1.623156 0.000000
vt 43.333333 -3.246312 0.000000
vt 43.333333 -4.869469 0.000000
vt 43.333333 -6.492625 0.000000
vt 43.333333 -8.115781 0.000000
vt 43.333333 -9.738937 0.000000
vt 43.333333 -11.362093 0.000000
vt 43.333333 -12.985250 0.000000
vt 43.333333 -14.608406 0.000000
vt 43.333333 -16.231562 0.000000
vt 43.333333 -17.854718 0.000000
vt 43.333333 -19.477874 0.000000
vt 32.500000 19.477874 0.000000
vt 32.500000 17.854718 0.000000
vt 32.500000 16.231562 0.000000
vt 32.500000 14.608406 0.000000
vt 32.500000 12.985250 0.000000
vt 32.500000 11.362093 0.000000
vt 32.500000 9.738937 0.000000
vt 32.500000 8.115781 0.000000
vt 32.500000 6.492625 0.000000
vt 32.500000 4.869469 0.000000
vt 32.500000 3.246312 0.000000
vt 32.500000 1.623156 0.000000
vt 32.500000 0.000000 0.000000
vt 32.500000 -1.623156 0.000000
vt 32.500000 -3.246312 0.000000
vt 32.500000 -4.869469 0.000000
vt 32.500000 -6.492625 0.000000
vt 32.500000 -8.115781 0.000000
vt 32.500000 -9.738937 0.000000
vt 32.500000 -11.362093 0.000000
vt 32.500000 -12.985250 0.000000
vt 32.500000 -14.608406 0.000000
vt 32.500000 -16.231562 0.000000
vt 32.500000 -17.854718 0.000000
vt 32.500000 -19.477874 0.000000
vt 21.666667 19.477874 0.000000
vt 21.666667 17.854718 0.000000
vt 21.666667 16.231562 0.000000
vt 21.666667 14.608406 0.000000
vt 21.666667 12.985250 0.000000
vt 21.666667 11.362093 0.000000
vt 21.666667 9.738937 0.000000
vt 21.666667 8.115781 0.000000
vt 21.666667 6.492625 0.000000
vt 21.666667 4.869469 0.000000
vt 21.666667 3.246312 0.000000
vt 21.666667 1.623156 0.000000
vt 21.666667 0.000000 0.000000
vt 21.666667 -1.623156 0.000000
vt 21.666667 -3.246312 0.000000
vt 21.666667 -4.869469 0.000000
vt 21.666667 -6.492625 0.000000
vt 21.666667 -8.115781 0.000000
vt 21.666667 -9.738937 0.000000
vt 21.666667 -11.362093 0.000000
vt 21.666667 -12.985250 0.000000
vt 21.666667 -14.608406 0.000000
vt 21.666667 -16.231562 0.000000
vt 21.666667 -17.854718 0.000000
vt 21.666667 -19.477874 0.000000
vt -65.000000 17.998708 0.000000
vt -54.166667 17.998708 0.000000
vt -65.000000 19.634954 0.000000
vt -54.166667 19.634954 0.000000
vt -65.000000 -19.634954 0.000000
vt -54.166667 -19.634954 0.000000
vt -65.000000 -17.998708 0.000000
vt -54.166667 -17.998708 0.000000
vt -65.000000 -16.362462 0.000000
vt -54.166667 -16.362462 0.000000
vt -65.000000 -14.726216 0.000000
vt -54.166667 -14.726216 0.000000
vt -65.000000 -13.089969 0.000000
vt -54.166667 -13.089969 0.000000
vt -65.000000 -11.453723 0.000000
vt -54.166667 -11.453723 0.000000
vt -65.000000 -9.817477 0.000000
vt -54.166667 -9.817477 0.000000
vt -65.000000 -8.181231 0.000000
vt -54.166667 -8.181231 0.000000
vt -65.000000 -6.544985 0.000000
vt -54.166667 -6.544985 0.000000
vt -65.000000 -4.908739 0.000000
vt -54.166667 -4.908739 0.000000
vt -65.000000 -3.272492 0.000000
vt -54.166667 -3.272492 0.000000
vt -65.000000 -1.636246 0.000000
vt -54.166667 -1.636246 0.000000
vt -65.000000 0.000000 0.000000
vt -54.166667 0.000000 0.000000
vt -65.000000 1.636246 0.000000
vt -54.166667 1.636246 0.000000
vt -65.000000 3.272492 0.000000
vt -54.166667 3.272492 0.000000
vt -65.000000 4.908739 0.000000
vt -54.166667 4.908739 0.000000
vt -65.000000 6.544985 0.000000
vt -54.166667 6.544985 0.000000
vt -65.000000 8.181231 0.000000
vt -54.166667 8.181231 0.000000
vt -65.000000 9.817477 0.000000
vt -54.166667 9.817477 0.000000
vt -65.000000 11.453723 0.000000
vt -54.166667 11.453723 0.000000
vt -65.000000 13.089969 0.000000
vt -54.166667 13.089969 0.000000
vt -65.000000 14.726216 0.000000
vt -54.166667 14.726216 0.000000
vt -65.000000 16.362462 0.000000
vt -54.166667 16.362462 0.000000
vt -0.000000 -17.998708 0.000000
vt -10.833333 -17.998708 0.000000
vt -0.000000 -19.634954 0.000000
vt -10.833333 -19.634954 0.000000
vt -0.000000 19.634954 0.000000
vt -10.833333 19.634954 0.000000
vt -0.000000 17.998708 0.000000
vt -10.833333 17.998708 0.000000
vt -0.000000 16.362462 0.000000
vt -10.833333 16.362462 0.000000
vt -0.000000 14.726216 0.000000
vt -10.833333 14.726216 0.000000
vt -0.000000 13.089969 0.000000
vt -10.833333 13.089969 0.000000
vt -0.000000 11.453723 0.000000
vt -10.833333 11.453723 0.000000
vt -0.000000 9.817477 0.000000
vt -10.833333 9.817477 0.000000
vt -0.000000 8.181231 0.000000
vt -10.833333 8.181231 0.000000
vt -0.000000 6.544985 0.000000
vt -10.833333 6.544985 0.000000
vt -0.000000 4.908739 0.000000
vt -10.833333 4.908739 0.000000
vt -0.000000 3.272492 0.000000
vt -10.833333 3.272492 0.000000
vt -0.000000 1.636246 0.000000
vt -10.833333 1.636246 0.000000
vt -0.000000 0.000000 0.000000
vt -10.833333 0.000000 0.000000
vt -0.000000 -1.636246 0.000000
vt -10.833333 -1.636246 0.000000
vt -0.000000 -3.272492 0.000000
vt -10.833333 -3.272492 0.000000
vt -0.000000 -4.908739 0.000000
vt -10.833333 -4.908739 0.000000
vt -0.000000 -6.544985 0.000000
vt -10.833333 -6.544985 0.000000
vt -0.000000 -8.181231 0.000000
vt -10.833333 -8.181231 0.000000
vt -0.000000 -9.817477 0.000000
vt -10.833333 -9.817477 0.000000
vt -0.000000 -11.453723 0.000000
vt -10.833333 -11.453723 0.000000
vt -0.000000 -13.089969 0.000000
vt -10.833333 -13.089969 0.000000
vt -0.000000 -14.726216 0.000000
vt -10.833333 -14.726216 0.000000
vt -0.000000 -16.362462 0.000000
vt -10.833333 -16.362462 0.000000
vt -43.333333 -19.634954 0.000000
vt -43.333333 -17.998708 0.000000
vt -43.333333 -16.362462 0.000000
vt -43.333333 -14.726216 0.000000
vt -43.333333 -13.089969 0.000000
vt -43.333333 -11.453723 0.000000
vt -43.333333 -9.817477 0.000000
vt -43.333333 -8.181231 0.000000
vt -43.333333 -6.544985 0.000000
vt -43.333333 -4.908739 0.000000
vt -43.333333 -3.272492 0.000000
vt -43.333333 -1.636246 0.000000
vt -43.333333 0.000000 0.000000
vt -43.333333 1.636246 0.000000
vt -43.333333 3.272492 0.000000
vt -43.333333 4.908739 0.000000
vt -43.333333 6.544985 0.000000
vt -43.333333 8.181231 0.000000
vt -43.333333 9.817477 0.000000
vt -43.333333 11.453723 0.000000
vt -43.333333 13.089969 0.000000
vt -43.333333 14.726216 0.000000
vt -43.333333 16.362462 0.000000
vt -43.333333 17.998708 0.000000
vt -43.333333 19.634954 0.000000
vt -32.500000 -19.634954 0.000000
vt -32.500000 -17.998708 0.000000
vt -32.500000 -16.362462 0.000000
vt -32.500000 -14.726216 0.000000
vt -32.500000 -13.089969 0.000000
vt -32.500000 -11.453723 0.000000
vt -32.500000 -9.817477 0.000000
vt -32.500000 -8.181231 0.000000
vt -32.500000 -6.544985 0.000000
vt -32.500000 -4.908739 0.000000
vt -32.500000 -3.272492 0.000000
vt -32.500000 -1.636246 0.000000
vt -32.500000 0.000000 0.000000
vt -32.500000 1.636246 0.000000
vt -32.500000 3.272492 0.000000
vt -32.500000 4.908739 0.000000
vt -32.500000 6.544985 0.000000
vt -32.500000 8.181231 0.000000
vt -32.500000 9.817477 0.000000
vt -32.500000 11.453723 0.000000
vt -32.500000 13.089969 0.000000
vt -32.500000 14.726216 0.000000
vt -32.500000 16.362462 0.000000
vt -32.500000 17.998708 0.000000
vt -32.500000 19.634954 0.000000
vt -21.666667 -19.634954 0.000000
vt -21.666667 -17.998708 0.000000
vt -21.666667 -16.362462 0.000000
vt -21.666667 -14.726216 0.000000
vt -21.666667 -13.089969 0.000000
vt -21.666667 -11.453723 0.000000
vt -21.666667 -9.817477 0.000000
vt -21.666667 -8.181231 0.000000
vt -21.666667 -6.544985 0.000000
vt -21.666667 -4.908739 0.000000
vt -21.666667 -3.272492 0.000000
vt -21.666667 -1.636246 0.000000
vt -21.666667 0.000000 0.000000
vt -21.666667 1.636246 0.000000
vt -21.666667 3.272492 0.000000
vt -21.666667 4.908739 0.000000
vt -21.666667 6.544985 0.000000
vt -21.666667 8.181231 0.000000
vt -21.666667 9.817477 0.000000
vt -21.666667 11.453723 0.000000
vt -21.666667 13.089969 0.000000
vt -21.666667 14.726216 0.000000
vt -21.666667 16.362462 0.000000
vt -21.666667 17.998708 0.000000
vt -21.666667 19.634954 0.000000
vt -5.988740 -1.604678 0.000000
vt -6.200000 -0.000000 0.000000
vt -6.250000 -0.000000 0.000000
vt -5.988740 1.604678 0.000000
vt -6.037036 1.617619 0.000000
vt -5.369358 3.100000 0.000000
vt -5.412659 3.125000 0.000000
vt -4.384062 4.384062 0.000000
vt -4.419417 4.419417 0.000000
vt -3.100000 5.369358 0.000000
vt -3.125000 5.412659 0.000000
vt -1.604678 5.988740 0.000000
vt -1.617619 6.037036 0.000000
vt 0.000000 6.200000 0.000000
vt 0.000000 6.250000 0.000000
vt 1.617619 6.037036 0.000000
vt 1.604678 5.988740 0.000000
vt 3.125000 5.412659 0.000000
vt 3.100000 5.369358 0.000000
vt 4.419417 4.419417 0.000000
vt 4.384062 4.384062 0.000000
vt 5.412659 3.125000 0.000000
vt 5.369358 3.100000 0.000000
vt 6.037036 1.617619 0.000000
vt 5.988740 1.604678 0.000000
vt 6.250000 0.000000 0.000000
vt 6.200000 -0.000000 0.000000
vt 6.037036 -1.617619 0.000000
vt 5.988740 -1.604678 0.000000
vt 5.369358 -3.100000 0.000000
vt 5.412659 -3.125000 0.000000
vt 4.384062 -4.384062 0.000000
vt 4.419417 -4.419417 0.000000
vt 3.100000 -5.369358 0.000000
vt 3.125000 -5.412659 0.000000
vt 1.604678 -5.988740 0.000000
vt 1.617619 -6.037036 0.000000
vt -0.000000 -6.200000 0.000000
vt 0.000000 -6.250000 0.000000
vt -1.617619 -6.037036 0.000000
vt -1.604678 -5.988740 0.000000
vt -3.125000 -5.412659 0.000000
vt -3.100000 -5.369358 0.000000
vt -4.419417 -4.419417 0.000000
vt -4.384062 -4.384062 0.000000
vt -5.412659 -3.125000 0.000000
vt -5.369358 -3.100000 0.000000
vt -6.037036 -1.617619 0.000000
vt 5.988740 -1.604678 0.000000
vt 6.037036 -1.617619 0.000000
vt 6.200000 -0.000000 0.000000
vt 6.250000 -0.000000 0.000000
vt 5.988740 1.604678 0.000000
vt 6.037036 1.617619 0.000000
vt 5.369358 3.100000 0.000000
vt 5.412659 3.125000 0.000000
vt 4.384062 4.384062 0.000000
vt 4.419417 4.419417 0.000000
vt 3.100000 5.369358 0.000000
vt 3.125000 5.412659 0.000000
vt 1.604678 5.988740 0.000000
vt 1.617619 6.037036 0.000000
vt -0.000000 6.200000 0.000000
vt -0.000000 6.250000 0.000000
vt -1.617619 6.037036 0.000000
vt 5.369358 -3.100000 0.000000
vt 5.412659 -3.125000 0.000000
vt 4.384062 -4.384062 0.000000
vt 4.419417 -4.419417 0.000000
vt 3.100000 -5.369358 0.000000
vt 3.125000 -5.412659 0.000000
vt 1.604678 -5.988740 0.000000
vt 1.617619 -6.037036 0.000000
vt 0.000000 -6.200000 0.000000
vt -0.000000 -6.250000 0.000000
vt -1.617619 -6.037036 0.000000
vt -1.604678 -5.988740 0.000000
vt -3.125000 -5.412659 0.000000
vt -3.100000 -5.369358 0.000000
vt -4.419417 -4.419417 0.000000
vt -4.384062 -4.384062 0.000000
vt -5.412659 -3.125000 0.000000
vt -5.369358 -3.100000 0.000000
vt -6.037036 -1.617619 0.000000
vt -5.988740 -1.604678 0.000000
vt -6.250000 0.000000 0.000000
vt -6.200000 -0.000000 0.000000
vt -5.988740 1.604678 0.000000
vt -6.037036 1.617619 0.000000
vt -5.369358 3.100000 0.000000
vt -5.412659 3.125000 0.000000
vt -4.384062 4.384062 0.000000
vt -4.419417 4.419417 0.000000
vt -3.100000 5.369358 0.000000
vt -3.125000 5.412659 0.000000
vt -1.604678 5.988740 0.000000
vn 0.866025 -0.500000 0.000000
vn 0.866025 -0.500000 0.000000
vn 0.707107 -0.707107 0.000000
vn 0.707107 -0.707107 0.000000
vn 0.500000 -0.866025 0.000000
vn 0.500000 -0.866025 0.000000
vn 0.258819 -0.965926 0.000000
vn 0.258819 -0.965926 0.000000
vn -0.000000 -1.000000 0.000000
vn -0.000000 -1.000000 0.000000
vn -0.258819 -0.965926 0.000000
vn -0.258819 -0.965926 0.000000
vn -0.500000 -0.866025 0.000000
vn -0.500000 -0.866025 0.000000
vn -0.707107 -0.707107 0.000000
vn -0.707107 -0.707107 0.000000
vn -0.866025 -0.500000 0.000000
vn -0.866025 -0.500000 0.000000
vn -0.965926 -0.258819 0.000000
vn -0.965926 -0.258819 0.000000
vn -1.000000 0.000000 0.000000
vn -1.000000 0.000000 0.000000
vn -0.965926 0.258819 0.000000
vn -0.965926 0.258819 0.000000
vn -0.866025 0.500000 0.000000
vn -0.866025 0.500000 0.000000
vn -0.707107 0.707107 0.000000
vn -0.707107 0.707107 0.000000
vn -0.500000 0.866025 0.000000
vn -0.500000 0.866025 0.000000
vn -0.258819 0.965926 0.000000
vn -0.258819 0.965926 0.000000
vn -0.000000 1.000000 0.000000
vn -0.000000 1.000000 0.000000
vn 0.258819 0.965926 -0.000000
vn 0.258819 0.965926 -0.000000
vn 0.500000 0.866025 -0.000000
vn 0.500000 0.866025 -0.000000
vn 0.707107 0.707107 -0.000000
vn 0.707107 0.707107 -0.000000
vn 0.866025 0.500000 -0.000000
vn 0.866025 0.500000 -0.000000
vn 0.965926 0.258819 -0.000000
vn 0.965926 0.258819 -0.000000
vn 1.000000 -0.000000 0.000000
vn 1.000000 -0.000000 0.000000
vn 0.965926 -0.258819 0.000000
vn 0.965926 -0.258819 0.000000
vn 0.500000 -0.866025 0.000000
vn 0.500000 -0.866025 0.000000
vn 0.707107 -0.707107 0.000000
vn 0.707107 -0.707107 0.000000
vn 0.866025 -0.500000 0.000000
vn 0.866025 -0.500000 0.000000
vn 0.965926 -0.258819 0.000000
vn 0.965926 -0.258819 0.000000
vn 1.000000 -0.000000 0.000000
vn 1.000000 -0.000000 0.000000
vn 0.965926 0.258819 -0.000000
vn 0.965926 0.258819 -0.000000
vn 0.866025 0.500000 -0.000000
vn 0.866025 0.500000 -0.000000
vn 0.707107 0.707107 -0.000000
vn 0.707107 0.707107 -0.000000
vn 0.500000 0.866025 -0.000000
vn 0.500000 0.866025 -0.000000
vn 0.258819 0.965926 -0.000000
vn 0.258819 0.965926 -0.000000
vn -0.000000 1.000000 0.000000
vn -0.000000 1.000000 0.000000
vn -0.258819 0.965926 0.000000
vn -0.258819 0.965926 0.000000
vn -0.500000 0.866025 0.000000
vn -0.500000 0.866025 0.000000
vn -0.707107 0.707107 0.000000
vn -0.707107 0.707107 0.000000
vn -0.866025 0.500000 0.000000
vn -0.866025 0.500000 0.000000
vn -0.965926 0.258819 0.000000
vn -0.965926 0.258819 0.000000
vn -1.000000 0.000000 0.000000
vn -1.000000 0.000000 0.000000
vn -0.965926 -0.258819 0.000000
vn -0.965926 -0.258819 0.000000
vn -0.866025 -0.500000 0.000000
vn -0.866025 -0.500000 0.000000
vn -0.707107 -0.707107 0.000000
vn -0.707107 -0.707107 0.000000
vn -0.500000 -0.866025 0.000000
vn -0.500000 -0.866025 0.000000
vn -0.258819 -0.965926 0.000000
vn -0.258819 -0.965926 0.000000
vn -0.000000 -1.000000 0.000000
vn -0.000000 -1.000000 0.000000
vn 0.258819 -0.965926 0.000000
vn 0.258819 -0.965926 0.000000
vn 0.707107 -0.707107 0.000000
vn 0.500000 -0.866025 0.000000
vn 0.258819 -0.965926 0.000000
vn -0.000000 -1.000000 0.000000
vn -0.258819 -0.965926 0.000000
vn -0.500000 -0.866025 0.000000
vn -0.707107 -0.707107 0.000000
vn -0.866025 -0.500000 0.000000
vn -0.965926 -0.258819 0.000000
vn -1.000000 0.000000 0.000000
vn -0.965926 0.258819 0.000000
vn -0.866025 0.500000 0.000000
vn -0.707107 0.707107 0.000000
vn -0.500000 0.866025 0.000000
vn -0.258819 0.965926 0.000000
vn -0.000000 1.000000 0.000000
vn 0.258819 0.965926 -0.000000
vn 0.500000 0.866025 -0.000000
vn 0.707107 0.707107 -0.000000
vn 0.866025 0.500000 -0.000000
vn 0.965926 0.258819 -0.000000
vn 1.000000 -0.000000 0.000000
vn 0.965926 -0.258819 0.000000
vn 0.866025 -0.500000 0.000000
vn 0.707107 -0.707107 0.000000
vn 0.500000 -0.866025 0.000000
vn 0.258819 -0.965926 0.000000
vn -0.000000 -1.000000 0.000000
vn -0.258819 -0.965926 0.000000
vn -0.500000 -0.866025 0.000000
vn -0.707107 -0.707107 0.000000
vn -0.866025 -0.500000 0.000000
vn -0.965926 -0.258819 0.000000
vn -1.000000 0.000000 0.000000
vn -0.965926 0.258819 0.000000
vn -0.866025 0.500000 0.000000
vn -0.707107 0.707107 0.000000
vn -0.500000 0.866025 0.000000
vn -0.258819 0.965926 0.000000
vn -0.000000 1.000000 0.000000
vn 0.258819 0.965926 -0.000000
vn 0.500000 0.866025 -0.000000
vn 0.707107 0.707107 -0.000000
vn 0.866025 0.500000 -0.000000
vn 0.965926 0.258819 -0.000000
vn 1.000000 -0.000000 0.000000
vn 0.965926 -0.258819 0.000000
vn 0.866025 -0.500000 0.000000
vn 0.707107 -0.707107 0.000000
vn 0.500000 -0.866025 0.000000
vn 0.258819 -0.965926 0.000000
vn -0.000000 -1.000000 0.000000
vn -0.258819 -0.965926 0.000000
vn -0.500000 -0.866025 0.000000
vn -0.707107 -0.707107 0.000000
vn -0.866025 -0.500000 0.000000
vn -0.965926 -0.258819 0.000000
vn -1.000000 0.000000 0.000000
vn -0.965926 0.258819 0.000000
vn -0.866025 0.500000 0.000000
vn -0.707107 0.707107 0.000000
vn -0.500000 0.866025 0.000000
vn -0.258819 0.965926 0.000000
vn -0.000000 1.000000 0.000000
vn 0.258819 0.965926 -0.000000
vn 0.500000 0.866025 -0.000000
vn 0.707107 0.707107 -0.000000
vn 0.866025 0.500000 -0.000000
vn 0.965926 0.258819 -0.000000
vn 1.000000 -0.000000 0.000000
vn 0.965926 -0.258819 0.000000
vn 0.866025 -0.500000 0.000000
vn -0.500000 0.866025 -0.000000
vn -0.500000 0.866025 -0.000000
vn -0.707107 0.707107 -0.000000
vn -0.707107 0.707107 -0.000000
vn -0.866025 0.500000 -0.000000
vn -0.866025 0.500000 -0.000000
vn -0.965926 0.258819 -0.000000
vn -0.965926 0.258819 -0.000000
vn -1.000000 -0.000000 0.000000
vn -1.000000 -0.000000 0.000000
vn -0.965926 -0.258819 0.000000
vn -0.965926 -0.258819 0.000000
vn -0.866025 -0.500000 0.000000
vn -0.866025 -0.500000 0.000000
vn -0.707107 -0.707107 0.000000
vn -0.707107 -0.707107 0.000000
vn -0.500000 -0.866025 0.000000
vn -0.500000 -0.866025 0.000000
vn -0.258819 -0.965926 0.000000
vn -0.258819 -0.965926 0.000000
vn 0.000000 -1.000000 -0.000000
vn 0.000000 -1.000000 -0.000000
vn 0.258819 -0.965926 -0.000000
vn 0.258819 -0.965926 -0.000000
vn 0.500000 -0.866025 -0.000000
vn 0.500000 -0.866025 -0.000000
vn 0.707107 -0.707107 -0.000000
vn 0.707107 -0.707107 -0.000000
vn 0.866025 -0.500000 -0.000000
vn 0.866025 -0.500000 -0.000000
vn 0.965926 -0.258819 -0.000000
vn 0.965926 -0.258819 -0.000000
vn 1.000000 -0.000000 -0.000000
vn 1.000000 -0.000000 -0.000000
vn 0.965926 0.258819 -0.000000
vn 0.965926 0.258819 -0.000000
vn 0.866025 0.500000 -0.000000
vn 0.866025 0.500000 -0.000000
vn 0.707107 0.707107 -0.000000
vn 0.707107 0.707107 -0.000000
vn 0.500000 0.866025 -0.000000
vn 0.500000 0.866025 -0.000000
vn 0.258819 0.965926 -0.000000
vn 0.258819 0.965926 -0.000000
vn 0.000000 1.000000 -0.000000
vn 0.000000 1.000000 -0.000000
vn -0.258819 0.965926 -0.000000
vn -0.258819 0.965926 -0.000000
vn -0.866025 0.500000 -0.000000
vn -0.866025 0.500000 -0.000000
vn -0.707107 0.707107 -0.000000
vn -0.707107 0.707107 -0.000000
vn -0.500000 0.866025 -0.000000
vn -0.500000 0.866025 -0.000000
vn -0.258819 0.965926 -0.000000
vn -0.258819 0.965926 -0.000000
vn 0.000000 1.000000 -0.000000
vn 0.000000 1.000000 -0.000000
vn 0.258819 0.965926 -0.000000
vn 0.258819 0.965926 -0.000000
vn 0.500000 0.866025 -0.000000
vn 0.500000 0.866025 -0.000000
vn 0.707107 0.707107 -0.000000
vn 0.707107 0.707107 -0.000000
vn 0.866025 0.500000 -0.000000
vn 0.866025 0.500000 -0.000000
vn 0.965926 0.258819 -0.000000
vn 0.965926 0.258819 -0.000000
vn 1.000000 -0.000000 -0.000000
vn 1.000000 -0.000000 -0.000000
vn 0.965926 -0.258819 -0.000000
vn 0.965926 -0.258819 -0.000000
vn 0.866025 -0.500000 -0.000000
vn 0.866025 -0.500000 -0.000000
vn 0.707107 -0.707107 -0.000000
vn 0.707107 -0.707107 -0.000000
vn 0.500000 -0.866025 -0.000000
vn 0.500000 -0.866025 -0.000000
vn 0.258819 -0.965926 -0.000000
vn 0.258819 -0.965926 -0.000000
vn 0.000000 -1.000000 -0.000000
vn 0.000000 -1.000000 -0.000000
vn -0.258819 -0.965926 0.000000
vn -0.258819 -0.965926 0.000000
vn -0.500000 -0.866025 0.000000
vn -0.500000 -0.866025 0.000000
vn -0.707107 -0.707107 0.000000
vn -0.707107 -0.707107 0.000000
vn -0.866025 -0.500000 0.000000
vn -0.866025 -0.500000 0.000000
vn -0.965926 -0.258819 0.000000
vn -0.965926 -0.258819 0.000000
vn -1.000000 -0.000000 0.000000
vn -1.000000 -0.000000 0.000000
vn -0.965926 0.258819 -0.000000
vn -0.965926 0.258819 -0.000000
vn -0.707107 0.707107 -0.000000
vn -0.866025 0.500000 -0.000000
vn -0.965926 0.258819 -0.000000
vn -1.000000 -0.000000 0.000000
vn -0.965926 -0.258819 0.000000
vn -0.866025 -0.500000 0.000000
vn -0.707107 -0.707107 0.000000
vn -0.500000 -0.866025 0.000000
vn -0.258819 -0.965926 0.000000
vn 0.000000 -1.000000 -0.000000
vn 0.258819 -0.965926 -0.000000
vn 0.500000 -0.866025 -0.000000
vn 0.707107 -0.707107 -0.000000
vn 0.866025 -0.500000 -0.000000
vn 0.965926 -0.258819 -0.000000
vn 1.000000 -0.000000 -0.000000
vn 0.965926 0.258819 -0.000000
vn 0.866025 0.500000 -0.000000
vn 0.707107 0.707107 -0.000000
vn 0.500000 0.866025 -0.000000
vn 0.258819 0.965926 -0.000000
vn 0.000000 1.000000 -0.000000
vn -0.258819 0.965926 -0.000000
vn -0.500000 0.866025 -0.000000
vn -0.707107 0.707107 -0.000000
vn -0.866025 0.500000 -0.000000
vn -0.965926 0.258819 -0.000000
vn -1.000000 -0.000000 0.000000
vn -0.965926 -0.258819 0.000000
vn -0.866025 -0.500000 0.000000
vn -0.707107 -0.707107 0.000000
vn -0.500000 -0.866025 0.000000
vn -0.258819 -0.965926 0.000000
vn 0.000000 -1.000000 -0.000000
vn 0.258819 -0.965926 -0.000000
vn 0.500000 -0.866025 -0.000000
vn 0.707107 -0.707107 -0.000000
vn 0.866025 -0.500000 -0.000000
vn 0.965926 -0.258819 -0.000000
vn 1.000000 -0.000000 -0.000000
vn 0.965926 0.258819 -0.000000
vn 0.866025 0.500000 -0.000000
vn 0.707107 0.707107 -0.000000
vn 0.500000 0.866025 -0.000000
vn 0.258819 0.965926 -0.000000
vn 0.000000 1.000000 -0.000000
vn -0.258819 0.965926 -0.000000
vn -0.500000 0.866025 -0.000000
vn -0.707107 0.707107 -0.000000
vn -0.866025 0.500000 -0.000000
vn -0.965926 0.258819 -0.000000
vn -1.000000 -0.000000 0.000000
vn -0.965926 -0.258819 0.000000
vn -0.866025 -0.500000 0.000000
vn -0.707107 -0.707107 0.000000
vn -0.500000 -0.866025 0.000000
vn -0.258819 -0.965926 0.000000
vn 0.000000 -1.000000 -0.000000
vn 0.258819 -0.965926 -0.000000
vn 0.500000 -0.866025 -0.000000
vn 0.707107 -0.707107 -0.000000
vn 0.866025 -0.500000 -0.000000
vn 0.965926 -0.258819 -0.000000
vn 1.000000 -0.000000 -0.000000
vn 0.965926 0.258819 -0.000000
vn 0.866025 0.500000 -0.000000
vn 0.707107 0.707107 -0.000000
vn 0.500000 0.866025 -0.000000
vn 0.258819 0.965926 -0.000000
vn 0.000000 1.000000 -0.000000
vn -0.258819 0.965926 -0.000000
vn -0.500000 0.866025 -0.000000
vn 0.000000 0.000000 1.000000
vn 0.000000 0.000000 1.000000
vn 0.000000 0.000000 1.000000
vn 0.000000 0.000000 1.000000
vn 0.000000 0.000000 1.000000
vn 0.000000 0.000000 1.000000
vn 0.000000 0.000000 1.000000
vn 0.000000 0.000000 1.000000
vn 0.000000 0.000000 1.000000
vn 0.000000 0.000000 1.000000
vn 0.000000 0.000000 1.000000
vn 0.000000 0.000000 1.000000
vn 0.000000 0.000000 1.000000
vn 0.000000 0.000000 1.000000
vn 0.000000 0.000000 1.000000
vn 0.000000 0.000000 1.000000
vn 0.000000 0.000000 1.000000
vn 0.000000 0.000000 1.000000
vn 0.000000 0.000000 1.000000
vn 0.000000 0.000000 1.000000
vn 0.000000 0.000000 1.000000
vn 0.000000 0.000000 1.000000
vn 0.000000 0.000000 1.000000
vn 0.000000 0.000000 1.000000
vn 0.000000 0.000000 1.000000
vn 0.000000 0.000000 1.000000
vn 0.000000 0.000000 1.000000
vn 0.000000 0.000000 1.000000
vn 0.000000 0.000000 1.000000
vn 0.000000 0.000000 1.000000
vn 0.000000 0.000000 1.000000
vn 0.000000 0.000000 1.000000
vn 0.000000 0.000000 1.000000
vn 0.000000 0.000000 1.000000
vn 0.000000 0.000000 1.000000
vn 0.000000 0.000000 1.000000
vn 0.000000 0.000000 1.000000
vn 0.000000 0.000000 1.000000
vn 0.000000 0.000000 1.000000
vn 0.000000 0.000000 1.000000
vn 0.000000 0.000000 1.000000
vn 0.000000 0.000000 1.000000
vn 0.000000 0.000000 1.000000
vn 0.000000 0.000000 1.000000
vn 0.000000 0.000000 1.000000
vn 0.000000 0.000000 1.000000
vn 0.000000 0.000000 1.000000
vn 0.000000 0.000000 1.000000
vn -0.000000 -0.000000 -1.000000
vn -0.000000 -0.000000 -1.000000
vn -0.000000 -0.000000 -1.000000
vn -0.000000 -0.000000 -1.000000
vn -0.000000 -0.000000 -1.000000
vn -0.000000 -0.000000 -1.000000
vn -0.000000 -0.000000 -1.000000
vn -0.000000 -0.000000 -1.000000
vn -0.000000 -0.000000 -1.000000
vn -0.000000 -0.000000 -1.000000
vn -0.000000 -0.000000 -1.000000
vn -0.000000 -0.000000 -1.000000
vn -0.000000 -0.000000 -1.000000
vn -0.000000 -0.000000 -1.000000
vn -0.000000 -0.000000 -1.000000
vn -0.000000 -0.000000 -1.000000
vn -0.000000 -0.000000 -1.000000
vn -0.000000 -0.000000 -1.000000
vn -0.000000 -0.000000 -1.000000
vn -0.000000 -0.000000 -1.000000
vn -0.000000 -0.000000 -1.000000
vn -0.000000 -0.000000 -1.000000
vn -0.000000 -0.000000 -1.000000
vn -0.000000 -0.000000 -1.000000
vn -0.000000 -0.000000 -1.000000
vn -0.000000 -0.000000 -1.000000
vn -0.000000 -0.000000 -1.000000
vn -0.000000 -0.000000 -1.000000
vn -0.000000 -0.000000 -1.000000
vn -0.000000 -0.000000 -1.000000
vn -0.000000 -0.000000 -1.000000
vn -0.000000 -0.000000 -1.000000
vn -0.000000 -0.000000 -1.000000
vn -0.000000 -0.000000 -1.000000
vn -0.000000 -0.000000 -1.000000
vn -0.000000 -0.000000 -1.000000
vn -0.000000 -0.000000 -1.000000
vn -0.000000 -0.000000 -1.000000
vn -0.000000 -0.000000 -1.000000
vn -0.000000 -0.000000 -1.000000
vn -0.000000 -0.000000 -1.000000
vn -0.000000 -0.000000 -1.000000
vn -0.000000 -0.000000 -1.000000
vn -0.000000 -0.000000 -1.000000
vn -0.000000 -0.000000 -1.000000
vn -0.000000 -0.000000 -1.000000
vn -0.000000 -0.000000 -1.000000
vn -0.000000 -0.000000 -1.000000
f 751/1157/1131 803/1158/1132 750/1159/1133
f 750/1159/1133 803/1158/1132 798/1160/1134
f 750/1161/1133 798/1162/1134 773/1163/1135
f 773/1163/1135 798/1162/1134 913/1164/1136
f 773/1163/1135 913/1164/1136 772/1165/1137
f 772/1165/1137 913/1164/1136 908/1166/1138
f 772/1165/1137 908/1166/1138 771/1167/1139
f 771/1167/1139 908/1166/1138 903/1168/1140
f 771/1167/1139 903/1168/1140 770/1169/1141
f 770/1169/1141 903/1168/1140 898/1170/1142
f 770/1169/1141 898/1170/1142 769/1171/1143
f 769/1171/1143 898/1170/1142 893/1172/1144
f 769/1171/1143 893/1172/1144 768/1173/1145
f 768/1173/1145 893/1172/1144 888/1174/1146
f 768/1173/1145 888/1174/1146 767/1175/1147
f 767/1175/1147 888/1174/1146 883/1176/1148
f 767/1175/1147 883/1176/1148 766/1177/1149
f 766/1177/1149 883/1176/1148 878/1178/1150
f 766/1177/1149 878/1178/1150 765/1179/1151
f 765/1179/1151 878/1178/1150 873/1180/1152
f 765/1179/1151 873/1180/1152 764/1181/1153
f 764/1181/1153 873/1180/1152 868/1182/1154
f 764/1181/1153 868/1182/1154 763/1183/1155
f 763/1183/1155 868/1182/1154 863/1184/1156
f 763/1183/1155 863/1184/1156 762/1185/1157
f 762/1185/1157 863/1184/1156 858/1186/1158
f 762/1185/1157 858/1186/1158 761/1187/1159
f 761/1187/1159 858/1186/1158 853/1188/1160
f 761/1187/1159 853/1188/1160 760/1189/1161
f 760/1189/1161 853/1188/1160 848/1190/1162
f 760/1189/1161 848/1190/1162 759/1191/1163
f 759/1191/1163 848/1190/1162 843/1192/1164
f 759/1191/1163 843/1192/1164 758/1193/1165
f 758/1193/1165 843/1192/1164 838/1194/1166
f 758/1193/1165 838/1194/1166 757/1195/1167
f 757/1195/1167 838/1194/1166 833/1196/1168
f 757/1195/1167 833/1196/1168 756/1197/1169
f 756/1197/1169 833/1196/1168 828/1198/1170
f 756/1197/1169 828/1198/1170 755/1199/1171
f 755/1199/1171 828/1198/1170 823/1200/1172
f 755/1199/1171 823/1200/1172 754/1201/1173
f 754/1201/1173 823/1200/1172 818/1202/1174
f 754/1201/1173 818/1202/1174 753/1203/1175
f 753/1203/1175 818/1202/1174 813/1204/1176
f 753/1203/1175 813/1204/1176 752/1205/1177
f 752/1205/1177 813/1204/1176 808/1206/1178
f 752/1205/1177 808/1206/1178 751/1157/1131
f 751/1157/1131 808/1206/1178 803/1158/1132
f 775/1207/1179 917/1208/1180 774/1209/1181
f 774/1209/1181 917/1208/1180 802/1210/1182
f 774/1211/1181 802/1212/1182 797/1213/1183
f 797/1213/1183 802/1212/1182 807/1214/1184
f 797/1213/1183 807/1214/1184 796/1215/1185
f 796/1215/1185 807/1214/1184 812/1216/1186
f 796/1215/1185 812/1216/1186 795/1217/1187
f 795/1217/1187 812/1216/1186 817/1218/1188
f 795/1217/1187 817/1218/1188 794/1219/1189
f 794/1219/1189 817/1218/1188 822/1220/1190
f 794/1219/1189 822/1220/1190 793/1221/1191
f 793/1221/1191 822/1220/1190 827/1222/1192
f 793/1221/1191 827/1222/1192 792/1223/1193
f 792/1223/1193 827/1222/1192 832/1224/1194
f 792/1223/1193 832/1224/1194 791/1225/1195
f 791/1225/1195 832/1224/1194 837/1226/1196
f 791/1225/1195 837/1226/1196 790/1227/1197
f 790/1227/1197 837/1226/1196 842/1228/1198
f 790/1227/1197 842/1228/1198 789/1229/1199
f 789/1229/1199 842/1228/1198 847/1230/1200
f 789/1229/1199 847/1230/1200 788/1231/1201
f 788/1231/1201 847/1230/1200 852/1232/1202
f 788/1231/1201 852/1232/1202 787/1233/1203
f 787/1233/1203 852/1232/1202 857/1234/1204
f 787/1233/1203 857/1234/1204 786/1235/1205
f 786/1235/1205 857/1234/1204 862/1236/1206
f 786/1235/1205 862/1236/1206 785/1237/1207
f 785/1237/1207 862/1236/1206 867/1238/1208
f 785/1237/1207 867/1238/1208 784/1239/1209
f 784/1239/1209 867/1238/1208 872/1240/1210
f 784/1239/1209 872/1240/1210 783/1241/1211
f 783/1241/1211 872/1240/1210 877/1242/1212
f 783/1241/1211 877/1242/1212 782/1243/1213
f 782/1243/1213 877/1242/1212 882/1244/1214
f 782/1243/1213 882/1244/1214 781/1245/1215
f 781/1245/1215 882/1244/1214 887/1246/1216
f 781/1245/1215 887/1246/1216 780/1247/1217
f 780/1247/1217 887/1246/1216 892/1248/1218
f 780/1247/1217 892/1248/1218 779/1249/1219
f 779/1249/1219 892/1248/1218 897/1250/1220
f 779/1249/1219 897/1250/1220 778/1251/1221
f 778/1251/1221 897/1250/1220 902/1252/1222
f 778/1251/1221 902/1252/1222 777/1253/1223
f 777/1253/1223 902/1252/1222 907/1254/1224
f 777/1253/1223 907/1254/1224 776/1255/1225
f 776/1255/1225 907/1254/1224 912/1256/1226
f 776/1255/1225 912/1256/1226 775/1207/1179
f 775/1207/1179 912/1256/1226 917/1208/1180
f 798/1162/1134 799/1257/1227 913/1164/1136
f 913/1164/1136 799/1257/1227 914/1258/1228
f 913/1164/1136 914/1258/1228 908/1166/1138
f 908/1166/1138 914/1258/1228 909/1259/1229
f 908/1166/1138 909/1259/1229 903/1168/1140
f 903/1168/1140 909/1259/1229 904/1260/1230
f 903/1168/1140 904/1260/1230 898/1170/1142
f 898/1170/1142 904/1260/1230 899/1261/1231
f 898/1170/1142 899/1261/1231 893/1172/1144
f 893/1172/1144 899/1261/1231 894/1262/1232
f 893/1172/1144 894/1262/1232 888/1174/1146
f 888/1174/1146 894/1262/1232 889/1263/1233
f 888/1174/1146 889/1263/1233 883/1176/1148
f 883/1176/1148 889/1263/1233 884/1264/1234
f 883/1176/1148 884/1264/1234 878/1178/1150
f 878/1178/1150 884/1264/1234 879/1265/1235
f 878/1178/1150 879/1265/1235 873/1180/1152
f 873/1180/1152 879/1265/1235 874/1266/1236
f 873/1180/1152 874/1266/1236 868/1182/1154
f 868/1182/1154 874/1266/1236 869/1267/1237
f 868/1182/1154 869/1267/1237 863/1184/1156
f 863/1184/1156 869/1267/1237 864/1268/1238
f 863/1184/1156 864/1268/1238 858/1186/1158
f 858/1186/1158 864/1268/1238 859/1269/1239
f 858/1186/1158 859/1269/1239 853/1188/1160
f 853/1188/1160 859/1269/1239 854/1270/1240
f 853/1188/1160 854/1270/1240 848/1190/1162
f 848/1190/1162 854/1270/1240 849/1271/1241
f 848/1190/1162 849/1271/1241 843/1192/1164
f 843/1192/1164 849/1271/1241 844/1272/1242
f 843/1192/1164 844/1272/1242 838/1194/1166
f 838/1194/1166 844/1272/1242 839/1273/1243
f 838/1194/1166 839/1273/1243 833/1196/1168
f 833/1196/1168 839/1273/1243 834/1274/1244
f 833/1196/1168 834/1274/1244 828/1198/1170
f 828/1198/1170 834/1274/1244 829/1275/1245
f 828/1198/1170 829/1275/1245 823/1200/1172
f 823/1200/1172 829/1275/1245 824/1276/1246
f 823/1200/1172 824/1276/1246 818/1202/1174
f 818/1202/1174 824/1276/1246 819/1277/1247
f 818/1202/1174 819/1277/1247 813/1204/1176
f 813/1204/1176 819/1277/1247 814/1278/1248
f 813/1204/1176 814/1278/1248 808/1206/1178
f 808/1206/1178 814/1278/1248 809/1279/1249
f 808/1206/1178 809/1279/1249 803/1158/1132
f 803/1158/1132 809/1279/1249 804/1280/1250
f 803/1158/1132 804/1280/1250 798/1160/1134
f 798/1160/1134 804/1280/1250 799/1281/1227
f 799/1257/1227 800/1282/1251 914/1258/1228
f 914/1258/1228 800/1282/1251 915/1283/1252
f 914/1258/1228 915/1283/1252 909/1259/1229
f 909/1259/1229 915/1283/1252 910/1284/1253
f 909/1259/1229 910/1284/1253 904/1260/1230
f 904/1260/1230 910/1284/1253 905/1285/1254
f 904/1260/1230 905/1285/1254 899/1261/1231
f 899/1261/1231 905/1285/1254 900/1286/1255
f 899/1261/1231 900/1286/1255 894/1262/1232
f 894/1262/1232 900/1286/1255 895/1287/1256
f 894/1262/1232 895/1287/1256 889/1263/1233
f 889/1263/1233 895/1287/1256 890/1288/1257
f 889/1263/1233 890/1288/1257 884/1264/1234
f 884/1264/1234 890/1288/1257 885/1289/1258
f 884/1264/1234 885/1289/1258 879/1265/1235
f 879/1265/1235 885/1289/1258 880/1290/1259
f 879/1265/1235 880/1290/1259 874/1266/1236
f 874/1266/1236 880/1290/1259 875/1291/1260
f 874/1266/1236 875/1291/1260 869/1267/1237
f 869/1267/1237 875/1291/1260 870/1292/1261
f 869/1267/1237 870/1292/1261 864/1268/1238
f 864/1268/1238 870/1292/1261 865/1293/1262
f 864/1268/1238 865/1293/1262 859/1269/1239
f 859/1269/1239 865/1293/1262 860/1294/1263
f 859/1269/1239 860/1294/1263 854/1270/1240
f 854/1270/1240 860/1294/1263 855/1295/1264
f 854/1270/1240 855/1295/1264 849/1271/1241
f 849/1271/1241 855/1295/1264 850/1296/1265
f 849/1271/1241 850/1296/1265 844/1272/1242
f 844/1272/1242 850/1296/1265 845/1297/1266
f 844/1272/1242 845/1297/1266 839/1273/1243
f 839/1273/1243 845/1297/1266 840/1298/1267
f 839/1273/1243 840/1298/1267 834/1274/1244
f 834/1274/1244 840/1298/1267 835/1299/1268
f 834/1274/1244 835/1299/1268 829/1275/1245
f 829/1275/1245 835/1299/1268 830/1300/1269
f 829/1275/1245 830/1300/1269 824/1276/1246
f 824/1276/1246 830/1300/1269 825/1301/1270
f 824/1276/1246 825/1301/1270 819/1277/1247
f 819/1277/1247 825/1301/1270 820/1302/1271
f 819/1277/1247 820/1302/1271 814/1278/1248
f 814/1278/1248 820/1302/1271 815/1303/1272
f 814/1278/1248 815/1303/1272 809/1279/1249
f 809/1279/1249 815/1303/1272 810/1304/1273
f 809/1279/1249 810/1304/1273 804/1280/1250
f 804/1280/1250 810/1304/1273 805/1305/1274
f 804/1280/1250 805/1305/1274 799/1281/1227
f 799/1281/1227 805/1305/1274 800/1306/1251
f 800/1282/1251 801/1307/1275 915/1283/1252
f 915/1283/1252 801/1307/1275 916/1308/1276
f 915/1283/1252 916/1308/1276 910/1284/1253
f 910/1284/1253 916/1308/1276 911/1309/1277
f 910/1284/1253 911/1309/1277 905/1285/1254
f 905/1285/1254 911/1309/1277 906/1310/1278
f 905/1285/1254 906/1310/1278 900/1286/1255
f 900/1286/1255 906/1310/1278 901/1311/1279
f 900/1286/1255 901/1311/1279 895/1287/1256
f 895/1287/1256 901/1311/1279 896/1312/1280
f 895/1287/1256 896/1312/1280 890/1288/1257
f 890/1288/1257 896/1312/1280 891/1313/1281
f 890/1288/1257 891/1313/1281 885/1289/1258
f 885/1289/1258 891/1313/1281 886/1314/1282
f 885/1289/1258 886/1314/1282 880/1290/1259
f 880/1290/1259 886/1314/1282 881/1315/1283
f 880/1290/1259 881/1315/1283 875/1291/1260
f 875/1291/1260 881/1315/1283 876/1316/1284
f 875/1291/1260 876/1316/1284 870/1292/1261
f 870/1292/1261 876/1316/1284 871/1317/1285
f 870/1292/1261 871/1317/1285 865/1293/1262
f 865/1293/1262 871/1317/1285 866/1318/1286
f 865/1293/1262 866/1318/1286 860/1294/1263
f 860/1294/1263 866/1318/1286 861/1319/1287
f 860/1294/1263 861/1319/1287 855/1295/1264
f 855/1295/1264 861/1319/1287 856/1320/1288
f 855/1295/1264 856/1320/1288 850/1296/1265
f 850/1296/1265 856/1320/1288 851/1321/1289
f 850/1296/1265 851/1321/1289 845/1297/1266
f 845/1297/1266 851/1321/1289 846/1322/1290
f 845/1297/1266 846/1322/1290 840/1298/1267
f 840/1298/1267 846/1322/1290 841/1323/1291
f 840/1298/1267 841/1323/1291 835/1299/1268
f 835/1299/1268 841/1323/1291 836/1324/1292
f 835/1299/1268 836/1324/1292 830/1300/1269
f 830/1300/1269 836/1324/1292 831/1325/1293
f 830/1300/1269 831/1325/1293 825/1301/1270
f 825/1301/1270 831/1325/1293 826/1326/1294
f 825/1301/1270 826/1326/1294 820/1302/1271
f 820/1302/1271 826/1326/1294 821/1327/1295
f 820/1302/1271 821/1327/1295 815/1303/1272
f 815/1303/1272 821/1327/1295 816/1328/1296
f 815/1303/1272 816/1328/1296 810/1304/1273
f 810/1304/1273 816/1328/1296 811/1329/1297
f 810/1304/1273 811/1329/1297 805/1305/1274
f 805/1305/1274 811/1329/1297 806/1330/1298
f 805/1305/1274 806/1330/1298 800/1306/1251
f 800/1306/1251 806/1330/1298 801/1331/1275
f 801/1307/1275 802/1210/1182 916/1308/1276
f 916/1308/1276 802/1210/1182 917/1208/1180
f 916/1308/1276 917/1208/1180 911/1309/1277
f 911/1309/1277 917/1208/1180 912/1256/1226
f 911/1309/1277 912/1256/1226 906/1310/1278
f 906/1310/1278 912/1256/1226 907/1254/1224
f 906/1310/1278 907/1254/1224 901/1311/1279
f 901/1311/1279 907/1254/1224 902/1252/1222
f 901/1311/1279 902/1252/1222 896/1312/1280
f 896/1312/1280 902/1252/1222 897/1250/1220
f 896/1312/1280 897/1250/1220 891/1313/1281
f 891/1313/1281 897/1250/1220 892/1248/1218
f 891/1313/1281 892/1248/1218 886/1314/1282
f 886/1314/1282 892/1248/1218 887/1246/1216
f 886/1314/1282 887/1246/1216 881/1315/1283
f 881/1315/1283 887/1246/1216 882/1244/1214
f 881/1315/1283 882/1244/1214 876/1316/1284
f 876/1316/1284 882/1244/1214 877/1242/1212
f 876/1316/1284 877/1242/1212 871/1317/1285
f 871/1317/1285 877/1242/1212 872/1240/1210
f 871/1317/1285 872/1240/1210 866/1318/1286
f 866/1318/1286 872/1240/1210 867/1238/1208
f 866/1318/1286 867/1238/1208 861/1319/1287
f 861/1319/1287 867/1238/1208 862/1236/1206
f 861/1319/1287 862/1236/1206 856/1320/1288
f 856/1320/1288 862/1236/1206 857/1234/1204
f 856/1320/1288 857/1234/1204 851/1321/1289
f 851/1321/1289 857/1234/1204 852/1232/1202
f 851/1321/1289 852/1232/1202 846/1322/1290
f 846/1322/1290 852/1232/1202 847/1230/1200
f 846/1322/1290 847/1230/1200 841/1323/1291
f 841/1323/1291 847/1230/1200 842/1228/1198
f 841/1323/1291 842/1228/1198 836/1324/1292
f 836/1324/1292 842/1228/1198 837/1226/1196
f 836/1324/1292 837/1226/1196 831/1325/1293
f 831/1325/1293 837/1226/1196 832/1224/1194
f 831/1325/1293 832/1224/1194 826/1326/1294
f 826/1326/1294 832/1224/1194 827/1222/1192
f 826/1326/1294 827/1222/1192 821/1327/1295
f 821/1327/1295 827/1222/1192 822/1220/1190
f 821/1327/1295 822/1220/1190 816/1328/1296
f 816/1328/1296 822/1220/1190 817/1218/1188
f 816/1328/1296 817/1218/1188 811/1329/1297
f 811/1329/1297 817/1218/1188 812/1216/1186
f 811/1329/1297 812/1216/1186 806/1330/1298
f 806/1330/1298 812/1216/1186 807/1214/1184
f 806/1330/1298 807/1214/1184 801/1331/1275
f 801/1331/1275 807/1214/1184 802/1212/1182
f 919/1332/1299 971/1333/1300 918/1334/1301
f 918/1334/1301 971/1333/1300 966/1335/1302
f 918/1336/1301 966/1337/1302 941/1338/1303
f 941/1338/1303 966/1337/1302 1081/1339/1304
f 941/1338/1303 1081/1339/1304 940/1340/1305
f 940/1340/1305 1081/1339/1304 1076/1341/1306
f 940/1340/1305 1076/1341/1306 939/1342/1307
f 939/1342/1307 1076/1341/1306 1071/1343/1308
f 939/1342/1307 1071/1343/1308 938/1344/1309
f 938/1344/1309 1071/1343/1308 1066/1345/1310
f 938/1344/1309 1066/1345/1310 937/1346/1311
f 937/1346/1311 1066/1345/1310 1061/1347/1312
f 937/1346/1311 1061/1347/1312 936/1348/1313
f 936/1348/1313 1061/1347/1312 1056/1349/1314
f 936/1348/1313 1056/1349/1314 935/1350/1315
f 935/1350/1315 1056/1349/1314 1051/1351/1316
f 935/1350/1315 1051/1351/1316 934/1352/1317
f 934/1352/1317 1051/1351/1316 1046/1353/1318
f 934/1352/1317 1046/1353/1318 933/1354/1319
f 933/1354/1319 1046/1353/1318 1041/1355/1320
f 933/1354/1319 1041/1355/1320 932/1356/1321
f 932/1356/1321 1041/1355/1320 1036/1357/1322
f 932/1356/1321 1036/1357/1322 931/1358/1323
f 931/1358/1323 1036/1357/1322 1031/1359/1324
f 931/1358/1323 1031/1359/1324 930/1360/1325
f 930/1360/1325 1031/1359/1324 1026/1361/1326
f 930/1360/1325 1026/1361/1326 929/1362/1327
f 929/1362/1327 1026/1361/1326 1021/1363/1328
f 929/1362/1327 1021/1363/1328 928/1364/1329
f 928/1364/1329 1021/1363/1328 1016/1365/1330
f 928/1364/1329 1016/1365/1330 927/1366/1331
f 927/1366/1331 1016/1365/1330 1011/1367/1332
f 927/1366/1331 1011/1367/1332 926/1368/1333
f 926/1368/1333 1011/1367/1332 1006/1369/1334
f 926/1368/1333 1006/1369/1334 925/1370/1335
f 925/1370/1335 1006/1369/1334 1001/1371/1336
f 925/1370/1335 1001/1371/1336 924/1372/1337
f 924/1372/1337 1001/1371/1336 996/1373/1338
f 924/1372/1337 996/1373/1338 923/1374/1339
f 923/1374/1339 996/1373/1338 991/1375/1340
f 923/1374/1339 991/1375/1340 922/1376/1341
f 922/1376/1341 991/1375/1340 986/1377/1342
f 922/1376/1341 986/1377/1342 921/1378/1343
f 921/1378/1343 986/1377/1342 981/1379/1344
f 921/1378/1343 981/1379/1344 920/1380/1345
f 920/1380/1345 981/1379/1344 976/1381/1346
f 920/1380/1345 976/1381/1346 919/1332/1299
f 919/1332/1299 976/1381/1346 971/1333/1300
f 943/1382/1347 1085/1383/1348 942/1384/1349
f 942/1384/1349 1085/1383/1348 970/1385/1350
f 942/1386/1349 970/1387/1350 965/1388/1351
f 965/1388/1351 970/1387/1350 975/1389/1352
f 965/1388/1351 975/1389/1352 964/1390/1353
f 964/1390/1353 975/1389/1352 980/1391/1354
f 964/1390/1353 980/1391/1354 963/1392/1355
f 963/1392/1355 980/1391/1354 985/1393/1356
f 963/1392/1355 985/1393/1356 962/1394/1357
f 962/1394/1357 985/1393/1356 990/1395/1358
f 962/1394/1357 990/1395/1358 961/1396/1359
f 961/1396/1359 990/1395/1358 995/1397/1360
f 961/1396/1359 995/1397/1360 960/1398/1361
f 960/1398/1361 995/1397/1360 1000/1399/1362
f 960/1398/1361 1000/1399/1362 959/1400/1363
f 959/1400/1363 1000/1399/1362 1005/1401/1364
f 959/1400/1363 1005/1401/1364 958/1402/1365
f 958/1402/1365 1005/1401/1364 1010/1403/1366
f 958/1402/1365 1010/1403/1366 957/1404/1367
f 957/1404/1367 1010/1403/1366 1015/1405/1368
f 957/1404/1367 1015/1405/1368 956/1406/1369
f 956/1406/1369 1015/1405/1368 1020/1407/1370
f 956/1406/1369 1020/1407/1370 955/1408/1371
f 955/1408/1371 1020/1407/1370 1025/1409/1372
f 955/1408/1371 1025/1409/1372 954/1410/1373
f 954/1410/1373 1025/1409/1372 1030/1411/1374
f 954/1410/1373 1030/1411/1374 953/1412/1375
f 953/1412/1375 1030/1411/1374 1035/1413/1376
f 953/1412/1375 1035/1413/1376 952/1414/1377
f 952/1414/1377 1035/1413/1376 1040/1415/1378
f 952/1414/1377 1040/1415/1378 951/1416/1379
f 951/1416/1379 1040/1415/1378 1045/1417/1380
f 951/1416/1379 1045/1417/1380 950/1418/1381
f 950/1418/1381 1045/1417/1380 1050/1419/1382
f 950/1418/1381 1050/1419/1382 949/1420/1383
f 949/1420/1383 1050/1419/1382 1055/1421/1384
f 949/1420/1383 1055/1421/1384 948/1422/1385
f 948/1422/1385 1055/1421/1384 1060/1423/1386
f 948/1422/1385 1060/1423/1386 947/1424/1387
f 947/1424/1387 1060/1423/1386 1065/1425/1388
f 947/1424/1387 1065/1425/1388 946/1426/1389
f 946/1426/1389 1065/1425/1388 1070/1427/1390
f 946/1426/1389 1070/1427/1390 945/1428/1391
f 945/1428/1391 1070/1427/1390 1075/1429/1392
f 945/1428/1391 1075/1429/1392 944/1430/1393
f 944/1430/1393 1075/1429/1392 1080/1431/1394
f 944/1430/1393 1080/1431/1394 943/1382/1347
f 943/1382/1347 1080/1431/1394 1085/1383/1348
f 966/1337/1302 967/1432/1395 1081/1339/1304
f 1081/1339/1304 967/1432/1395 1082/1433/1396
f 1081/1339/1304 1082/1433/1396 1076/1341/1306
f 1076/1341/1306 1082/1433/1396 1077/1434/1397
f 1076/1341/1306 1077/1434/1397 1071/1343/1308
f 1071/1343/1308 1077/1434/1397 1072/1435/1398
f 1071/1343/1308 1072/1435/1398 1066/1345/1310
f 1066/1345/1310 1072/1435/1398 1067/1436/1399
f 1066/1345/1310 1067/1436/1399 1061/1347/1312
f 1061/1347/1312 1067/1436/1399 1062/1437/1400
f 1061/1347/1312 1062/1437/1400 1056/1349/1314
f 1056/1349/1314 1062/1437/1400 1057/1438/1401
f 1056/1349/1314 1057/1438/1401 1051/1351/1316
f 1051/1351/1316 1057/1438/1401 1052/1439/1402
f 1051/1351/1316 1052/1439/1402 1046/1353/1318
f 1046/1353/1318 1052/1439/1402 1047/1440/1403
f 1046/1353/1318 1047/1440/1403 1041/1355/1320
f 1041/1355/1320 1047/1440/1403 1042/1441/1404
f 1041/1355/1320 1042/1441/1404 1036/1357/1322
f 1036/1357/1322 1042/1441/1404 1037/1442/1405
f 1036/1357/1322 1037/1442/1405 1031/1359/1324
f 1031/1359/1324 1037/1442/1405 1032/1443/1406
f 1031/1359/1324 1032/1443/1406 1026/1361/1326
f 1026/1361/1326 1032/1443/1406 1027/1444/1407
f 1026/1361/1326 1027/1444/1407 1021/1363/1328
f 1021/1363/1328 1027/1444/1407 1022/1445/1408
f 1021/1363/1328 1022/1445/1408 1016/1365/1330
f 1016/1365/1330 1022/1445/1408 1017/1446/1409
f 1016/1365/1330 1017/1446/1409 1011/1367/1332
f 1011/1367/1332 1017/1446/1409 1012/1447/1410
f 1011/1367/1332 1012/1447/1410 1006/1369/1334
f 1006/1369/1334 1012/1447/1410 1007/1448/1411
f 1006/1369/1334 1007/1448/1411 1001/1371/1336
f 1001/1371/1336 1007/1448/1411 1002/1449/1412
f 1001/1371/1336 1002/1449/1412 996/1373/1338
f 996/1373/1338 1002/1449/1412 997/1450/1413
f 996/1373/1338 997/1450/1413 991/1375/1340
f 991/1375/1340 997/1450/1413 992/1451/1414
f 991/1375/1340 992/1451/1414 986/1377/1342
f 986/1377/1342 992/1451/1414 987/1452/1415
f 986/1377/1342 987/1452/1415 981/1379/1344
f 981/1379/1344 987/1452/1415 982/1453/1416
f 981/1379/1344 982/1453/1416 976/1381/1346
f 976/1381/1346 982/1453/1416 977/1454/1417
f 976/1381/1346 977/1454/1417 971/1333/1300
f 971/1333/1300 977/1454/1417 972/1455/1418
f 971/1333/1300 972/1455/1418 966/1335/1302
f 966/1335/1302 972/1455/1418 967/1456/1395
f 967/1432/1395 968/1457/1419 1082/1433/1396
f 1082/1433/1396 968/1457/1419 1083/1458/1420
f 1082/1433/1396 1083/1458/1420 1077/1434/1397
f 1077/1434/1397 1083/1458/1420 1078/1459/1421
f 1077/1434/1397 1078/1459/1421 1072/1435/1398
f 1072/1435/1398 1078/1459/1421 1073/1460/1422
f 1072/1435/1398 1073/1460/1422 1067/1436/1399
f 1067/1436/1399 1073/1460/1422 1068/1461/1423
f 1067/1436/1399 1068/1461/1423 1062/1437/1400
f 1062/1437/1400 1068/1461/1423 1063/1462/1424
f 1062/1437/1400 1063/1462/1424 1057/1438/1401
f 1057/1438/1401 1063/1462/1424 1058/1463/1425
f 1057/1438/1401 1058/1463/1425 1052/1439/1402
f 1052/1439/1402 1058/1463/1425 1053/1464/1426
f 1052/1439/1402 1053/1464/1426 1047/1440/1403
f 1047/1440/1403 1053/1464/1426 1048/1465/1427
f 1047/1440/1403 1048/1465/1427 1042/1441/1404
f 1042/1441/1404 1048/1465/1427 1043/1466/1428
f 1042/1441/1404 1043/1466/1428 1037/1442/1405
f 1037/1442/1405 1043/1466/1428 1038/1467/1429
f 1037/1442/1405 1038/1467/1429 1032/1443/1406
f 1032/1443/1406 1038/1467/1429 1033/1468/1430
f 1032/1443/1406 1033/1468/1430 1027/1444/1407
f 1027/1444/1407 1033/1468/1430 1028/1469/1431
f 1027/1444/1407 1028/1469/1431 1022/1445/1408
f 1022/1445/1408 1028/1469/1431 1023/1470/1432
f 1022/1445/1408 1023/1470/1432 1017/1446/1409
f 1017/1446/1409 1023/1470/1432 1018/1471/1433
f 1017/1446/1409 1018/1471/1433 1012/1447/1410
f 1012/1447/1410 1018/1471/1433 1013/1472/1434
f 1012/1447/1410 1013/1472/1434 1007/1448/1411
f 1007/1448/1411 1013/1472/1434 1008/1473/1435
f 1007/1448/1411 1008/1473/1435 1002/1449/1412
f 1002/1449/1412 1008/1473/1435 1003/1474/1436
f 1002/1449/1412 1003/1474/1436 997/1450/1413
f 997/1450/1413 1003/1474/1436 998/1475/1437
f 997/1450/1413 998/1475/1437 992/1451/1414
f 992/1451/1414 998/1475/1437 993/1476/1438
f 992/1451/1414 993/1476/1438 987/1452/1415
f 987/1452/1415 993/1476/1438 988/1477/1439
f 987/1452/1415 988/1477/1439 982/1453/1416
f 982/1453/1416 988/1477/1439 983/1478/1440
f 982/1453/1416 983/1478/1440 977/1454/1417
f 977/1454/1417 983/1478/1440 978/1479/1441
f 977/1454/1417 978/1479/1441 972/1455/1418
f 972/1455/1418 978/1479/1441 973/1480/1442
f 972/1455/1418 973/1480/1442 967/1456/1395
f 967/1456/1395 973/1480/1442 968/1481/1419
f 968/1457/1419 969/1482/1443 1083/1458/1420
f 1083/1458/1420 969/1482/1443 1084/1483/1444
f 1083/1458/1420 1084/1483/1444 1078/1459/1421
f 1078/1459/1421 1084/1483/1444 1079/1484/1445
f 1078/1459/1421 1079/1484/1445 1073/1460/1422
f 1073/1460/1422 1079/1484/1445 1074/1485/1446
f 1073/1460/1422 1074/1485/1446 1068/1461/1423
f 1068/1461/1423 1074/1485/1446 1069/1486/1447
f 1068/1461/1423 1069/1486/1447 1063/1462/1424
f 1063/1462/1424 1069/1486/1447 1064/1487/1448
f 1063/1462/1424 1064/1487/1448 1058/1463/1425
f 1058/1463/1425 1064/1487/1448 1059/1488/1449
f 1058/1463/1425 1059/1488/1449 1053/1464/1426
f 1053/1464/1426 1059/1488/1449 1054/1489/1450
f 1053/1464/1426 1054/1489/1450 1048/1465/1427
f 1048/1465/1427 1054/1489/1450 1049/1490/1451
f 1048/1465/1427 1049/1490/1451 1043/1466/1428
f 1043/1466/1428 1049/1490/1451 1044/1491/1452
f 1043/1466/1428 1044/1491/1452 1038/1467/1429
f 1038/1467/1429 1044/1491/1452 1039/1492/1453
f 1038/1467/1429 1039/1492/1453 1033/1468/1430
f 1033/1468/1430 1039/1492/1453 1034/1493/1454
f 1033/1468/1430 1034/1493/1454 1028/1469/1431
f 1028/1469/1431 1034/1493/1454 1029/1494/1455
f 1028/1469/1431 1029/1494/1455 1023/1470/1432
f 1023/1470/1432 1029/1494/1455 1024/1495/1456
f 1023/1470/1432 1024/1495/1456 1018/1471/1433
f 1018/1471/1433 1024/1495/1456 1019/1496/1457
f 1018/1471/1433 1019/1496/1457 1013/1472/1434
f 1013/1472/1434 1019/1496/1457 1014/1497/1458
f 1013/1472/1434 1014/1497/1458 1008/1473/1435
f 1008/1473/1435 1014/1497/1458 1009/1498/1459
f 1008/1473/1435 1009/1498/1459 1003/1474/1436
f 1003/1474/1436 1009/1498/1459 1004/1499/1460
f 1003/1474/1436 1004/1499/1460 998/1475/1437
f 998/1475/1437 1004/1499/1460 999/1500/1461
f 998/1475/1437 999/1500/1461 993/1476/1438
f 993/1476/1438 999/1500/1461 994/1501/1462
f 993/1476/1438 994/1501/1462 988/1477/1439
f 988/1477/1439 994/1501/1462 989/1502/1463
f 988/1477/1439 989/1502/1463 983/1478/1440
f 983/1478/1440 989/1502/1463 984/1503/1464
f 983/1478/1440 984/1503/1464 978/1479/1441
f 978/1479/1441 984/1503/1464 979/1504/1465
f 978/1479/1441 979/1504/1465 973/1480/1442
f 973/1480/1442 979/1504/1465 974/1505/1466
f 973/1480/1442 974/1505/1466 968/1481/1419
f 968/1481/1419 974/1505/1466 969/1506/1443
f 969/1482/1443 970/1385/1350 1084/1483/1444
f 1084/1483/1444 970/1385/1350 1085/1383/1348
f 1084/1483/1444 1085/1383/1348 1079/1484/1445
f 1079/1484/1445 1085/1383/1348 1080/1431/1394
f 1079/1484/1445 1080/1431/1394 1074/1485/1446
f 1074/1485/1446 1080/1431/1394 1075/1429/1392
f 1074/1485/1446 1075/1429/1392 1069/1486/1447
f 1069/1486/1447 1075/1429/1392 1070/1427/1390
f 1069/1486/1447 1070/1427/1390 1064/1487/1448
f 1064/1487/1448 1070/1427/1390 1065/1425/1388
f 1064/1487/1448 1065/1425/1388 1059/1488/1449
f 1059/1488/1449 1065/1425/1388 1060/1423/1386
f 1059/1488/1449 1060/1423/1386 1054/1489/1450
f 1054/1489/1450 1060/1423/1386 1055/1421/1384
f 1054/1489/1450 1055/1421/1384 1049/1490/1451
f 1049/1490/1451 1055/1421/1384 1050/1419/1382
f 1049/1490/1451 1050/1419/1382 1044/1491/1452
f 1044/1491/1452 1050/1419/1382 1045/1417/1380
f 1044/1491/1452 1045/1417/1380 1039/1492/1453
f 1039/1492/1453 1045/1417/1380 1040/1415/1378
f 1039/1492/1453 1040/1415/1378 1034/1493/1454
f 1034/1493/1454 1040/1415/1378 1035/1413/1376
f 1034/1493/1454 1035/1413/1376 1029/1494/1455
f 1029/1494/1455 1035/1413/1376 1030/1411/1374
f 1029/1494/1455 1030/1411/1374 1024/1495/1456
f 1024/1495/1456 1030/1411/1374 1025/1409/1372
f 1024/1495/1456 1025/1409/1372 1019/1496/1457
f 1019/1496/1457 1025/1409/1372 1020/1407/1370
f 1019/1496/1457 1020/1407/1370 1014/1497/1458
f 1014/1497/1458 1020/1407/1370 1015/1405/1368
f 1014/1497/1458 1015/1405/1368 1009/1498/1459
f 1009/1498/1459 1015/1405/1368 1010/1403/1366
f 1009/1498/1459 1010/1403/1366 1004/1499/1460
f 1004/1499/1460 1010/1403/1366 1005/1401/1364
f 1004/1499/1460 1005/1401/1364 999/1500/1461
f 999/1500/1461 1005/1401/1364 1000/1399/1362
f 999/1500/1461 1000/1399/1362 994/1501/1462
f 994/1501/1462 1000/1399/1362 995/1397/1360
f 994/1501/1462 995/1397/1360 989/1502/1463
f 989/1502/1463 995/1397/1360 990/1395/1358
f 989/1502/1463 990/1395/1358 984/1503/1464
f 984/1503/1464 990/1395/1358 985/1393/1356
f 984/1503/1464 985/1393/1356 979/1504/1465
f 979/1504/1465 985/1393/1356 980/1391/1354
f 979/1504/1465 980/1391/1354 974/1505/1466
f 974/1505/1466 980/1391/1354 975/1389/1352
f 974/1505/1466 975/1389/1352 969/1506/1443
f 969/1506/1443 975/1389/1352 970/1387/1350
f 751/1507/1467 750/1508/1468 918/1509/1469
f 918/1509/1469 750/1508/1468 773/1510/1470
f 918/1509/1469 773/1510/1470 919/1511/1471
f 919/1511/1471 773/1510/1470 772/1512/1472
f 919/1511/1471 772/1512/1472 920/1513/1473
f 920/1513/1473 772/1512/1472 771/1514/1474
f 920/1513/1473 771/1514/1474 921/1515/1475
f 921/1515/1475 771/1514/1474 770/1516/1476
f 921/1515/1475 770/1516/1476 922/1517/1477
f 922/1517/1477 770/1516/1476 769/1518/1478
f 922/1517/1477 769/1518/1478 923/1519/1479
f 923/1519/1479 769/1518/1478 768/1520/1480
f 923/1519/1479 768/1520/1480 924/1521/1481
f 924/1521/1481 768/1520/1480 925/1522/1482
f 925/1522/1482 768/1520/1480 767/1523/1483
f 925/1522/1482 767/1523/1483 926/1524/1484
f 926/1524/1484 767/1523/1483 766/1525/1485
f 926/1524/1484 766/1525/1485 927/1526/1486
f 927/1526/1486 766/1525/1485 765/1527/1487
f 927/1526/1486 765/1527/1487 928/1528/1488
f 928/1528/1488 765/1527/1487 764/1529/1489
f 928/1528/1488 764/1529/1489 929/1530/1490
f 929/1530/1490 764/1529/1489 763/1531/1491
f 929/1530/1490 763/1531/1491 930/1532/1492
f 930/1532/1492 763/1531/1491 762/1533/1493
f 930/1532/1492 762/1533/1493 931/1534/1494
f 931/1534/1494 762/1533/1493 761/1535/1495
f 931/1534/1494 761/1535/1495 760/1536/1496
f 931/1534/1494 760/1536/1496 932/1537/1497
f 932/1537/1497 760/1536/1496 759/1538/1498
f 932/1537/1497 759/1538/1498 933/1539/1499
f 933/1539/1499 759/1538/1498 758/1540/1500
f 933/1539/1499 758/1540/1500 934/1541/1501
f 934/1541/1501 758/1540/1500 757/1542/1502
f 934/1541/1501 757/1542/1502 935/1543/1503
f 935/1543/1503 757/1542/1502 756/1544/1504
f 935/1543/1503 756/1544/1504 936/1545/1505
f 936/1545/1505 756/1544/1504 937/1546/1506
f 937/1546/1506 756/1544/1504 755/1547/1507
f 937/1546/1506 755/1547/1507 938/1548/1508
f 938/1548/1508 755/1547/1507 754/1549/1509
f 938/1548/1508 754/1549/1509 939/1550/1510
f 939/1550/1510 754/1549/1509 753/1551/1511
f 939/1550/1510 753/1551/1511 940/1552/1512
f 940/1552/1512 753/1551/1511 752/1553/1513
f 940/1552/1512 752/1553/1513 941/1554/1514
f 941/1554/1514 752/1553/1513 751/1507/1467
f 941/1554/1514 751/1507/1467 918/1509/1469
f 797/1555/1515 943/1556/1516 774/1557/1517
f 774/1557/1517 943/1556/1516 942/1558/1518
f 774/1557/1517 942/1558/1518 775/1559/1519
f 775/1559/1519 942/1558/1518 965/1560/1520
f 775/1559/1519 965/1560/1520 776/1561/1521
f 776/1561/1521 965/1560/1520 964/1562/1522
f 776/1561/1521 964/1562/1522 777/1563/1523
f 777/1563/1523 964/1562/1522 963/1564/1524
f 777/1563/1523 963/1564/1524 778/1565/1525
f 778/1565/1525 963/1564/1524 962/1566/1526
f 778/1565/1525 962/1566/1526 779/1567/1527
f 779/1567/1527 962/1566/1526 961/1568/1528
f 779/1567/1527 961/1568/1528 780/1569/1529
f 780/1569/1529 961/1568/1528 960/1570/1530
f 780/1569/1529 960/1570/1530 959/1571/1531
f 797/1555/1515 796/1572/1532 943/1556/1516
f 943/1556/1516 796/1572/1532 944/1573/1533
f 944/1573/1533 796/1572/1532 795/1574/1534
f 944/1573/1533 795/1574/1534 945/1575/1535
f 945/1575/1535 795/1574/1534 794/1576/1536
f 945/1575/1535 794/1576/1536 946/1577/1537
f 946/1577/1537 794/1576/1536 793/1578/1538
f 946/1577/1537 793/1578/1538 947/1579/1539
f 947/1579/1539 793/1578/1538 792/1580/1540
f 947/1579/1539 792/1580/1540 948/1581/1541
f 948/1581/1541 792/1580/1540 949/1582/1542
f 949/1582/1542 792/1580/1540 791/1583/1543
f 949/1582/1542 791/1583/1543 950/1584/1544
f 950/1584/1544 791/1583/1543 790/1585/1545
f 950/1584/1544 790/1585/1545 951/1586/1546
f 951/1586/1546 790/1585/1545 789/1587/1547
f 951/1586/1546 789/1587/1547 952/1588/1548
f 952/1588/1548 789/1587/1547 788/1589/1549
f 952/1588/1548 788/1589/1549 953/1590/1550
f 953/1590/1550 788/1589/1549 787/1591/1551
f 953/1590/1550 787/1591/1551 954/1592/1552
f 954/1592/1552 787/1591/1551 786/1593/1553
f 954/1592/1552 786/1593/1553 785/1594/1554
f 954/1592/1552 785/1594/1554 955/1595/1555
f 955/1595/1555 785/1594/1554 784/1596/1556
f 955/1595/1555 784/1596/1556 956/1597/1557
f 956/1597/1557 784/1596/1556 783/1598/1558
f 956/1597/1557 783/1598/1558 957/1599/1559
f 957/1599/1559 783/1598/1558 782/1600/1560
f 957/1599/1559 782/1600/1560 958/1601/1561
f 958/1601/1561 782/1600/1560 781/1602/1562
f 958/1601/1561 781/1602/1562 959/1571/1531
f 959/1571/1531 781/1602/1562 780/1569/1529
g Gövde2:1

v -6.200000 -0.000000 66.000000
v -6.130751 -0.924062 66.000000
v -5.924551 -1.827482 66.000000
v -5.586007 -2.690079 66.000000
v -5.122680 -3.492584 66.000000
v -4.544922 -4.217071 66.000000
v -3.865637 -4.847355 66.000000
v -3.100000 -5.369358 66.000000
v -2.265114 -5.771417 66.000000
v -1.379630 -6.044553 66.000000
v -0.463327 -6.182664 66.000000
v 0.463327 -6.182664 66.000000
v 1.379630 -6.044553 66.000000
v 2.265114 -5.771417 66.000000
v 3.100000 -5.369358 66.000000
v 3.865637 -4.847355 66.000000
v 4.544922 -4.217071 66.000000
v 5.122680 -3.492584 66.000000
v 5.586007 -2.690079 66.000000
v 5.924551 -1.827482 66.000000
v 6.130751 -0.924062 66.000000
v 6.200000 0.000000 66.000000
v 6.130751 0.924062 66.000000
v 5.924551 1.827482 66.000000
v 5.586007 2.690079 66.000000
v 5.122680 3.492584 66.000000
v 4.544922 4.217071 66.000000
v 3.865637 4.847355 66.000000
v 3.100000 5.369358 66.000000
v 2.265114 5.771417 66.000000
v 1.379630 6.044553 66.000000
v 0.463327 6.182664 66.000000
v -0.463327 6.182664 66.000000
v -1.379630 6.044553 66.000000
v -2.265114 5.771417 66.000000
v -3.100000 5.369358 66.000000
v -3.865637 4.847355 66.000000
v -4.544922 4.217071 66.000000
v -5.122680 3.492584 66.000000
v -5.586007 2.690079 66.000000
v -5.924551 1.827482 66.000000
v -6.130751 0.924062 66.000000
v -6.200000 -0.000000 65.000000
v -6.130751 0.924062 65.000000
v -5.924551 1.827482 65.000000
v -5.586007 2.690079 65.000000
v -5.122680 3.492584 65.000000
v -4.544922 4.217071 65.000000
v -3.865637 4.847355 65.000000
v -3.100000 5.369358 65.000000
v -2.265114 5.771417 65.000000
v -1.379630 6.044553 65.000000
v -0.463327 6.182664 65.000000
v 0.463327 6.182664 65.000000
v 1.379630 6.044553 65.000000
v 2.265114 5.771417 65.000000
v 3.100000 5.369358 65.000000
v 3.865637 4.847355 65.000000
v 4.544922 4.217071 65.000000
v 5.122680 3.492584 65.000000
v 5.586007 2.690079 65.000000
v 5.924551 1.827482 65.000000
v 6.130751 0.924062 65.000000
v 6.200000 0.000000 65.000000
v 6.130751 -0.924062 65.000000
v 5.924551 -1.827482 65.000000
v 5.586007 -2.690079 65.000000
v 5.122680 -3.492584 65.000000
v 4.544922 -4.217071 65.000000
v 3.865637 -4.847355 65.000000
v 3.100000 -5.369358 65.000000
v 2.265114 -5.771417 65.000000
v 1.379630 -6.044553 65.000000
v 0.463327 -6.182664 65.000000
v -0.463327 -6.182664 65.000000
v -1.379630 -6.044553 65.000000
v -2.265114 -5.771417 65.000000
v -3.100000 -5.369358 65.000000
v -3.865637 -4.847355 65.000000
v -4.544922 -4.217071 65.000000
v -5.122680 -3.492584 65.000000
v -5.586007 -2.690079 65.000000
v -5.924551 -1.827482 65.000000
v -6.130751 -0.924062 65.000000
v -6.250000 -0.000000 66.000000
v -6.180193 0.931514 66.000000
v -5.972330 1.842220 66.000000
v -5.631055 2.711773 66.000000
v -5.163992 3.520750 66.000000
v -4.581574 4.251080 66.000000
v -3.896811 4.886447 66.000000
v -3.125000 5.412659 66.000000
v -2.283381 5.817961 66.000000
v -1.390756 6.093299 66.000000
v -0.467063 6.232524 66.000000
v 0.467063 6.232524 66.000000
v 1.390756 6.093299 66.000000
v 2.283381 5.817961 66.000000
v 3.125000 5.412659 66.000000
v 3.896811 4.886447 66.000000
v 4.581574 4.251080 66.000000
v 5.163992 3.520750 66.000000
v 5.631055 2.711773 66.000000
v 5.972330 1.842220 66.000000
v 6.180193 0.931514 66.000000
v 6.250000 0.000000 66.000000
v 6.180193 -0.931514 66.000000
v 5.972330 -1.842220 66.000000
v 5.631055 -2.711773 66.000000
v 5.163992 -3.520750 66.000000
v 4.581574 -4.251080 66.000000
v 3.896811 -4.886447 66.000000
v 3.125000 -5.412659 66.000000
v 2.283381 -5.817961 66.000000
v 1.390756 -6.093299 66.000000
v 0.467063 -6.232524 66.000000
v -0.467063 -6.232524 66.000000
v -1.390756 -6.093299 66.000000
v -2.283381 -5.817961 66.000000
v -3.125000 -5.412659 66.000000
v -3.896811 -4.886447 66.000000
v -4.581574 -4.251080 66.000000
v -5.163992 -3.520750 66.000000
v -5.631055 -2.711773 66.000000
v -5.972330 -1.842220 66.000000
v -6.180193 -0.931514 66.000000
v -6.250000 -0.000000 65.000000
v -6.180193 -0.931514 65.000000
v -5.972330 -1.842220 65.000000
v -5.631055 -2.711773 65.000000
v -5.163992 -3.520750 65.000000
v -4.581574 -4.251080 65.000000
v -3.896811 -4.886447 65.000000
v -3.125000 -5.412659 65.000000
v -2.283381 -5.817961 65.000000
v -1.390756 -6.093299 65.000000
v -0.467063 -6.232524 65.000000
v 0.467063 -6.232524 65.000000
v 1.390756 -6.093299 65.000000
v 2.283381 -5.817961 65.000000
v 3.125000 -5.412659 65.000000
v 3.896811 -4.886447 65.000000
v 4.581574 -4.251080 65.000000
v 5.163992 -3.520750 65.000000
v 5.631055 -2.711773 65.000000
v 5.972330 -1.842220 65.000000
v 6.180193 -0.931514 65.000000
v 6.250000 0.000000 65.000000
v 6.180193 0.931514 65.000000
v 5.972330 1.842220 65.000000
v 5.631055 2.711773 65.000000
v 5.163992 3.520750 65.000000
v 4.581574 4.251080 65.000000
v 3.896811 4.886447 65.000000
v 3.125000 5.412659 65.000000
v 2.283381 5.817961 65.000000
v 1.390756 6.093299 65.000000
v 0.467063 6.232524 65.000000
v -0.467063 6.232524 65.000000
v -1.390756 6.093299 65.000000
v -2.283381 5.817961 65.000000
v -3.125000 5.412659 65.000000
v -3.896811 4.886447 65.000000
v -4.581574 4.251080 65.000000
v -5.163992 3.520750 65.000000
v -5.631055 2.711773 65.000000
v -5.972330 1.842220 65.000000
v -6.180193 0.931514 65.000000
vt 1.000000 -18.550357 0.000000
vt 0.000000 -18.550357 0.000000
vt 1.000000 -19.477874 0.000000
vt 0.000000 -19.477874 0.000000
vt 1.000000 19.477874 0.000000
vt 0.000000 19.477874 0.000000
vt 1.000000 18.550357 0.000000
vt 0.000000 18.550357 0.000000
vt 1.000000 17.622839 0.000000
vt -0.000000 17.622839 0.000000
vt 1.000000 16.695321 0.000000
vt 0.000000 16.695321 0.000000
vt 1.000000 15.767803 0.000000
vt 0.000000 15.767803 0.000000
vt 1.000000 14.840285 0.000000
vt 0.000000 14.840285 0.000000
vt 1.000000 13.912767 0.000000
vt 0.000000 13.912767 0.000000
vt 1.000000 12.985250 0.000000
vt 0.000000 12.985250 0.000000
vt 1.000000 12.057732 0.000000
vt 0.000000 12.057732 0.000000
vt 1.000000 11.130214 0.000000
vt 0.000000 11.130214 0.000000
vt 1.000000 10.202696 0.000000
vt 0.000000 10.202696 0.000000
vt 1.000000 9.275178 0.000000
vt 0.000000 9.275178 0.000000
vt 1.000000 8.347660 0.000000
vt 0.000000 8.347660 0.000000
vt 1.000000 7.420143 0.000000
vt 0.000000 7.420143 0.000000
vt 1.000000 6.492625 0.000000
vt 0.000000 6.492625 0.000000
vt 1.000000 5.565107 0.000000
vt 0.000000 5.565107 0.000000
vt 1.000000 4.637589 0.000000
vt 0.000000 4.637589 0.000000
vt 1.000000 3.710071 0.000000
vt 0.000000 3.710071 0.000000
vt 1.000000 2.782553 0.000000
vt -0.000000 2.782553 0.000000
vt 1.000000 1.855036 0.000000
vt 0.000000 1.855036 0.000000
vt 1.000000 0.927518 0.000000
vt 0.000000 0.927518 0.000000
vt 1.000000 0.000000 0.000000
vt 0.000000 0.000000 0.000000
vt 1.000000 -0.927518 0.000000
vt 0.000000 -0.927518 0.000000
vt 1.000000 -1.855036 0.000000
vt 0.000000 -1.855036 0.000000
vt 1.000000 -2.782553 0.000000
vt -0.000000 -2.782553 0.000000
vt 1.000000 -3.710071 0.000000
vt 0.000000 -3.710071 0.000000
vt 1.000000 -4.637589 0.000000
vt 0.000000 -4.637589 0.000000
vt 1.000000 -5.565107 0.000000
vt 0.000000 -5.565107 0.000000
vt 1.000000 -6.492625 0.000000
vt 0.000000 -6.492625 0.000000
vt 1.000000 -7.420143 0.000000
vt 0.000000 -7.420143 0.000000
vt 1.000000 -8.347660 0.000000
vt 0.000000 -8.347660 0.000000
vt 1.000000 -9.275178 0.000000
vt -0.000000 -9.275178 0.000000
vt 1.000000 -10.202696 0.000000
vt 0.000000 -10.202696 0.000000
vt 1.000000 -11.130214 0.000000
vt 0.000000 -11.130214 0.000000
vt 1.000000 -12.057732 0.000000
vt 0.000000 -12.057732 0.000000
vt 1.000000 -12.985250 0.000000
vt -0.000000 -12.985250 0.000000
vt 1.000000 -13.912767 0.000000
vt 0.000000 -13.912767 0.000000
vt 1.000000 -14.840285 0.000000
vt 0.000000 -14.840285 0.000000
vt 1.000000 -15.767803 0.000000
vt 0.000000 -15.767803 0.000000
vt 1.000000 -16.695321 0.000000
vt 0.000000 -16.695321 0.000000
vt 1.000000 -17.622839 0.000000
vt -0.000000 -17.622839 0.000000
vt -1.000000 18.699956 0.000000
vt -0.000000 18.699956 0.000000
vt -1.000000 19.634954 0.000000
vt -0.000000 19.634954 0.000000
vt -1.000000 -19.634954 0.000000
vt -0.000000 -19.634954 0.000000
vt -1.000000 -18.699956 0.000000
vt -0.000000 -18.699956 0.000000
vt -1.000000 -17.764958 0.000000
vt -0.000000 -17.764958 0.000000
vt -1.000000 -16.829961 0.000000
vt -0.000000 -16.829961 0.000000
vt -1.000000 -15.894963 0.000000
vt -0.000000 -15.894963 0.000000
vt -1.000000 -14.959965 0.000000
vt -0.000000 -14.959965 0.000000
vt -1.000000 -14.024967 0.000000
vt -0.000000 -14.024967 0.000000
vt -1.000000 -13.089969 0.000000
vt -0.000000 -13.089969 0.000000
vt -1.000000 -12.154972 0.000000
vt -0.000000 -12.154972 0.000000
vt -1.000000 -11.219974 0.000000
vt -0.000000 -11.219974 0.000000
vt -1.000000 -10.284976 0.000000
vt -0.000000 -10.284976 0.000000
vt -1.000000 -9.349978 0.000000
vt -0.000000 -9.349978 0.000000
vt -1.000000 -8.414980 0.000000
vt -0.000000 -8.414980 0.000000
vt -1.000000 -7.479983 0.000000
vt -0.000000 -7.479983 0.000000
vt -1.000000 -6.544985 0.000000
vt -0.000000 -6.544985 0.000000
vt -1.000000 -5.609987 0.000000
vt -0.000000 -5.609987 0.000000
vt -1.000000 -4.674989 0.000000
vt -0.000000 -4.674989 0.000000
vt -1.000000 -3.739991 0.000000
vt -0.000000 -3.739991 0.000000
vt -1.000000 -2.804993 0.000000
vt -0.000000 -2.804993 0.000000
vt -1.000000 -1.869996 0.000000
vt -0.000000 -1.869996 0.000000
vt -1.000000 -0.934998 0.000000
vt -0.000000 -0.934998 0.000000
vt -1.000000 0.000000 0.000000
vt -0.000000 0.000000 0.000000
vt -1.000000 0.934998 0.000000
vt -0.000000 0.934998 0.000000
vt -1.000000 1.869996 0.000000
vt -0.000000 1.869996 0.000000
vt -1.000000 2.804993 0.000000
vt -0.000000 2.804993 0.000000
vt -1.000000 3.739991 0.000000
vt -0.000000 3.739991 0.000000
vt -1.000000 4.674989 0.000000
vt -0.000000 4.674989 0.000000
vt -1.000000 5.609987 0.000000
vt -0.000000 5.609987 0.000000
vt -1.000000 6.544985 0.000000
vt -0.000000 6.544985 0.000000
vt -1.000000 7.479983 0.000000
vt -0.000000 7.479983 0.000000
vt -1.000000 8.414980 0.000000
vt -0.000000 8.414980 0.000000
vt -1.000000 9.349978 0.000000
vt -0.000000 9.349978 0.000000
vt -1.000000 10.284976 0.000000
vt -0.000000 10.284976 0.000000
vt -1.000000 11.219974 0.000000
vt -0.000000 11.219974 0.000000
vt -1.000000 12.154972 0.000000
vt -0.000000 12.154972 0.000000
vt -1.000000 13.089969 0.000000
vt -0.000000 13.089969 0.000000
vt -1.000000 14.024967 0.000000
vt -0.000000 14.024967 0.000000
vt -1.000000 14.959965 0.000000
vt -0.000000 14.959965 0.000000
vt -1.000000 15.894963 0.000000
vt -0.000000 15.894963 0.000000
vt -1.000000 16.829961 0.000000
vt -0.000000 16.829961 0.000000
vt -1.000000 17.764958 0.000000
vt -0.000000 17.764958 0.000000
vt -6.130751 -0.924062 0.000000
vt -6.200000 -0.000000 0.000000
vt -6.250000 -0.000000 0.000000
vt -6.130751 0.924062 0.000000
vt -6.180193 0.931514 0.000000
vt -5.924551 1.827482 0.000000
vt -5.972330 1.842220 0.000000
vt -5.586007 2.690079 0.000000
vt -5.631055 2.711773 0.000000
vt -5.122680 3.492584 0.000000
vt -5.163992 3.520750 0.000000
vt -4.544922 4.217071 0.000000
vt -4.581574 4.251080 0.000000
vt -3.865637 4.847355 0.000000
vt -3.896811 4.886447 0.000000
vt -3.100000 5.369358 0.000000
vt -3.125000 5.412659 0.000000
vt -2.265114 5.771417 0.000000
vt -2.283381 5.817961 0.000000
vt -1.379630 6.044553 0.000000
vt -1.390756 6.093299 0.000000
vt -0.463327 6.182664 0.000000
vt -0.467063 6.232524 0.000000
vt 0.463327 6.182664 0.000000
vt 0.467063 6.232524 0.000000
vt 1.390756 6.093299 0.000000
vt 1.379630 6.044553 0.000000
vt 2.283381 5.817961 0.000000
vt 2.265114 5.771417 0.000000
vt 3.125000 5.412659 0.000000
vt 3.100000 5.369358 0.000000
vt 3.896811 4.886447 0.000000
vt 3.865637 4.847355 0.000000
vt 4.581574 4.251080 0.000000
vt 4.544922 4.217071 0.000000
vt 5.163992 3.520750 0.000000
vt 5.122680 3.492584 0.000000
vt 5.631055 2.711773 0.000000
vt 5.586007 2.690079 0.000000
vt 5.972330 1.842220 0.000000
vt 5.924551 1.827482 0.000000
vt 6.180193 0.931514 0.000000
vt 6.130751 0.924062 0.000000
vt 6.250000 0.000000 0.000000
vt 6.200000 0.000000 0.000000
vt 6.130751 -0.924062 0.000000
vt 6.180193 -0.931514 0.000000
vt 5.924551 -1.827482 0.000000
vt 5.972330 -1.842220 0.000000
vt 5.586007 -2.690079 0.000000
vt 5.631055 -2.711773 0.000000
vt 5.122680 -3.492584 0.000000
vt 5.163992 -3.520750 0.000000
vt 4.544922 -4.217071 0.000000
vt 4.581574 -4.251080 0.000000
vt 3.865637 -4.847355 0.000000
vt 3.896811 -4.886447 0.000000
vt 3.100000 -5.369358 0.000000
vt 3.125000 -5.412659 0.000000
vt 2.265114 -5.771417 0.000000
vt 2.283381 -5.817961 0.000000
vt 1.379630 -6.044553 0.000000
vt 1.390756 -6.093299 0.000000
vt 0.463327 -6.182664 0.000000
vt 0.467063 -6.232524 0.000000
vt -0.463327 -6.182664 0.000000
vt -0.467063 -6.232524 0.000000
vt -1.390756 -6.093299 0.000000
vt -1.379630 -6.044553 0.000000
vt -2.283381 -5.817961 0.000000
vt -2.265114 -5.771417 0.000000
vt -3.125000 -5.412659 0.000000
vt -3.100000 -5.369358 0.000000
vt -3.896811 -4.886447 0.000000
vt -3.865637 -4.847355 0.000000
vt -4.581574 -4.251080 0.000000
vt -4.544922 -4.217071 0.000000
vt -5.163992 -3.520750 0.000000
vt -5.122680 -3.492584 0.000000
vt -5.631055 -2.711773 0.000000
vt -5.586007 -2.690079 0.000000
vt -5.972330 -1.842220 0.000000
vt -5.924551 -1.827482 0.000000
vt -6.180193 -0.931514 0.000000
vt 6.130751 0.924062 0.000000
vt 6.200000 -0.000000 0.000000
vt 6.250000 -0.000000 0.000000
vt 6.130751 -0.924062 0.000000
vt 6.180193 -0.931514 0.000000
vt 5.924551 -1.827482 0.000000
vt 5.972330 -1.842220 0.000000
vt 5.586007 -2.690079 0.000000
vt 5.631055 -2.711773 0.000000
vt 5.122680 -3.492584 0.000000
vt 5.163992 -3.520750 0.000000
vt 4.544922 -4.217071 0.000000
vt 4.581574 -4.251080 0.000000
vt 3.865637 -4.847355 0.000000
vt 3.896811 -4.886447 0.000000
vt 3.100000 -5.369358 0.000000
vt 3.125000 -5.412659 0.000000
vt 2.265114 -5.771417 0.000000
vt 2.283381 -5.817961 0.000000
vt 1.379630 -6.044553 0.000000
vt 1.390756 -6.093299 0.000000
vt 0.463327 -6.182664 0.000000
vt 0.467063 -6.232524 0.000000
vt -0.463327 -6.182664 0.000000
vt -0.467063 -6.232524 0.000000
vt -1.390756 -6.093299 0.000000
vt -1.379630 -6.044553 0.000000
vt -2.283381 -5.817961 0.000000
vt -2.265114 -5.771417 0.000000
vt -3.125000 -5.412659 0.000000
vt -3.100000 -5.369358 0.000000
vt -3.896811 -4.886447 0.000000
vt -3.865637 -4.847355 0.000000
vt -4.581574 -4.251080 0.000000
vt -4.544922 -4.217071 0.000000
vt -5.163992 -3.520750 0.000000
vt -5.122680 -3.492584 0.000000
vt -5.631055 -2.711773 0.000000
vt -5.586007 -2.690079 0.000000
vt -5.972330 -1.842220 0.000000
vt -5.924551 -1.827482 0.000000
vt -6.180193 -0.931514 0.000000
vt -6.130751 -0.924062 0.000000
vt -6.250000 0.000000 0.000000
vt -6.200000 0.000000 0.000000
vt -6.130751 0.924062 0.000000
vt -6.180193 0.931514 0.000000
vt -5.924551 1.827482 0.000000
vt -5.972330 1.842220 0.000000
vt -5.586007 2.690079 0.000000
vt -5.631055 2.711773 0.000000
vt -5.122680 3.492584 0.000000
vt -5.163992 3.520750 0.000000
vt -4.544922 4.217071 0.000000
vt -4.581574 4.251080 0.000000
vt -3.865637 4.847355 0.000000
vt -3.896811 4.886447 0.000000
vt -3.100000 5.369358 0.000000
vt -3.125000 5.412659 0.000000
vt -2.265114 5.771417 0.000000
vt -2.283381 5.817961 0.000000
vt -1.379630 6.044553 0.000000
vt -1.390756 6.093299 0.000000
vt -0.463327 6.182664 0.000000
vt -0.467063 6.232524 0.000000
vt 0.463327 6.182664 0.000000
vt 0.467063 6.232524 0.000000
vt 1.390756 6.093299 0.000000
vt 1.379630 6.044553 0.000000
vt 2.283381 5.817961 0.000000
vt 2.265114 5.771417 0.000000
vt 3.125000 5.412659 0.000000
vt 3.100000 5.369358 0.000000
vt 3.896811 4.886447 0.000000
vt 3.865637 4.847355 0.000000
vt 4.581574 4.251080 0.000000
vt 4.544922 4.217071 0.000000
vt 5.163992 3.520750 0.000000
vt 5.122680 3.492584 0.000000
vt 5.631055 2.711773 0.000000
vt 5.586007 2.690079 0.000000
vt 5.972330 1.842220 0.000000
vt 5.924551 1.827482 0.000000
vt 6.180193 0.931514 0.000000
vn 0.988831 0.149042 -0.000000
vn 0.988831 0.149042 -0.000000
vn 1.000000 0.000000 -0.000000
vn 1.000000 0.000000 -0.000000
vn 0.988831 -0.149042 0.000000
vn 0.988831 -0.149042 0.000000
vn 0.955573 -0.294755 0.000000
vn 0.955573 -0.294755 0.000000
vn 0.900969 -0.433884 0.000000
vn 0.900969 -0.433884 0.000000
vn 0.826239 -0.563320 0.000000
vn 0.826239 -0.563320 0.000000
vn 0.733052 -0.680173 0.000000
vn 0.733052 -0.680173 0.000000
vn 0.623490 -0.781831 0.000000
vn 0.623490 -0.781831 0.000000
vn 0.500000 -0.866025 0.000000
vn 0.500000 -0.866025 0.000000
vn 0.365341 -0.930874 0.000000
vn 0.365341 -0.930874 0.000000
vn 0.222521 -0.974928 0.000000
vn 0.222521 -0.974928 0.000000
vn 0.074730 -0.997204 0.000000
vn 0.074730 -0.997204 0.000000
vn -0.074730 -0.997204 0.000000
vn -0.074730 -0.997204 0.000000
vn -0.222521 -0.974928 0.000000
vn -0.222521 -0.974928 0.000000
vn -0.365341 -0.930874 0.000000
vn -0.365341 -0.930874 0.000000
vn -0.500000 -0.866025 0.000000
vn -0.500000 -0.866025 0.000000
vn -0.623490 -0.781831 0.000000
vn -0.623490 -0.781831 0.000000
vn -0.733052 -0.680173 0.000000
vn -0.733052 -0.680173 0.000000
vn -0.826239 -0.563320 0.000000
vn -0.826239 -0.563320 0.000000
vn -0.900969 -0.433884 0.000000
vn -0.900969 -0.433884 0.000000
vn -0.955573 -0.294755 0.000000
vn -0.955573 -0.294755 0.000000
vn -0.988831 -0.149042 0.000000
vn -0.988831 -0.149042 0.000000
vn -1.000000 0.000000 0.000000
vn -1.000000 0.000000 0.000000
vn -0.988831 0.149042 0.000000
vn -0.988831 0.149042 0.000000
vn -0.955573 0.294755 0.000000
vn -0.955573 0.294755 0.000000
vn -0.900969 0.433884 0.000000
vn -0.900969 0.433884 0.000000
vn -0.826239 0.563320 0.000000
vn -0.826239 0.563320 0.000000
vn -0.733052 0.680173 0.000000
vn -0.733052 0.680173 0.000000
vn -0.623490 0.781831 0.000000
vn -0.623490 0.781831 0.000000
vn -0.500000 0.866025 0.000000
vn -0.500000 0.866025 0.000000
vn -0.365341 0.930874 0.000000
vn -0.365341 0.930874 0.000000
vn -0.222521 0.974928 0.000000
vn -0.222521 0.974928 0.000000
vn -0.074730 0.997204 0.000000
vn -0.074730 0.997204 0.000000
vn 0.074730 0.997204 -0.000000
vn 0.074730 0.997204 -0.000000
vn 0.222521 0.974928 -0.000000
vn 0.222521 0.974928 -0.000000
vn 0.365341 0.930874 -0.000000
vn 0.365341 0.930874 -0.000000
vn 0.500000 0.866025 -0.000000
vn 0.500000 0.866025 -0.000000
vn 0.623490 0.781831 -0.000000
vn 0.623490 0.781831 -0.000000
vn 0.733052 0.680173 -0.000000
vn 0.733052 0.680173 -0.000000
vn 0.826239 0.563320 -0.000000
vn 0.826239 0.563320 -0.000000
vn 0.900969 0.433884 -0.000000
vn 0.900969 0.433884 -0.000000
vn 0.955573 0.294755 -0.000000
vn 0.955573 0.294755 -0.000000
vn -0.988831 0.149042 -0.000000
vn -0.988831 0.149042 -0.000000
vn -1.000000 0.000000 -0.000000
vn -1.000000 0.000000 -0.000000
vn -0.988831 -0.149042 0.000000
vn -0.988831 -0.149042 0.000000
vn -0.955573 -0.294755 0.000000
vn -0.955573 -0.294755 0.000000
vn -0.900969 -0.433884 0.000000
vn -0.900969 -0.433884 0.000000
vn -0.826239 -0.563320 0.000000
vn -0.826239 -0.563320 0.000000
vn -0.733052 -0.680173 0.000000
vn -0.733052 -0.680173 0.000000
vn -0.623490 -0.781831 0.000000
vn -0.623490 -0.781831 0.000000
vn -0.500000 -0.866025 0.000000
vn -0.500000 -0.866025 0.000000
vn -0.365341 -0.930874 0.000000
vn -0.365341 -0.930874 0.000000
vn -0.222521 -0.974928 0.000000
vn -0.222521 -0.974928 0.000000
vn -0.074730 -0.997204 0.000000
vn -0.074730 -0.997204 0.000000
vn 0.074730 -0.997204 -0.000000
vn 0.074730 -0.997204 -0.000000
vn 0.222521 -0.974928 -0.000000
vn 0.222521 -0.974928 -0.000000
vn 0.365341 -0.930874 -0.000000
vn 0.365341 -0.930874 -0.000000
vn 0.500000 -0.866025 -0.000000
vn 0.500000 -0.866025 -0.000000
vn 0.623490 -0.781831 -0.000000
vn 0.623490 -0.781831 -0.000000
vn 0.733052 -0.680173 -0.000000
vn 0.733052 -0.680173 -0.000000
vn 0.826239 -0.563320 -0.000000
vn 0.826239 -0.563320 -0.000000
vn 0.900969 -0.433884 -0.000000
vn 0.900969 -0.433884 -0.000000
vn 0.955573 -0.294755 -0.000000
vn 0.955573 -0.294755 -0.000000
vn 0.988831 -0.149042 -0.000000
vn 0.988831 -0.149042 -0.000000
vn 1.000000 -0.000000 -0.000000
vn 1.000000 -0.000000 -0.000000
vn 0.988831 0.149042 -0.000000
vn 0.988831 0.149042 -0.000000
vn 0.955573 0.294755 -0.000000
vn 0.955573 0.294755 -0.000000
vn 0.900969 0.433884 -0.000000
vn 0.900969 0.433884 -0.000000
vn 0.826239 0.563320 -0.000000
vn 0.826239 0.563320 -0.000000
vn 0.733052 0.680173 -0.000000
vn 0.733052 0.680173 -0.000000
vn 0.623490 0.781831 -0.000000
vn 0.623490 0.781831 -0.000000
vn 0.500000 0.866025 -0.000000
vn 0.500000 0.866025 -0.000000
vn 0.365341 0.930874 -0.000000
vn 0.365341 0.930874 -0.000000
vn 0.222521 0.974928 -0.000000
vn 0.222521 0.974928 -0.000000
vn 0.074730 0.997204 -0.000000
vn 0.074730 0.997204 -0.000000
vn -0.074730 0.997204 -0.000000
vn -0.074730 0.997204 -0.000000
vn -0.222521 0.974928 -0.000000
vn -0.222521 0.974928 -0.000000
vn -0.365341 0.930874 -0.000000
vn -0.365341 0.930874 -0.000000
vn -0.500000 0.866025 -0.000000
vn -0.500000 0.866025 -0.000000
vn -0.623490 0.781831 -0.000000
vn -0.623490 0.781831 -0.000000
vn -0.733052 0.680173 -0.000000
vn -0.733052 0.680173 -0.000000
vn -0.826239 0.563320 -0.000000
vn -0.826239 0.563320 -0.000000
vn -0.900969 0.433884 -0.000000
vn -0.900969 0.433884 -0.000000
vn -0.955573 0.294755 -0.000000
vn -0.955573 0.294755 -0.000000
vn 0.000000 0.000000 1.000000
vn 0.000000 0.000000 1.000000
vn 0.000000 0.000000 1.000000
vn 0.000000 0.000000 1.000000
vn 0.000000 0.000000 1.000000
vn 0.000000 0.000000 1.000000
vn 0.000000 0.000000 1.000000
vn 0.000000 0.000000 1.000000
vn 0.000000 0.000000 1.000000
vn 0.000000 0.000000 1.000000
vn 0.000000 0.000000 1.000000
vn 0.000000 0.000000 1.000000
vn 0.000000 0.000000 1.000000
vn 0.000000 0.000000 1.000000
vn 0.000000 0.000000 1.000000
vn 0.000000 0.000000 1.000000
vn 0.000000 0.000000 1.000000
vn 0.000000 0.000000 1.000000
vn 0.000000 0.000000 1.000000
vn 0.000000 0.000000 1.000000
vn 0.000000 0.000000 1.000000
vn 0.000000 0.000000 1.000000
vn 0.000000 0.000000 1.000000
vn 0.000000 0.000000 1.000000
vn 0.000000 0.000000 1.000000
vn 0.000000 0.000000 1.000000
vn 0.000000 0.000000 1.000000
vn 0.000000 0.000000 1.000000
vn 0.000000 0.000000 1.000000
vn 0.000000 0.000000 1.000000
vn 0.000000 0.000000 1.000000
vn 0.000000 0.000000 1.000000
vn 0.000000 0.000000 1.000000
vn 0.000000 0.000000 1.000000
vn 0.000000 0.000000 1.000000
vn 0.000000 0.000000 1.000000
vn 0.000000 0.000000 1.000000
vn 0.000000 0.000000 1.000000
vn 0.000000 0.000000 1.000000
vn 0.000000 0.000000 1.000000
vn 0.000000 0.000000 1.000000
vn 0.000000 0.000000 1.000000
vn 0.000000 0.000000 1.000000
vn 0.000000 0.000000 1.000000
vn 0.000000 0.000000 1.000000
vn 0.000000 0.000000 1.000000
vn 0.000000 0.000000 1.000000
vn 0.000000 0.000000 1.000000
vn 0.000000 0.000000 1.000000
vn 0.000000 0.000000 1.000000
vn 0.000000 0.000000 1.000000
vn 0.000000 0.000000 1.000000
vn 0.000000 0.000000 1.000000
vn 0.000000 0.000000 1.000000
vn 0.000000 0.000000 1.000000
vn 0.000000 0.000000 1.000000
vn 0.000000 0.000000 1.000000
vn 0.000000 0.000000 1.000000
vn 0.000000 0.000000 1.000000
vn 0.000000 0.000000 1.000000
vn 0.000000 0.000000 1.000000
vn 0.000000 0.000000 1.000000
vn 0.000000 0.000000 1.000000
vn 0.000000 0.000000 1.000000
vn 0.000000 0.000000 1.000000
vn 0.000000 0.000000 1.000000
vn 0.000000 0.000000 1.000000
vn 0.000000 0.000000 1.000000
vn 0.000000 0.000000 1.000000
vn 0.000000 0.000000 1.000000
vn 0.000000 0.000000 1.000000
vn 0.000000 0.000000 1.000000
vn 0.000000 0.000000 1.000000
vn 0.000000 0.000000 1.000000
vn 0.000000 0.000000 1.000000
vn 0.000000 0.000000 1.000000
vn 0.000000 0.000000 1.000000
vn 0.000000 0.000000 1.000000
vn 0.000000 0.000000 1.000000
vn 0.000000 0.000000 1.000000
vn 0.000000 0.000000 1.000000
vn 0.000000 0.000000 1.000000
vn 0.000000 0.000000 1.000000
vn 0.000000 0.000000 1.000000
vn -0.000000 -0.000000 -1.000000
vn -0.000000 -0.000000 -1.000000
vn -0.000000 -0.000000 -1.000000
vn -0.000000 -0.000000 -1.000000
vn -0.000000 -0.000000 -1.000000
vn -0.000000 -0.000000 -1.000000
vn -0.000000 -0.000000 -1.000000
vn -0.000000 -0.000000 -1.000000
vn -0.000000 -0.000000 -1.000000
vn -0.000000 -0.000000 -1.000000
vn -0.000000 -0.000000 -1.000000
vn -0.000000 -0.000000 -1.000000
vn -0.000000 -0.000000 -1.000000
vn -0.000000 -0.000000 -1.000000
vn -0.000000 -0.000000 -1.000000
vn -0.000000 -0.000000 -1.000000
vn -0.000000 -0.000000 -1.000000
vn -0.000000 -0.000000 -1.000000
vn -0.000000 -0.000000 -1.000000
vn -0.000000 -0.000000 -1.000000
vn -0.000000 -0.000000 -1.000000
vn -0.000000 -0.000000 -1.000000
vn -0.000000 -0.000000 -1.000000
vn -0.000000 -0.000000 -1.000000
vn -0.000000 -0.000000 -1.000000
vn -0.000000 -0.000000 -1.000000
vn -0.000000 -0.000000 -1.000000
vn -0.000000 -0.000000 -1.000000
vn -0.000000 -0.000000 -1.000000
vn -0.000000 -0.000000 -1.000000
vn -0.000000 -0.000000 -1.000000
vn -0.000000 -0.000000 -1.000000
vn -0.000000 -0.000000 -1.000000
vn -0.000000 -0.000000 -1.000000
vn -0.000000 -0.000000 -1.000000
vn -0.000000 -0.000000 -1.000000
vn -0.000000 -0.000000 -1.000000
vn -0.000000 -0.000000 -1.000000
vn -0.000000 -0.000000 -1.000000
vn -0.000000 -0.000000 -1.000000
vn -0.000000 -0.000000 -1.000000
vn -0.000000 -0.000000 -1.000000
vn -0.000000 -0.000000 -1.000000
vn -0.000000 -0.000000 -1.000000
vn -0.000000 -0.000000 -1.000000
vn -0.000000 -0.000000 -1.000000
vn -0.000000 -0.000000 -1.000000
vn -0.000000 -0.000000 -1.000000
vn -0.000000 -0.000000 -1.000000
vn -0.000000 -0.000000 -1.000000
vn -0.000000 -0.000000 -1.000000
vn -0.000000 -0.000000 -1.000000
vn -0.000000 -0.000000 -1.000000
vn -0.000000 -0.000000 -1.000000
vn -0.000000 -0.000000 -1.000000
vn -0.000000 -0.000000 -1.000000
vn -0.000000 -0.000000 -1.000000
vn -0.000000 -0.000000 -1.000000
vn -0.000000 -0.000000 -1.000000
vn -0.000000 -0.000000 -1.000000
vn -0.000000 -0.000000 -1.000000
vn -0.000000 -0.000000 -1.000000
vn -0.000000 -0.000000 -1.000000
vn -0.000000 -0.000000 -1.000000
vn -0.000000 -0.000000 -1.000000
vn -0.000000 -0.000000 -1.000000
vn -0.000000 -0.000000 -1.000000
vn -0.000000 -0.000000 -1.000000
vn -0.000000 -0.000000 -1.000000
vn -0.000000 -0.000000 -1.000000
vn -0.000000 -0.000000 -1.000000
vn -0.000000 -0.000000 -1.000000
vn -0.000000 -0.000000 -1.000000
vn -0.000000 -0.000000 -1.000000
vn -0.000000 -0.000000 -1.000000
vn -0.000000 -0.000000 -1.000000
vn -0.000000 -0.000000 -1.000000
vn -0.000000 -0.000000 -1.000000
vn -0.000000 -0.000000 -1.000000
vn -0.000000 -0.000000 -1.000000
vn -0.000000 -0.000000 -1.000000
vn -0.000000 -0.000000 -1.000000
vn -0.000000 -0.000000 -1.000000
vn -0.000000 -0.000000 -1.000000
usemtl Çelik_-_Saten
f 1087/1603/1563 1169/1604/1564 1086/1605/1565
f 1086/1605/1565 1169/1604/1564 1128/1606/1566
f 1086/1607/1565 1128/1608/1566 1127/1609/1567
f 1127/1609/1567 1128/1608/1566 1129/1610/1568
f 1127/1609/1567 1129/1610/1568 1126/1611/1569
f 1126/1611/1569 1129/1610/1568 1130/1612/1570
f 1126/1611/1569 1130/1612/1570 1125/1613/1571
f 1125/1613/1571 1130/1612/1570 1131/1614/1572
f 1125/1613/1571 1131/1614/1572 1124/1615/1573
f 1124/1615/1573 1131/1614/1572 1132/1616/1574
f 1124/1615/1573 1132/1616/1574 1123/1617/1575
f 1123/1617/1575 1132/1616/1574 1133/1618/1576
f 1123/1617/1575 1133/1618/1576 1122/1619/1577
f 1122/1619/1577 1133/1618/1576 1134/1620/1578
f 1122/1619/1577 1134/1620/1578 1121/1621/1579
f 1121/1621/1579 1134/1620/1578 1135/1622/1580
f 1121/1621/1579 1135/1622/1580 1120/1623/1581
f 1120/1623/1581 1135/1622/1580 1136/1624/1582
f 1120/1623/1581 1136/1624/1582 1119/1625/1583
f 1119/1625/1583 1136/1624/1582 1137/1626/1584
f 1119/1625/1583 1137/1626/1584 1118/1627/1585
f 1118/1627/1585 1137/1626/1584 1138/1628/1586
f 1118/1627/1585 1138/1628/1586 1117/1629/1587
f 1117/1629/1587 1138/1628/1586 1139/1630/1588
f 1117/1629/1587 1139/1630/1588 1116/1631/1589
f 1116/1631/1589 1139/1630/1588 1140/1632/1590
f 1116/1631/1589 1140/1632/1590 1115/1633/1591
f 1115/1633/1591 1140/1632/1590 1141/1634/1592
f 1115/1633/1591 1141/1634/1592 1114/1635/1593
f 1114/1635/1593 1141/1634/1592 1142/1636/1594
f 1114/1635/1593 1142/1636/1594 1113/1637/1595
f 1113/1637/1595 1142/1636/1594 1143/1638/1596
f 1113/1637/1595 1143/1638/1596 1112/1639/1597
f 1112/1639/1597 1143/1638/1596 1144/1640/1598
f 1112/1639/1597 1144/1640/1598 1111/1641/1599
f 1111/1641/1599 1144/1640/1598 1145/1642/1600
f 1111/1641/1599 1145/1642/1600 1110/1643/1601
f 1110/1643/1601 1145/1642/1600 1146/1644/1602
f 1110/1643/1601 1146/1644/1602 1109/1645/1603
f 1109/1645/1603 1146/1644/1602 1147/1646/1604
f 1109/1645/1603 1147/1646/1604 1108/1647/1605
f 1108/1647/1605 1147/1646/1604 1148/1648/1606
f 1108/1647/1605 1148/1648/1606 1107/1649/1607
f 1107/1649/1607 1148/1648/1606 1149/1650/1608
f 1107/1649/1607 1149/1650/1608 1106/1651/1609
f 1106/1651/1609 1149/1650/1608 1150/1652/1610
f 1106/1651/1609 1150/1652/1610 1105/1653/1611
f 1105/1653/1611 1150/1652/1610 1151/1654/1612
f 1105/1653/1611 1151/1654/1612 1104/1655/1613
f 1104/1655/1613 1151/1654/1612 1152/1656/1614
f 1104/1655/1613 1152/1656/1614 1103/1657/1615
f 1103/1657/1615 1152/1656/1614 1153/1658/1616
f 1103/1657/1615 1153/1658/1616 1102/1659/1617
f 1102/1659/1617 1153/1658/1616 1154/1660/1618
f 1102/1659/1617 1154/1660/1618 1101/1661/1619
f 1101/1661/1619 1154/1660/1618 1155/1662/1620
f 1101/1661/1619 1155/1662/1620 1100/1663/1621
f 1100/1663/1621 1155/1662/1620 1156/1664/1622
f 1100/1663/1621 1156/1664/1622 1099/1665/1623
f 1099/1665/1623 1156/1664/1622 1157/1666/1624
f 1099/1665/1623 1157/1666/1624 1098/1667/1625
f 1098/1667/1625 1157/1666/1624 1158/1668/1626
f 1098/1667/1625 1158/1668/1626 1097/1669/1627
f 1097/1669/1627 1158/1668/1626 1159/1670/1628
f 1097/1669/1627 1159/1670/1628 1096/1671/1629
f 1096/1671/1629 1159/1670/1628 1160/1672/1630
f 1096/1671/1629 1160/1672/1630 1095/1673/1631
f 1095/1673/1631 1160/1672/1630 1161/1674/1632
f 1095/1673/1631 1161/1674/1632 1094/1675/1633
f 1094/1675/1633 1161/1674/1632 1162/1676/1634
f 1094/1675/1633 1162/1676/1634 1093/1677/1635
f 1093/1677/1635 1162/1676/1634 1163/1678/1636
f 1093/1677/1635 1163/1678/1636 1092/1679/1637
f 1092/1679/1637 1163/1678/1636 1164/1680/1638
f 1092/1679/1637 1164/1680/1638 1091/1681/1639
f 1091/1681/1639 1164/1680/1638 1165/1682/1640
f 1091/1681/1639 1165/1682/1640 1090/1683/1641
f 1090/1683/1641 1165/1682/1640 1166/1684/1642
f 1090/1683/1641 1166/1684/1642 1089/1685/1643
f 1089/1685/1643 1166/1684/1642 1167/1686/1644
f 1089/1685/1643 1167/1686/1644 1088/1687/1645
f 1088/1687/1645 1167/1686/1644 1168/1688/1646
f 1088/1687/1645 1168/1688/1646 1087/1603/1563
f 1087/1603/1563 1168/1688/1646 1169/1604/1564
f 1171/1689/1647 1253/1690/1648 1170/1691/1649
f 1170/1691/1649 1253/1690/1648 1212/1692/1650
f 1170/1693/1649 1212/1694/1650 1211/1695/1651
f 1211/1695/1651 1212/1694/1650 1213/1696/1652
f 1211/1695/1651 1213/1696/1652 1210/1697/1653
f 1210/1697/1653 1213/1696/1652 1214/1698/1654
f 1210/1697/1653 1214/1698/1654 1209/1699/1655
f 1209/1699/1655 1214/1698/1654 1215/1700/1656
f 1209/1699/1655 1215/1700/1656 1208/1701/1657
f 1208/1701/1657 1215/1700/1656 1216/1702/1658
f 1208/1701/1657 1216/1702/1658 1207/1703/1659
f 1207/1703/1659 1216/1702/1658 1217/1704/1660
f 1207/1703/1659 1217/1704/1660 1206/1705/1661
f 1206/1705/1661 1217/1704/1660 1218/1706/1662
f 1206/1705/1661 1218/1706/1662 1205/1707/1663
f 1205/1707/1663 1218/1706/1662 1219/1708/1664
f 1205/1707/1663 1219/1708/1664 1204/1709/1665
f 1204/1709/1665 1219/1708/1664 1220/1710/1666
f 1204/1709/1665 1220/1710/1666 1203/1711/1667
f 1203/1711/1667 1220/1710/1666 1221/1712/1668
f 1203/1711/1667 1221/1712/1668 1202/1713/1669
f 1202/1713/1669 1221/1712/1668 1222/1714/1670
f 1202/1713/1669 1222/1714/1670 1201/1715/1671
f 1201/1715/1671 1222/1714/1670 1223/1716/1672
f 1201/1715/1671 1223/1716/1672 1200/1717/1673
f 1200/1717/1673 1223/1716/1672 1224/1718/1674
f 1200/1717/1673 1224/1718/1674 1199/1719/1675
f 1199/1719/1675 1224/1718/1674 1225/1720/1676
f 1199/1719/1675 1225/1720/1676 1198/1721/1677
f 1198/1721/1677 1225/1720/1676 1226/1722/1678
f 1198/1721/1677 1226/1722/1678 1197/1723/1679
f 1197/1723/1679 1226/1722/1678 1227/1724/1680
f 1197/1723/1679 1227/1724/1680 1196/1725/1681
f 1196/1725/1681 1227/1724/1680 1228/1726/1682
f 1196/1725/1681 1228/1726/1682 1195/1727/1683
f 1195/1727/1683 1228/1726/1682 1229/1728/1684
f 1195/1727/1683 1229/1728/1684 1194/1729/1685
f 1194/1729/1685 1229/1728/1684 1230/1730/1686
f 1194/1729/1685 1230/1730/1686 1193/1731/1687
f 1193/1731/1687 1230/1730/1686 1231/1732/1688
f 1193/1731/1687 1231/1732/1688 1192/1733/1689
f 1192/1733/1689 1231/1732/1688 1232/1734/1690
f 1192/1733/1689 1232/1734/1690 1191/1735/1691
f 1191/1735/1691 1232/1734/1690 1233/1736/1692
f 1191/1735/1691 1233/1736/1692 1190/1737/1693
f 1190/1737/1693 1233/1736/1692 1234/1738/1694
f 1190/1737/1693 1234/1738/1694 1189/1739/1695
f 1189/1739/1695 1234/1738/1694 1235/1740/1696
f 1189/1739/1695 1235/1740/1696 1188/1741/1697
f 1188/1741/1697 1235/1740/1696 1236/1742/1698
f 1188/1741/1697 1236/1742/1698 1187/1743/1699
f 1187/1743/1699 1236/1742/1698 1237/1744/1700
f 1187/1743/1699 1237/1744/1700 1186/1745/1701
f 1186/1745/1701 1237/1744/1700 1238/1746/1702
f 1186/1745/1701 1238/1746/1702 1185/1747/1703
f 1185/1747/1703 1238/1746/1702 1239/1748/1704
f 1185/1747/1703 1239/1748/1704 1184/1749/1705
f 1184/1749/1705 1239/1748/1704 1240/1750/1706
f 1184/1749/1705 1240/1750/1706 1183/1751/1707
f 1183/1751/1707 1240/1750/1706 1241/1752/1708
f 1183/1751/1707 1241/1752/1708 1182/1753/1709
f 1182/1753/1709 1241/1752/1708 1242/1754/1710
f 1182/1753/1709 1242/1754/1710 1181/1755/1711
f 1181/1755/1711 1242/1754/1710 1243/1756/1712
f 1181/1755/1711 1243/1756/1712 1180/1757/1713
f 1180/1757/1713 1243/1756/1712 1244/1758/1714
f 1180/1757/1713 1244/1758/1714 1179/1759/1715
f 1179/1759/1715 1244/1758/1714 1245/1760/1716
f 1179/1759/1715 1245/1760/1716 1178/1761/1717
f 1178/1761/1717 1245/1760/1716 1246/1762/1718
f 1178/1761/1717 1246/1762/1718 1177/1763/1719
f 1177/1763/1719 1246/1762/1718 1247/1764/1720
f 1177/1763/1719 1247/1764/1720 1176/1765/1721
f 1176/1765/1721 1247/1764/1720 1248/1766/1722
f 1176/1765/1721 1248/1766/1722 1175/1767/1723
f 1175/1767/1723 1248/1766/1722 1249/1768/1724
f 1175/1767/1723 1249/1768/1724 1174/1769/1725
f 1174/1769/1725 1249/1768/1724 1250/1770/1726
f 1174/1769/1725 1250/1770/1726 1173/1771/1727
f 1173/1771/1727 1250/1770/1726 1251/1772/1728
f 1173/1771/1727 1251/1772/1728 1172/1773/1729
f 1172/1773/1729 1251/1772/1728 1252/1774/1730
f 1172/1773/1729 1252/1774/1730 1171/1689/1647
f 1171/1689/1647 1252/1774/1730 1253/1690/1648
f 1087/1775/1731 1086/1776/1732 1170/1777/1733
f 1170/1777/1733 1086/1776/1732 1127/1778/1734
f 1170/1777/1733 1127/1778/1734 1171/1779/1735
f 1171/1779/1735 1127/1778/1734 1126/1780/1736
f 1171/1779/1735 1126/1780/1736 1172/1781/1737
f 1172/1781/1737 1126/1780/1736 1125/1782/1738
f 1172/1781/1737 1125/1782/1738 1173/1783/1739
f 1173/1783/1739 1125/1782/1738 1124/1784/1740
f 1173/1783/1739 1124/1784/1740 1174/1785/1741
f 1174/1785/1741 1124/1784/1740 1123/1786/1742
f 1174/1785/1741 1123/1786/1742 1175/1787/1743
f 1175/1787/1743 1123/1786/1742 1122/1788/1744
f 1175/1787/1743 1122/1788/1744 1176/1789/1745
f 1176/1789/1745 1122/1788/1744 1121/1790/1746
f 1176/1789/1745 1121/1790/1746 1177/1791/1747
f 1177/1791/1747 1121/1790/1746 1120/1792/1748
f 1177/1791/1747 1120/1792/1748 1178/1793/1749
f 1178/1793/1749 1120/1792/1748 1119/1794/1750
f 1178/1793/1749 1119/1794/1750 1179/1795/1751
f 1179/1795/1751 1119/1794/1750 1118/1796/1752
f 1179/1795/1751 1118/1796/1752 1180/1797/1753
f 1180/1797/1753 1118/1796/1752 1117/1798/1754
f 1180/1797/1753 1117/1798/1754 1181/1799/1755
f 1181/1799/1755 1117/1798/1754 1182/1800/1756
f 1182/1800/1756 1117/1798/1754 1116/1801/1757
f 1182/1800/1756 1116/1801/1757 1183/1802/1758
f 1183/1802/1758 1116/1801/1757 1115/1803/1759
f 1183/1802/1758 1115/1803/1759 1184/1804/1760
f 1184/1804/1760 1115/1803/1759 1114/1805/1761
f 1184/1804/1760 1114/1805/1761 1185/1806/1762
f 1185/1806/1762 1114/1805/1761 1113/1807/1763
f 1185/1806/1762 1113/1807/1763 1186/1808/1764
f 1186/1808/1764 1113/1807/1763 1112/1809/1765
f 1186/1808/1764 1112/1809/1765 1187/1810/1766
f 1187/1810/1766 1112/1809/1765 1111/1811/1767
f 1187/1810/1766 1111/1811/1767 1188/1812/1768
f 1188/1812/1768 1111/1811/1767 1110/1813/1769
f 1188/1812/1768 1110/1813/1769 1189/1814/1770
f 1189/1814/1770 1110/1813/1769 1109/1815/1771
f 1189/1814/1770 1109/1815/1771 1190/1816/1772
f 1190/1816/1772 1109/1815/1771 1108/1817/1773
f 1190/1816/1772 1108/1817/1773 1191/1818/1774
f 1191/1818/1774 1108/1817/1773 1107/1819/1775
f 1191/1818/1774 1107/1819/1775 1106/1820/1776
f 1191/1818/1774 1106/1820/1776 1192/1821/1777
f 1192/1821/1777 1106/1820/1776 1105/1822/1778
f 1192/1821/1777 1105/1822/1778 1193/1823/1779
f 1193/1823/1779 1105/1822/1778 1104/1824/1780
f 1193/1823/1779 1104/1824/1780 1194/1825/1781
f 1194/1825/1781 1104/1824/1780 1103/1826/1782
f 1194/1825/1781 1103/1826/1782 1195/1827/1783
f 1195/1827/1783 1103/1826/1782 1102/1828/1784
f 1195/1827/1783 1102/1828/1784 1196/1829/1785
f 1196/1829/1785 1102/1828/1784 1101/1830/1786
f 1196/1829/1785 1101/1830/1786 1197/1831/1787
f 1197/1831/1787 1101/1830/1786 1100/1832/1788
f 1197/1831/1787 1100/1832/1788 1198/1833/1789
f 1198/1833/1789 1100/1832/1788 1099/1834/1790
f 1198/1833/1789 1099/1834/1790 1199/1835/1791
f 1199/1835/1791 1099/1834/1790 1098/1836/1792
f 1199/1835/1791 1098/1836/1792 1200/1837/1793
f 1200/1837/1793 1098/1836/1792 1097/1838/1794
f 1200/1837/1793 1097/1838/1794 1201/1839/1795
f 1201/1839/1795 1097/1838/1794 1096/1840/1796
f 1201/1839/1795 1096/1840/1796 1202/1841/1797
f 1202/1841/1797 1096/1840/1796 1203/1842/1798
f 1203/1842/1798 1096/1840/1796 1095/1843/1799
f 1203/1842/1798 1095/1843/1799 1204/1844/1800
f 1204/1844/1800 1095/1843/1799 1094/1845/1801
f 1204/1844/1800 1094/1845/1801 1205/1846/1802
f 1205/1846/1802 1094/1845/1801 1093/1847/1803
f 1205/1846/1802 1093/1847/1803 1206/1848/1804
f 1206/1848/1804 1093/1847/1803 1092/1849/1805
f 1206/1848/1804 1092/1849/1805 1207/1850/1806
f 1207/1850/1806 1092/1849/1805 1091/1851/1807
f 1207/1850/1806 1091/1851/1807 1208/1852/1808
f 1208/1852/1808 1091/1851/1807 1090/1853/1809
f 1208/1852/1808 1090/1853/1809 1209/1854/1810
f 1209/1854/1810 1090/1853/1809 1089/1855/1811
f 1209/1854/1810 1089/1855/1811 1210/1856/1812
f 1210/1856/1812 1089/1855/1811 1088/1857/1813
f 1210/1856/1812 1088/1857/1813 1211/1858/1814
f 1211/1858/1814 1088/1857/1813 1087/1775/1731
f 1211/1858/1814 1087/1775/1731 1170/1777/1733
f 1129/1859/1815 1128/1860/1816 1212/1861/1817
f 1212/1861/1817 1128/1860/1816 1169/1862/1818
f 1212/1861/1817 1169/1862/1818 1213/1863/1819
f 1213/1863/1819 1169/1862/1818 1168/1864/1820
f 1213/1863/1819 1168/1864/1820 1214/1865/1821
f 1214/1865/1821 1168/1864/1820 1167/1866/1822
f 1214/1865/1821 1167/1866/1822 1215/1867/1823
f 1215/1867/1823 1167/1866/1822 1166/1868/1824
f 1215/1867/1823 1166/1868/1824 1216/1869/1825
f 1216/1869/1825 1166/1868/1824 1165/1870/1826
f 1216/1869/1825 1165/1870/1826 1217/1871/1827
f 1217/1871/1827 1165/1870/1826 1164/1872/1828
f 1217/1871/1827 1164/1872/1828 1218/1873/1829
f 1218/1873/1829 1164/1872/1828 1163/1874/1830
f 1218/1873/1829 1163/1874/1830 1219/1875/1831
f 1219/1875/1831 1163/1874/1830 1162/1876/1832
f 1219/1875/1831 1162/1876/1832 1220/1877/1833
f 1220/1877/1833 1162/1876/1832 1161/1878/1834
f 1220/1877/1833 1161/1878/1834 1221/1879/1835
f 1221/1879/1835 1161/1878/1834 1160/1880/1836
f 1221/1879/1835 1160/1880/1836 1222/1881/1837
f 1222/1881/1837 1160/1880/1836 1159/1882/1838
f 1222/1881/1837 1159/1882/1838 1223/1883/1839
f 1223/1883/1839 1159/1882/1838 1224/1884/1840
f 1224/1884/1840 1159/1882/1838 1158/1885/1841
f 1224/1884/1840 1158/1885/1841 1225/1886/1842
f 1225/1886/1842 1158/1885/1841 1157/1887/1843
f 1225/1886/1842 1157/1887/1843 1226/1888/1844
f 1226/1888/1844 1157/1887/1843 1156/1889/1845
f 1226/1888/1844 1156/1889/1845 1227/1890/1846
f 1227/1890/1846 1156/1889/1845 1155/1891/1847
f 1227/1890/1846 1155/1891/1847 1228/1892/1848
f 1228/1892/1848 1155/1891/1847 1154/1893/1849
f 1228/1892/1848 1154/1893/1849 1229/1894/1850
f 1229/1894/1850 1154/1893/1849 1153/1895/1851
f 1229/1894/1850 1153/1895/1851 1230/1896/1852
f 1230/1896/1852 1153/1895/1851 1152/1897/1853
f 1230/1896/1852 1152/1897/1853 1231/1898/1854
f 1231/1898/1854 1152/1897/1853 1151/1899/1855
f 1231/1898/1854 1151/1899/1855 1232/1900/1856
f 1232/1900/1856 1151/1899/1855 1150/1901/1857
f 1232/1900/1856 1150/1901/1857 1233/1902/1858
f 1233/1902/1858 1150/1901/1857 1149/1903/1859
f 1233/1902/1858 1149/1903/1859 1148/1904/1860
f 1233/1902/1858 1148/1904/1860 1234/1905/1861
f 1234/1905/1861 1148/1904/1860 1147/1906/1862
f 1234/1905/1861 1147/1906/1862 1235/1907/1863
f 1235/1907/1863 1147/1906/1862 1146/1908/1864
f 1235/1907/1863 1146/1908/1864 1236/1909/1865
f 1236/1909/1865 1146/1908/1864 1145/1910/1866
f 1236/1909/1865 1145/1910/1866 1237/1911/1867
f 1237/1911/1867 1145/1910/1866 1144/1912/1868
f 1237/1911/1867 1144/1912/1868 1238/1913/1869
f 1238/1913/1869 1144/1912/1868 1143/1914/1870
f 1238/1913/1869 1143/1914/1870 1239/1915/1871
f 1239/1915/1871 1143/1914/1870 1142/1916/1872
f 1239/1915/1871 1142/1916/1872 1240/1917/1873
f 1240/1917/1873 1142/1916/1872 1141/1918/1874
f 1240/1917/1873 1141/1918/1874 1241/1919/1875
f 1241/1919/1875 1141/1918/1874 1140/1920/1876
f 1241/1919/1875 1140/1920/1876 1242/1921/1877
f 1242/1921/1877 1140/1920/1876 1139/1922/1878
f 1242/1921/1877 1139/1922/1878 1243/1923/1879
f 1243/1923/1879 1139/1922/1878 1138/1924/1880
f 1243/1923/1879 1138/1924/1880 1244/1925/1881
f 1244/1925/1881 1138/1924/1880 1245/1926/1882
f 1245/1926/1882 1138/1924/1880 1137/1927/1883
f 1245/1926/1882 1137/1927/1883 1246/1928/1884
f 1246/1928/1884 1137/1927/1883 1136/1929/1885
f 1246/1928/1884 1136/1929/1885 1247/1930/1886
f 1247/1930/1886 1136/1929/1885 1135/1931/1887
f 1247/1930/1886 1135/1931/1887 1248/1932/1888
f 1248/1932/1888 1135/1931/1887 1134/1933/1889
f 1248/1932/1888 1134/1933/1889 1249/1934/1890
f 1249/1934/1890 1134/1933/1889 1133/1935/1891
f 1249/1934/1890 1133/1935/1891 1250/1936/1892
f 1250/1936/1892 1133/1935/1891 1132/1937/1893
f 1250/1936/1892 1132/1937/1893 1251/1938/1894
f 1251/1938/1894 1132/1937/1893 1131/1939/1895
f 1251/1938/1894 1131/1939/1895 1252/1940/1896
f 1252/1940/1896 1131/1939/1895 1130/1941/1897
f 1252/1940/1896 1130/1941/1897 1253/1942/1898
f 1253/1942/1898 1130/1941/1897 1129/1859/1815
f 1253/1942/1898 1129/1859/1815 1212/1861/1817
g Gövde3

v -6.200000 -0.000000 166.000000
v -5.988740 -1.604678 166.000000
v -5.369358 -3.100000 166.000000
v -4.384062 -4.384062 166.000000
v -3.100000 -5.369358 166.000000
v -1.604678 -5.988740 166.000000
v 0.000000 -6.200000 166.000000
v 1.604678 -5.988740 166.000000
v 3.100000 -5.369358 166.000000
v 4.384062 -4.384062 166.000000
v 5.369358 -3.100000 166.000000
v 5.988740 -1.604678 166.000000
v 6.200000 0.000000 166.000000
v 5.988740 1.604678 166.000000
v 5.369358 3.100000 166.000000
v 4.384062 4.384062 166.000000
v 3.100000 5.369358 166.000000
v 1.604678 5.988740 166.000000
v 0.000000 6.200000 166.000000
v -1.604678 5.988740 166.000000
v -3.100000 5.369358 166.000000
v -4.384062 4.384062 166.000000
v -5.369358 3.100000 166.000000
v -5.988740 1.604678 166.000000
v -6.200000 -0.000000 66.000000
v -5.988740 1.604678 66.000000
v -5.369358 3.100000 66.000000
v -4.384062 4.384062 66.000000
v -3.100000 5.369358 66.000000
v -1.604678 5.988740 66.000000
v 0.000000 6.200000 66.000000
v 1.604678 5.988740 66.000000
v 3.100000 5.369358 66.000000
v 4.384062 4.384062 66.000000
v 5.369358 3.100000 66.000000
v 5.988740 1.604678 66.000000
v 6.200000 0.000000 66.000000
v 5.988740 -1.604678 66.000000
v 5.369358 -3.100000 66.000000
v 4.384062 -4.384062 66.000000
v 3.100000 -5.369358 66.000000
v 1.604678 -5.988740 66.000000
v 0.000000 -6.200000 66.000000
v -1.604678 -5.988740 66.000000
v -3.100000 -5.369358 66.000000
v -4.384062 -4.384062 66.000000
v -5.369358 -3.100000 66.000000
v -5.988740 -1.604678 66.000000
v -6.200000 0.000000 154.888889
v -6.200000 0.000000 143.777778
v -6.200000 0.000000 132.666667
v -6.200000 0.000000 121.555556
v -6.200000 0.000000 110.444444
v -6.200000 0.000000 99.333333
v -6.200000 0.000000 88.222222
v -6.200000 0.000000 77.111111
v -5.988740 -1.604678 154.888889
v -5.988740 -1.604678 143.777778
v -5.988740 -1.604678 132.666667
v -5.988740 -1.604678 121.555556
v -5.988740 -1.604678 110.444444
v -5.988740 -1.604678 99.333333
v -5.988740 -1.604678 88.222222
v -5.988740 -1.604678 77.111111
v -5.369358 -3.100000 154.888889
v -5.369358 -3.100000 143.777778
v -5.369358 -3.100000 132.666667
v -5.369358 -3.100000 121.555556
v -5.369358 -3.100000 110.444444
v -5.369358 -3.100000 99.333333
v -5.369358 -3.100000 88.222222
v -5.369358 -3.100000 77.111111
v -4.384062 -4.384062 154.888889
v -4.384062 -4.384062 143.777778
v -4.384062 -4.384062 132.666667
v -4.384062 -4.384062 121.555556
v -4.384062 -4.384062 110.444444
v -4.384062 -4.384062 99.333333
v -4.384062 -4.384062 88.222222
v -4.384062 -4.384062 77.111111
v -3.100000 -5.369358 154.888889
v -3.100000 -5.369358 143.777778
v -3.100000 -5.369358 132.666667
v -3.100000 -5.369358 121.555556
v -3.100000 -5.369358 110.444444
v -3.100000 -5.369358 99.333333
v -3.100000 -5.369358 88.222222
v -3.100000 -5.369358 77.111111
v -1.604678 -5.988740 154.888889
v -1.604678 -5.988740 143.777778
v -1.604678 -5.988740 132.666667
v -1.604678 -5.988740 121.555556
v -1.604678 -5.988740 110.444444
v -1.604678 -5.988740 99.333333
v -1.604678 -5.988740 88.222222
v -1.604678 -5.988740 77.111111
v 0.000000 -6.200000 154.888889
v 0.000000 -6.200000 143.777778
v 0.000000 -6.200000 132.666667
v 0.000000 -6.200000 121.555556
v 0.000000 -6.200000 110.444444
v 0.000000 -6.200000 99.333333
v 0.000000 -6.200000 88.222222
v 0.000000 -6.200000 77.111111
v 1.604678 -5.988740 154.888889
v 1.604678 -5.988740 143.777778
v 1.604678 -5.988740 132.666667
v 1.604678 -5.988740 121.555556
v 1.604678 -5.988740 110.444444
v 1.604678 -5.988740 99.333333
v 1.604678 -5.988740 88.222222
v 1.604678 -5.988740 77.111111
v 3.100000 -5.369358 154.888889
v 3.100000 -5.369358 143.777778
v 3.100000 -5.369358 132.666667
v 3.100000 -5.369358 121.555556
v 3.100000 -5.369358 110.444444
v 3.100000 -5.369358 99.333333
v 3.100000 -5.369358 88.222222
v 3.100000 -5.369358 77.111111
v 4.384062 -4.384062 154.888889
v 4.384062 -4.384062 143.777778
v 4.384062 -4.384062 132.666667
v 4.384062 -4.384062 121.555556
v 4.384062 -4.384062 110.444444
v 4.384062 -4.384062 99.333333
v 4.384062 -4.384062 88.222222
v 4.384062 -4.384062 77.111111
v 5.369358 -3.100000 154.888889
v 5.369358 -3.100000 143.777778
v 5.369358 -3.100000 132.666667
v 5.369358 -3.100000 121.555556
v 5.369358 -3.100000 110.444444
v 5.369358 -3.100000 99.333333
v 5.369358 -3.100000 88.222222
v 5.369358 -3.100000 77.111111
v 5.988740 -1.604678 154.888889
v 5.988740 -1.604678 143.777778
v 5.988740 -1.604678 132.666667
v 5.988740 -1.604678 121.555556
v 5.988740 -1.604678 110.444444
v 5.988740 -1.604678 99.333333
v 5.988740 -1.604678 88.222222
v 5.988740 -1.604678 77.111111
v 6.200000 0.000000 154.888889
v 6.200000 0.000000 143.777778
v 6.200000 0.000000 132.666667
v 6.200000 0.000000 121.555556
v 6.200000 0.000000 110.444444
v 6.200000 0.000000 99.333333
v 6.200000 0.000000 88.222222
v 6.200000 0.000000 77.111111
v 5.988740 1.604678 154.888889
v 5.988740 1.604678 143.777778
v 5.988740 1.604678 132.666667
v 5.988740 1.604678 121.555556
v 5.988740 1.604678 110.444444
v 5.988740 1.604678 99.333333
v 5.988740 1.604678 88.222222
v 5.988740 1.604678 77.111111
v 5.369358 3.100000 154.888889
v 5.369358 3.100000 143.777778
v 5.369358 3.100000 132.666667
v 5.369358 3.100000 121.555556
v 5.369358 3.100000 110.444444
v 5.369358 3.100000 99.333333
v 5.369358 3.100000 88.222222
v 5.369358 3.100000 77.111111
v 4.384062 4.384062 154.888889
v 4.384062 4.384062 143.777778
v 4.384062 4.384062 132.666667
v 4.384062 4.384062 121.555556
v 4.384062 4.384062 110.444444
v 4.384062 4.384062 99.333333
v 4.384062 4.384062 88.222222
v 4.384062 4.384062 77.111111
v 3.100000 5.369358 154.888889
v 3.100000 5.369358 143.777778
v 3.100000 5.369358 132.666667
v 3.100000 5.369358 121.555556
v 3.100000 5.369358 110.444444
v 3.100000 5.369358 99.333333
v 3.100000 5.369358 88.222222
v 3.100000 5.369358 77.111111
v 1.604678 5.988740 154.888889
v 1.604678 5.988740 143.777778
v 1.604678 5.988740 132.666667
v 1.604678 5.988740 121.555556
v 1.604678 5.988740 110.444444
v 1.604678 5.988740 99.333333
v 1.604678 5.988740 88.222222
v 1.604678 5.988740 77.111111
v 0.000000 6.200000 154.888889
v 0.000000 6.200000 143.777778
v 0.000000 6.200000 132.666667
v 0.000000 6.200000 121.555556
v 0.000000 6.200000 110.444444
v 0.000000 6.200000 99.333333
v 0.000000 6.200000 88.222222
v 0.000000 6.200000 77.111111
v -1.604678 5.988740 154.888889
v -1.604678 5.988740 143.777778
v -1.604678 5.988740 132.666667
v -1.604678 5.988740 121.555556
v -1.604678 5.988740 110.444444
v -1.604678 5.988740 99.333333
v -1.604678 5.988740 88.222222
v -1.604678 5.988740 77.111111
v -3.100000 5.369358 154.888889
v -3.100000 5.369358 143.777778
v -3.100000 5.369358 132.666667
v -3.100000 5.369358 121.555556
v -3.100000 5.369358 110.444444
v -3.100000 5.369358 99.333333
v -3.100000 5.369358 88.222222
v -3.100000 5.369358 77.111111
v -4.384062 4.384062 154.888889
v -4.384062 4.384062 143.777778
v -4.384062 4.384062 132.666667
v -4.384062 4.384062 121.555556
v -4.384062 4.384062 110.444444
v -4.384062 4.384062 99.333333
v -4.384062 4.384062 88.222222
v -4.384062 4.384062 77.111111
v -5.369358 3.100000 154.888889
v -5.369358 3.100000 143.777778
v -5.369358 3.100000 132.666667
v -5.369358 3.100000 121.555556
v -5.369358 3.100000 110.444444
v -5.369358 3.100000 99.333333
v -5.369358 3.100000 88.222222
v -5.369358 3.100000 77.111111
v -5.988740 1.604678 154.888889
v -5.988740 1.604678 143.777778
v -5.988740 1.604678 132.666667
v -5.988740 1.604678 121.555556
v -5.988740 1.604678 110.444444
v -5.988740 1.604678 99.333333
v -5.988740 1.604678 88.222222
v -5.988740 1.604678 77.111111
v -6.250000 -0.000000 166.000000
v -6.037036 1.617619 166.000000
v -5.412659 3.125000 166.000000
v -4.419417 4.419417 166.000000
v -3.125000 5.412659 166.000000
v -1.617619 6.037036 166.000000
v 0.000000 6.250000 166.000000
v 1.617619 6.037036 166.000000
v 3.125000 5.412659 166.000000
v 4.419417 4.419417 166.000000
v 5.412659 3.125000 166.000000
v 6.037036 1.617619 166.000000
v 6.250000 0.000000 166.000000
v 6.037036 -1.617619 166.000000
v 5.412659 -3.125000 166.000000
v 4.419417 -4.419417 166.000000
v 3.125000 -5.412659 166.000000
v 1.617619 -6.037036 166.000000
v 0.000000 -6.250000 166.000000
v -1.617619 -6.037036 166.000000
v -3.125000 -5.412659 166.000000
v -4.419417 -4.419417 166.000000
v -5.412659 -3.125000 166.000000
v -6.037036 -1.617619 166.000000
v -6.250000 -0.000000 66.000000
v -6.037036 -1.617619 66.000000
v -5.412659 -3.125000 66.000000
v -4.419417 -4.419417 66.000000
v -3.125000 -5.412659 66.000000
v -1.617619 -6.037036 66.000000
v 0.000000 -6.250000 66.000000
v 1.617619 -6.037036 66.000000
v 3.125000 -5.412659 66.000000
v 4.419417 -4.419417 66.000000
v 5.412659 -3.125000 66.000000
v 6.037036 -1.617619 66.000000
v 6.250000 0.000000 66.000000
v 6.037036 1.617619 66.000000
v 5.412659 3.125000 66.000000
v 4.419417 4.419417 66.000000
v 3.125000 5.412659 66.000000
v 1.617619 6.037036 66.000000
v 0.000000 6.250000 66.000000
v -1.617619 6.037036 66.000000
v -3.125000 5.412659 66.000000
v -4.419417 4.419417 66.000000
v -5.412659 3.125000 66.000000
v -6.037036 1.617619 66.000000
v -6.250000 -0.000000 154.888889
v -6.250000 -0.000000 143.777778
v -6.250000 -0.000000 132.666667
v -6.250000 -0.000000 121.555556
v -6.250000 -0.000000 110.444444
v -6.250000 -0.000000 99.333333
v -6.250000 -0.000000 88.222222
v -6.250000 -0.000000 77.111111
v -6.037036 1.617619 154.888889
v -6.037036 1.617619 143.777778
v -6.037036 1.617619 132.666667
v -6.037036 1.617619 121.555556
v -6.037036 1.617619 110.444444
v -6.037036 1.617619 99.333333
v -6.037036 1.617619 88.222222
v -6.037036 1.617619 77.111111
v -5.412659 3.125000 154.888889
v -5.412659 3.125000 143.777778
v -5.412659 3.125000 132.666667
v -5.412659 3.125000 121.555556
v -5.412659 3.125000 110.444444
v -5.412659 3.125000 99.333333
v -5.412659 3.125000 88.222222
v -5.412659 3.125000 77.111111
v -4.419417 4.419417 154.888889
v -4.419417 4.419417 143.777778
v -4.419417 4.419417 132.666667
v -4.419417 4.419417 121.555556
v -4.419417 4.419417 110.444444
v -4.419417 4.419417 99.333333
v -4.419417 4.419417 88.222222
v -4.419417 4.419417 77.111111
v -3.125000 5.412659 154.888889
v -3.125000 5.412659 143.777778
v -3.125000 5.412659 132.666667
v -3.125000 5.412659 121.555556
v -3.125000 5.412659 110.444444
v -3.125000 5.412659 99.333333
v -3.125000 5.412659 88.222222
v -3.125000 5.412659 77.111111
v -1.617619 6.037036 154.888889
v -1.617619 6.037036 143.777778
v -1.617619 6.037036 132.666667
v -1.617619 6.037036 121.555556
v -1.617619 6.037036 110.444444
v -1.617619 6.037036 99.333333
v -1.617619 6.037036 88.222222
v -1.617619 6.037036 77.111111
v 0.000000 6.250000 154.888889
v 0.000000 6.250000 143.777778
v 0.000000 6.250000 132.666667
v 0.000000 6.250000 121.555556
v 0.000000 6.250000 110.444444
v 0.000000 6.250000 99.333333
v 0.000000 6.250000 88.222222
v 0.000000 6.250000 77.111111
v 1.617619 6.037036 154.888889
v 1.617619 6.037036 143.777778
v 1.617619 6.037036 132.666667
v 1.617619 6.037036 121.555556
v 1.617619 6.037036 110.444444
v 1.617619 6.037036 99.333333
v 1.617619 6.037036 88.222222
v 1.617619 6.037036 77.111111
v 3.125000 5.412659 154.888889
v 3.125000 5.412659 143.777778
v 3.125000 5.412659 132.666667
v 3.125000 5.412659 121.555556
v 3.125000 5.412659 110.444444
v 3.125000 5.412659 99.333333
v 3.125000 5.412659 88.222222
v 3.125000 5.412659 77.111111
v 4.419417 4.419417 154.888889
v 4.419417 4.419417 143.777778
v 4.419417 4.419417 132.666667
v 4.419417 4.419417 121.555556
v 4.419417 4.419417 110.444444
v 4.419417 4.419417 99.333333
v 4.419417 4.419417 88.222222
v 4.419417 4.419417 77.111111
v 5.412659 3.125000 154.888889
v 5.412659 3.125000 143.777778
v 5.412659 3.125000 132.666667
v 5.412659 3.125000 121.555556
v 5.412659 3.125000 110.444444
v 5.412659 3.125000 99.333333
v 5.412659 3.125000 88.222222
v 5.412659 3.125000 77.111111
v 6.037036 1.617619 154.888889
v 6.037036 1.617619 143.777778
v 6.037036 1.617619 132.666667
v 6.037036 1.617619 121.555556
v 6.037036 1.617619 110.444444
v 6.037036 1.617619 99.333333
v 6.037036 1.617619 88.222222
v 6.037036 1.617619 77.111111
v 6.250000 0.000000 154.888889
v 6.250000 0.000000 143.777778
v 6.250000 0.000000 132.666667
v 6.250000 0.000000 121.555556
v 6.250000 0.000000 110.444444
v 6.250000 0.000000 99.333333
v 6.250000 0.000000 88.222222
v 6.250000 0.000000 77.111111
v 6.037036 -1.617619 154.888889
v 6.037036 -1.617619 143.777778
v 6.037036 -1.617619 132.666667
v 6.037036 -1.617619 121.555556
v 6.037036 -1.617619 110.444444
v 6.037036 -1.617619 99.333333
v 6.037036 -1.617619 88.222222
v 6.037036 -1.617619 77.111111
v 5.412659 -3.125000 154.888889
v 5.412659 -3.125000 143.777778
v 5.412659 -3.125000 132.666667
v 5.412659 -3.125000 121.555556
v 5.412659 -3.125000 110.444444
v 5.412659 -3.125000 99.333333
v 5.412659 -3.125000 88.222222
v 5.412659 -3.125000 77.111111
v 4.419417 -4.419417 154.888889
v 4.419417 -4.419417 143.777778
v 4.419417 -4.419417 132.666667
v 4.419417 -4.419417 121.555556
v 4.419417 -4.419417 110.444444
v 4.419417 -4.419417 99.333333
v 4.419417 -4.419417 88.222222
v 4.419417 -4.419417 77.111111
v 3.125000 -5.412659 154.888889
v 3.125000 -5.412659 143.777778
v 3.125000 -5.412659 132.666667
v 3.125000 -5.412659 121.555556
v 3.125000 -5.412659 110.444444
v 3.125000 -5.412659 99.333333
v 3.125000 -5.412659 88.222222
v 3.125000 -5.412659 77.111111
v 1.617619 -6.037036 154.888889
v 1.617619 -6.037036 143.777778
v 1.617619 -6.037036 132.666667
v 1.617619 -6.037036 121.555556
v 1.617619 -6.037036 110.444444
v 1.617619 -6.037036 99.333333
v 1.617619 -6.037036 88.222222
v 1.617619 -6.037036 77.111111
v 0.000000 -6.250000 154.888889
v 0.000000 -6.250000 143.777778
v 0.000000 -6.250000 132.666667
v 0.000000 -6.250000 121.555556
v 0.000000 -6.250000 110.444444
v 0.000000 -6.250000 99.333333
v 0.000000 -6.250000 88.222222
v 0.000000 -6.250000 77.111111
v -1.617619 -6.037036 154.888889
v -1.617619 -6.037036 143.777778
v -1.617619 -6.037036 132.666667
v -1.617619 -6.037036 121.555556
v -1.617619 -6.037036 110.444444
v -1.617619 -6.037036 99.333333
v -1.617619 -6.037036 88.222222
v -1.617619 -6.037036 77.111111
v -3.125000 -5.412659 154.888889
v -3.125000 -5.412659 143.777778
v -3.125000 -5.412659 132.666667
v -3.125000 -5.412659 121.555556
v -3.125000 -5.412659 110.444444
v -3.125000 -5.412659 99.333333
v -3.125000 -5.412659 88.222222
v -3.125000 -5.412659 77.111111
v -4.419417 -4.419417 154.888889
v -4.419417 -4.419417 143.777778
v -4.419417 -4.419417 132.666667
v -4.419417 -4.419417 121.555556
v -4.419417 -4.419417 110.444444
v -4.419417 -4.419417 99.333333
v -4.419417 -4.419417 88.222222
v -4.419417 -4.419417 77.111111
v -5.412659 -3.125000 154.888889
v -5.412659 -3.125000 143.777778
v -5.412659 -3.125000 132.666667
v -5.412659 -3.125000 121.555556
v -5.412659 -3.125000 110.444444
v -5.412659 -3.125000 99.333333
v -5.412659 -3.125000 88.222222
v -5.412659 -3.125000 77.111111
v -6.037036 -1.617619 154.888889
v -6.037036 -1.617619 143.777778
v -6.037036 -1.617619 132.666667
v -6.037036 -1.617619 121.555556
v -6.037036 -1.617619 110.444444
v -6.037036 -1.617619 99.333333
v -6.037036 -1.617619 88.222222
v -6.037036 -1.617619 77.111111
vt 100.000000 -17.854718 0.000000
vt 88.888889 -17.854718 0.000000
vt 100.000000 -19.477874 0.000000
vt 88.888889 -19.477874 0.000000
vt 100.000000 19.477874 0.000000
vt 88.888889 19.477874 0.000000
vt 100.000000 17.854718 0.000000
vt 88.888889 17.854718 0.000000
vt 100.000000 16.231562 0.000000
vt 88.888889 16.231562 0.000000
vt 100.000000 14.608406 0.000000
vt 88.888889 14.608406 0.000000
vt 100.000000 12.985250 0.000000
vt 88.888889 12.985250 0.000000
vt 100.000000 11.362093 0.000000
vt 88.888889 11.362093 0.000000
vt 100.000000 9.738937 0.000000
vt 88.888889 9.738937 0.000000
vt 100.000000 8.115781 0.000000
vt 88.888889 8.115781 0.000000
vt 100.000000 6.492625 0.000000
vt 88.888889 6.492625 0.000000
vt 100.000000 4.869469 0.000000
vt 88.888889 4.869469 0.000000
vt 100.000000 3.246312 0.000000
vt 88.888889 3.246312 0.000000
vt 100.000000 1.623156 0.000000
vt 88.888889 1.623156 0.000000
vt 100.000000 0.000000 0.000000
vt 88.888889 0.000000 0.000000
vt 100.000000 -1.623156 0.000000
vt 88.888889 -1.623156 0.000000
vt 100.000000 -3.246312 0.000000
vt 88.888889 -3.246312 0.000000
vt 100.000000 -4.869469 0.000000
vt 88.888889 -4.869469 0.000000
vt 100.000000 -6.492625 0.000000
vt 88.888889 -6.492625 0.000000
vt 100.000000 -8.115781 0.000000
vt 88.888889 -8.115781 0.000000
vt 100.000000 -9.738937 0.000000
vt 88.888889 -9.738937 0.000000
vt 100.000000 -11.362093 0.000000
vt 88.888889 -11.362093 0.000000
vt 100.000000 -12.985250 0.000000
vt 88.888889 -12.985250 0.000000
vt 100.000000 -14.608406 0.000000
vt 88.888889 -14.608406 0.000000
vt 100.000000 -16.231562 0.000000
vt 88.888889 -16.231562 0.000000
vt 0.000000 17.854718 0.000000
vt 11.111111 17.854718 0.000000
vt 0.000000 19.477874 0.000000
vt 11.111111 19.477874 0.000000
vt 0.000000 -19.477874 0.000000
vt 11.111111 -19.477874 0.000000
vt 0.000000 -17.854718 0.000000
vt 11.111111 -17.854718 0.000000
vt 0.000000 -16.231562 0.000000
vt 11.111111 -16.231562 0.000000
vt 0.000000 -14.608406 0.000000
vt 11.111111 -14.608406 0.000000
vt 0.000000 -12.985250 0.000000
vt 11.111111 -12.985250 0.000000
vt 0.000000 -11.362093 0.000000
vt 11.111111 -11.362093 0.000000
vt 0.000000 -9.738937 0.000000
vt 11.111111 -9.738937 0.000000
vt 0.000000 -8.115781 0.000000
vt 11.111111 -8.115781 0.000000
vt 0.000000 -6.492625 0.000000
vt 11.111111 -6.492625 0.000000
vt 0.000000 -4.869469 0.000000
vt 11.111111 -4.869469 0.000000
vt 0.000000 -3.246312 0.000000
vt 11.111111 -3.246312 0.000000
vt 0.000000 -1.623156 0.000000
vt 11.111111 -1.623156 0.000000
vt 0.000000 0.000000 0.000000
vt 11.111111 0.000000 0.000000
vt 0.000000 1.623156 0.000000
vt 11.111111 1.623156 0.000000
vt 0.000000 3.246312 0.000000
vt 11.111111 3.246312 0.000000
vt 0.000000 4.869469 0.000000
vt 11.111111 4.869469 0.000000
vt 0.000000 6.492625 0.000000
vt 11.111111 6.492625 0.000000
vt 0.000000 8.115781 0.000000
vt 11.111111 8.115781 0.000000
vt 0.000000 9.738937 0.000000
vt 11.111111 9.738937 0.000000
vt 0.000000 11.362093 0.000000
vt 11.111111 11.362093 0.000000
vt -0.000000 12.985250 0.000000
vt 11.111111 12.985250 0.000000
vt 0.000000 14.608406 0.000000
vt 11.111111 14.608406 0.000000
vt 0.000000 16.231562 0.000000
vt 11.111111 16.231562 0.000000
vt 77.777778 19.477874 0.000000
vt 77.777778 17.854718 0.000000
vt 77.777778 16.231562 0.000000
vt 77.777778 14.608406 0.000000
vt 77.777778 12.985250 0.000000
vt 77.777778 11.362093 0.000000
vt 77.777778 9.738937 0.000000
vt 77.777778 8.115781 0.000000
vt 77.777778 6.492625 0.000000
vt 77.777778 4.869469 0.000000
vt 77.777778 3.246312 0.000000
vt 77.777778 1.623156 0.000000
vt 77.777778 0.000000 0.000000
vt 77.777778 -1.623156 0.000000
vt 77.777778 -3.246312 0.000000
vt 77.777778 -4.869469 0.000000
vt 77.777778 -6.492625 0.000000
vt 77.777778 -8.115781 0.000000
vt 77.777778 -9.738937 0.000000
vt 77.777778 -11.362093 0.000000
vt 77.777778 -12.985250 0.000000
vt 77.777778 -14.608406 0.000000
vt 77.777778 -16.231562 0.000000
vt 77.777778 -17.854718 0.000000
vt 77.777778 -19.477874 0.000000
vt 66.666667 19.477874 0.000000
vt 66.666667 17.854718 0.000000
vt 66.666667 16.231562 0.000000
vt 66.666667 14.608406 0.000000
vt 66.666667 12.985250 0.000000
vt 66.666667 11.362093 0.000000
vt 66.666667 9.738937 0.000000
vt 66.666667 8.115781 0.000000
vt 66.666667 6.492625 0.000000
vt 66.666667 4.869469 0.000000
vt 66.666667 3.246312 0.000000
vt 66.666667 1.623156 0.000000
vt 66.666667 0.000000 0.000000
vt 66.666667 -1.623156 0.000000
vt 66.666667 -3.246312 0.000000
vt 66.666667 -4.869469 0.000000
vt 66.666667 -6.492625 0.000000
vt 66.666667 -8.115781 0.000000
vt 66.666667 -9.738937 0.000000
vt 66.666667 -11.362093 0.000000
vt 66.666667 -12.985250 0.000000
vt 66.666667 -14.608406 0.000000
vt 66.666667 -16.231562 0.000000
vt 66.666667 -17.854718 0.000000
vt 66.666667 -19.477874 0.000000
vt 55.555556 19.477874 0.000000
vt 55.555556 17.854718 0.000000
vt 55.555556 16.231562 0.000000
vt 55.555556 14.608406 0.000000
vt 55.555556 12.985250 0.000000
vt 55.555556 11.362093 0.000000
vt 55.555556 9.738937 0.000000
vt 55.555556 8.115781 0.000000
vt 55.555556 6.492625 0.000000
vt 55.555556 4.869469 0.000000
vt 55.555556 3.246312 0.000000
vt 55.555556 1.623156 0.000000
vt 55.555556 0.000000 0.000000
vt 55.555556 -1.623156 0.000000
vt 55.555556 -3.246312 0.000000
vt 55.555556 -4.869469 0.000000
vt 55.555556 -6.492625 0.000000
vt 55.555556 -8.115781 0.000000
vt 55.555556 -9.738937 0.000000
vt 55.555556 -11.362093 0.000000
vt 55.555556 -12.985250 0.000000
vt 55.555556 -14.608406 0.000000
vt 55.555556 -16.231562 0.000000
vt 55.555556 -17.854718 0.000000
vt 55.555556 -19.477874 0.000000
vt 44.444444 19.477874 0.000000
vt 44.444444 17.854718 0.000000
vt 44.444444 16.231562 0.000000
vt 44.444444 14.608406 0.000000
vt 44.444444 12.985250 0.000000
vt 44.444444 11.362093 0.000000
vt 44.444444 9.738937 0.000000
vt 44.444444 8.115781 0.000000
vt 44.444444 6.492625 0.000000
vt 44.444444 4.869469 0.000000
vt 44.444444 3.246312 0.000000
vt 44.444444 1.623156 0.000000
vt 44.444444 0.000000 0.000000
vt 44.444444 -1.623156 0.000000
vt 44.444444 -3.246312 0.000000
vt 44.444444 -4.869469 0.000000
vt 44.444444 -6.492625 0.000000
vt 44.444444 -8.115781 0.000000
vt 44.444444 -9.738937 0.000000
vt 44.444444 -11.362093 0.000000
vt 44.444444 -12.985250 0.000000
vt 44.444444 -14.608406 0.000000
vt 44.444444 -16.231562 0.000000
vt 44.444444 -17.854718 0.000000
vt 44.444444 -19.477874 0.000000
vt 33.333333 19.477874 0.000000
vt 33.333333 17.854718 0.000000
vt 33.333333 16.231562 0.000000
vt 33.333333 14.608406 0.000000
vt 33.333333 12.985250 0.000000
vt 33.333333 11.362093 0.000000
vt 33.333333 9.738937 0.000000
vt 33.333333 8.115781 0.000000
vt 33.333333 6.492625 0.000000
vt 33.333333 4.869469 0.000000
vt 33.333333 3.246312 0.000000
vt 33.333333 1.623156 0.000000
vt 33.333333 0.000000 0.000000
vt 33.333333 -1.623156 0.000000
vt 33.333333 -3.246312 0.000000
vt 33.333333 -4.869469 0.000000
vt 33.333333 -6.492625 0.000000
vt 33.333333 -8.115781 0.000000
vt 33.333333 -9.738937 0.000000
vt 33.333333 -11.362093 0.000000
vt 33.333333 -12.985250 0.000000
vt 33.333333 -14.608406 0.000000
vt 33.333333 -16.231562 0.000000
vt 33.333333 -17.854718 0.000000
vt 33.333333 -19.477874 0.000000
vt 22.222222 19.477874 0.000000
vt 22.222222 17.854718 0.000000
vt 22.222222 16.231562 0.000000
vt 22.222222 14.608406 0.000000
vt 22.222222 12.985250 0.000000
vt 22.222222 11.362093 0.000000
vt 22.222222 9.738937 0.000000
vt 22.222222 8.115781 0.000000
vt 22.222222 6.492625 0.000000
vt 22.222222 4.869469 0.000000
vt 22.222222 3.246312 0.000000
vt 22.222222 1.623156 0.000000
vt 22.222222 0.000000 0.000000
vt 22.222222 -1.623156 0.000000
vt 22.222222 -3.246312 0.000000
vt 22.222222 -4.869469 0.000000
vt 22.222222 -6.492625 0.000000
vt 22.222222 -8.115781 0.000000
vt 22.222222 -9.738937 0.000000
vt 22.222222 -11.362093 0.000000
vt 22.222222 -12.985250 0.000000
vt 22.222222 -14.608406 0.000000
vt 22.222222 -16.231562 0.000000
vt 22.222222 -17.854718 0.000000
vt 22.222222 -19.477874 0.000000
vt -100.000000 17.998708 0.000000
vt -88.888889 17.998708 0.000000
vt -100.000000 19.634954 0.000000
vt -88.888889 19.634954 0.000000
vt -100.000000 -19.634954 0.000000
vt -88.888889 -19.634954 0.000000
vt -100.000000 -17.998708 0.000000
vt -88.888889 -17.998708 0.000000
vt -100.000000 -16.362462 0.000000
vt -88.888889 -16.362462 0.000000
vt -100.000000 -14.726216 0.000000
vt -88.888889 -14.726216 0.000000
vt -100.000000 -13.089969 0.000000
vt -88.888889 -13.089969 0.000000
vt -100.000000 -11.453723 0.000000
vt -88.888889 -11.453723 0.000000
vt -100.000000 -9.817477 0.000000
vt -88.888889 -9.817477 0.000000
vt -100.000000 -8.181231 0.000000
vt -88.888889 -8.181231 0.000000
vt -100.000000 -6.544985 0.000000
vt -88.888889 -6.544985 0.000000
vt -100.000000 -4.908739 0.000000
vt -88.888889 -4.908739 0.000000
vt -100.000000 -3.272492 0.000000
vt -88.888889 -3.272492 0.000000
vt -100.000000 -1.636246 0.000000
vt -88.888889 -1.636246 0.000000
vt -100.000000 0.000000 0.000000
vt -88.888889 0.000000 0.000000
vt -100.000000 1.636246 0.000000
vt -88.888889 1.636246 0.000000
vt -100.000000 3.272492 0.000000
vt -88.888889 3.272492 0.000000
vt -100.000000 4.908739 0.000000
vt -88.888889 4.908739 0.000000
vt -100.000000 6.544985 0.000000
vt -88.888889 6.544985 0.000000
vt -100.000000 8.181231 0.000000
vt -88.888889 8.181231 0.000000
vt -100.000000 9.817477 0.000000
vt -88.888889 9.817477 0.000000
vt -100.000000 11.453723 0.000000
vt -88.888889 11.453723 0.000000
vt -100.000000 13.089969 0.000000
vt -88.888889 13.089969 0.000000
vt -100.000000 14.726216 0.000000
vt -88.888889 14.726216 0.000000
vt -100.000000 16.362462 0.000000
vt -88.888889 16.362462 0.000000
vt -0.000000 -17.998708 0.000000
vt -11.111111 -17.998708 0.000000
vt -0.000000 -19.634954 0.000000
vt -11.111111 -19.634954 0.000000
vt -0.000000 19.634954 0.000000
vt -11.111111 19.634954 0.000000
vt -0.000000 17.998708 0.000000
vt -11.111111 17.998708 0.000000
vt -0.000000 16.362462 0.000000
vt -11.111111 16.362462 0.000000
vt -0.000000 14.726216 0.000000
vt -11.111111 14.726216 0.000000
vt -0.000000 13.089969 0.000000
vt -11.111111 13.089969 0.000000
vt -0.000000 11.453723 0.000000
vt -11.111111 11.453723 0.000000
vt -0.000000 9.817477 0.000000
vt -11.111111 9.817477 0.000000
vt -0.000000 8.181231 0.000000
vt -11.111111 8.181231 0.000000
vt -0.000000 6.544985 0.000000
vt -11.111111 6.544985 0.000000
vt -0.000000 4.908739 0.000000
vt -11.111111 4.908739 0.000000
vt -0.000000 3.272492 0.000000
vt -11.111111 3.272492 0.000000
vt -0.000000 1.636246 0.000000
vt -11.111111 1.636246 0.000000
vt -0.000000 0.000000 0.000000
vt -11.111111 0.000000 0.000000
vt -0.000000 -1.636246 0.000000
vt -11.111111 -1.636246 0.000000
vt -0.000000 -3.272492 0.000000
vt -11.111111 -3.272492 0.000000
vt -0.000000 -4.908739 0.000000
vt -11.111111 -4.908739 0.000000
vt -0.000000 -6.544985 0.000000
vt -11.111111 -6.544985 0.000000
vt -0.000000 -8.181231 0.000000
vt -11.111111 -8.181231 0.000000
vt -0.000000 -9.817477 0.000000
vt -11.111111 -9.817477 0.000000
vt -0.000000 -11.453723 0.000000
vt -11.111111 -11.453723 0.000000
vt -0.000000 -13.089969 0.000000
vt -11.111111 -13.089969 0.000000
vt -0.000000 -14.726216 0.000000
vt -11.111111 -14.726216 0.000000
vt -0.000000 -16.362462 0.000000
vt -11.111111 -16.362462 0.000000
vt -77.777778 -19.634954 0.000000
vt -77.777778 -17.998708 0.000000
vt -77.777778 -16.362462 0.000000
vt -77.777778 -14.726216 0.000000
vt -77.777778 -13.089969 0.000000
vt -77.777778 -11.453723 0.000000
vt -77.777778 -9.817477 0.000000
vt -77.777778 -8.181231 0.000000
vt -77.777778 -6.544985 0.000000
vt -77.777778 -4.908739 0.000000
vt -77.777778 -3.272492 0.000000
vt -77.777778 -1.636246 0.000000
vt -77.777778 0.000000 0.000000
vt -77.777778 1.636246 0.000000
vt -77.777778 3.272492 0.000000
vt -77.777778 4.908739 0.000000
vt -77.777778 6.544985 0.000000
vt -77.777778 8.181231 0.000000
vt -77.777778 9.817477 0.000000
vt -77.777778 11.453723 0.000000
vt -77.777778 13.089969 0.000000
vt -77.777778 14.726216 0.000000
vt -77.777778 16.362462 0.000000
vt -77.777778 17.998708 0.000000
vt -77.777778 19.634954 0.000000
vt -66.666667 -19.634954 0.000000
vt -66.666667 -17.998708 0.000000
vt -66.666667 -16.362462 0.000000
vt -66.666667 -14.726216 0.000000
vt -66.666667 -13.089969 0.000000
vt -66.666667 -11.453723 0.000000
vt -66.666667 -9.817477 0.000000
vt -66.666667 -8.181231 0.000000
vt -66.666667 -6.544985 0.000000
vt -66.666667 -4.908739 0.000000
vt -66.666667 -3.272492 0.000000
vt -66.666667 -1.636246 0.000000
vt -66.666667 0.000000 0.000000
vt -66.666667 1.636246 0.000000
vt -66.666667 3.272492 0.000000
vt -66.666667 4.908739 0.000000
vt -66.666667 6.544985 0.000000
vt -66.666667 8.181231 0.000000
vt -66.666667 9.817477 0.000000
vt -66.666667 11.453723 0.000000
vt -66.666667 13.089969 0.000000
vt -66.666667 14.726216 0.000000
vt -66.666667 16.362462 0.000000
vt -66.666667 17.998708 0.000000
vt -66.666667 19.634954 0.000000
vt -55.555556 -19.634954 0.000000
vt -55.555556 -17.998708 0.000000
vt -55.555556 -16.362462 0.000000
vt -55.555556 -14.726216 0.000000
vt -55.555556 -13.089969 0.000000
vt -55.555556 -11.453723 0.000000
vt -55.555556 -9.817477 0.000000
vt -55.555556 -8.181231 0.000000
vt -55.555556 -6.544985 0.000000
vt -55.555556 -4.908739 0.000000
vt -55.555556 -3.272492 0.000000
vt -55.555556 -1.636246 0.000000
vt -55.555556 0.000000 0.000000
vt -55.555556 1.636246 0.000000
vt -55.555556 3.272492 0.000000
vt -55.555556 4.908739 0.000000
vt -55.555556 6.544985 0.000000
vt -55.555556 8.181231 0.000000
vt -55.555556 9.817477 0.000000
vt -55.555556 11.453723 0.000000
vt -55.555556 13.089969 0.000000
vt -55.555556 14.726216 0.000000
vt -55.555556 16.362462 0.000000
vt -55.555556 17.998708 0.000000
vt -55.555556 19.634954 0.000000
vt -44.444444 -19.634954 0.000000
vt -44.444444 -17.998708 0.000000
vt -44.444444 -16.362462 0.000000
vt -44.444444 -14.726216 0.000000
vt -44.444444 -13.089969 0.000000
vt -44.444444 -11.453723 0.000000
vt -44.444444 -9.817477 0.000000
vt -44.444444 -8.181231 0.000000
vt -44.444444 -6.544985 0.000000
vt -44.444444 -4.908739 0.000000
vt -44.444444 -3.272492 0.000000
vt -44.444444 -1.636246 0.000000
vt -44.444444 0.000000 0.000000
vt -44.444444 1.636246 0.000000
vt -44.444444 3.272492 0.000000
vt -44.444444 4.908739 0.000000
vt -44.444444 6.544985 0.000000
vt -44.444444 8.181231 0.000000
vt -44.444444 9.817477 0.000000
vt -44.444444 11.453723 0.000000
vt -44.444444 13.089969 0.000000
vt -44.444444 14.726216 0.000000
vt -44.444444 16.362462 0.000000
vt -44.444444 17.998708 0.000000
vt -44.444444 19.634954 0.000000
vt -33.333333 -19.634954 0.000000
vt -33.333333 -17.998708 0.000000
vt -33.333333 -16.362462 0.000000
vt -33.333333 -14.726216 0.000000
vt -33.333333 -13.089969 0.000000
vt -33.333333 -11.453723 0.000000
vt -33.333333 -9.817477 0.000000
vt -33.333333 -8.181231 0.000000
vt -33.333333 -6.544985 0.000000
vt -33.333333 -4.908739 0.000000
vt -33.333333 -3.272492 0.000000
vt -33.333333 -1.636246 0.000000
vt -33.333333 0.000000 0.000000
vt -33.333333 1.636246 0.000000
vt -33.333333 3.272492 0.000000
vt -33.333333 4.908739 0.000000
vt -33.333333 6.544985 0.000000
vt -33.333333 8.181231 0.000000
vt -33.333333 9.817477 0.000000
vt -33.333333 11.453723 0.000000
vt -33.333333 13.089969 0.000000
vt -33.333333 14.726216 0.000000
vt -33.333333 16.362462 0.000000
vt -33.333333 17.998708 0.000000
vt -33.333333 19.634954 0.000000
vt -22.222222 -19.634954 0.000000
vt -22.222222 -17.998708 0.000000
vt -22.222222 -16.362462 0.000000
vt -22.222222 -14.726216 0.000000
vt -22.222222 -13.089969 0.000000
vt -22.222222 -11.453723 0.000000
vt -22.222222 -9.817477 0.000000
vt -22.222222 -8.181231 0.000000
vt -22.222222 -6.544985 0.000000
vt -22.222222 -4.908739 0.000000
vt -22.222222 -3.272492 0.000000
vt -22.222222 -1.636246 0.000000
vt -22.222222 0.000000 0.000000
vt -22.222222 1.636246 0.000000
vt -22.222222 3.272492 0.000000
vt -22.222222 4.908739 0.000000
vt -22.222222 6.544985 0.000000
vt -22.222222 8.181231 0.000000
vt -22.222222 9.817477 0.000000
vt -22.222222 11.453723 0.000000
vt -22.222222 13.089969 0.000000
vt -22.222222 14.726216 0.000000
vt -22.222222 16.362462 0.000000
vt -22.222222 17.998708 0.000000
vt -22.222222 19.634954 0.000000
vt -5.988740 -1.604678 0.000000
vt -6.200000 -0.000000 0.000000
vt -6.250000 -0.000000 0.000000
vt -5.988740 1.604678 0.000000
vt -6.037036 1.617619 0.000000
vt -5.369358 3.100000 0.000000
vt -5.412659 3.125000 0.000000
vt -4.384062 4.384062 0.000000
vt -4.419417 4.419417 0.000000
vt -3.100000 5.369358 0.000000
vt -3.125000 5.412659 0.000000
vt -1.604678 5.988740 0.000000
vt -1.617619 6.037036 0.000000
vt 0.000000 6.200000 0.000000
vt 0.000000 6.250000 0.000000
vt 1.617619 6.037036 0.000000
vt 1.604678 5.988740 0.000000
vt 3.125000 5.412659 0.000000
vt 3.100000 5.369358 0.000000
vt 4.419417 4.419417 0.000000
vt 4.384062 4.384062 0.000000
vt 5.412659 3.125000 0.000000
vt 5.369358 3.100000 0.000000
vt 6.037036 1.617619 0.000000
vt 5.988740 1.604678 0.000000
vt 6.250000 0.000000 0.000000
vt 6.200000 0.000000 0.000000
vt 6.037036 -1.617619 0.000000
vt 5.988740 -1.604678 0.000000
vt 5.369358 -3.100000 0.000000
vt 5.412659 -3.125000 0.000000
vt 4.384062 -4.384062 0.000000
vt 4.419417 -4.419417 0.000000
vt 3.100000 -5.369358 0.000000
vt 3.125000 -5.412659 0.000000
vt 1.604678 -5.988740 0.000000
vt 1.617619 -6.037036 0.000000
vt 0.000000 -6.200000 0.000000
vt 0.000000 -6.250000 0.000000
vt -1.617619 -6.037036 0.000000
vt -1.604678 -5.988740 0.000000
vt -3.125000 -5.412659 0.000000
vt -3.100000 -5.369358 0.000000
vt -4.419417 -4.419417 0.000000
vt -4.384062 -4.384062 0.000000
vt -5.412659 -3.125000 0.000000
vt -5.369358 -3.100000 0.000000
vt -6.037036 -1.617619 0.000000
vt 5.988740 -1.604678 0.000000
vt 6.037036 -1.617619 0.000000
vt 6.200000 -0.000000 0.000000
vt 6.250000 -0.000000 0.000000
vt 5.988740 1.604678 0.000000
vt 6.037036 1.617619 0.000000
vt 5.369358 3.100000 0.000000
vt 5.412659 3.125000 0.000000
vt 4.384062 4.384062 0.000000
vt 4.419417 4.419417 0.000000
vt 3.100000 5.369358 0.000000
vt 3.125000 5.412659 0.000000
vt 1.604678 5.988740 0.000000
vt 1.617619 6.037036 0.000000
vt -0.000000 6.200000 0.000000
vt -0.000000 6.250000 0.000000
vt -1.617619 6.037036 0.000000
vt 5.369358 -3.100000 0.000000
vt 5.412659 -3.125000 0.000000
vt 4.384062 -4.384062 0.000000
vt 4.419417 -4.419417 0.000000
vt 3.100000 -5.369358 0.000000
vt 3.125000 -5.412659 0.000000
vt 1.604678 -5.988740 0.000000
vt 1.617619 -6.037036 0.000000
vt -0.000000 -6.200000 0.000000
vt -0.000000 -6.250000 0.000000
vt -1.617619 -6.037036 0.000000
vt -1.604678 -5.988740 0.000000
vt -3.125000 -5.412659 0.000000
vt -3.100000 -5.369358 0.000000
vt -4.419417 -4.419417 0.000000
vt -4.384062 -4.384062 0.000000
vt -5.412659 -3.125000 0.000000
vt -5.369358 -3.100000 0.000000
vt -6.037036 -1.617619 0.000000
vt -5.988740 -1.604678 0.000000
vt -6.250000 0.000000 0.000000
vt -6.200000 0.000000 0.000000
vt -5.988740 1.604678 0.000000
vt -6.037036 1.617619 0.000000
vt -5.369358 3.100000 0.000000
vt -5.412659 3.125000 0.000000
vt -4.384062 4.384062 0.000000
vt -4.419417 4.419417 0.000000
vt -3.100000 5.369358 0.000000
vt -3.125000 5.412659 0.000000
vt -1.604678 5.988740 0.000000
vn 0.965926 0.258819 -0.000000
vn 0.965926 0.258819 -0.000000
vn 1.000000 0.000000 -0.000000
vn 1.000000 0.000000 -0.000000
vn 0.965926 -0.258819 0.000000
vn 0.965926 -0.258819 0.000000
vn 0.866025 -0.500000 0.000000
vn 0.866025 -0.500000 0.000000
vn 0.707107 -0.707107 0.000000
vn 0.707107 -0.707107 0.000000
vn 0.500000 -0.866025 0.000000
vn 0.500000 -0.866025 0.000000
vn 0.258819 -0.965926 0.000000
vn 0.258819 -0.965926 0.000000
vn -0.000000 -1.000000 0.000000
vn -0.000000 -1.000000 0.000000
vn -0.258819 -0.965926 0.000000
vn -0.258819 -0.965926 0.000000
vn -0.500000 -0.866025 0.000000
vn -0.500000 -0.866025 0.000000
vn -0.707107 -0.707107 0.000000
vn -0.707107 -0.707107 0.000000
vn -0.866025 -0.500000 0.000000
vn -0.866025 -0.500000 0.000000
vn -0.965926 -0.258819 0.000000
vn -0.965926 -0.258819 0.000000
vn -1.000000 0.000000 0.000000
vn -1.000000 0.000000 0.000000
vn -0.965926 0.258819 0.000000
vn -0.965926 0.258819 0.000000
vn -0.866025 0.500000 0.000000
vn -0.866025 0.500000 0.000000
vn -0.707107 0.707107 0.000000
vn -0.707107 0.707107 0.000000
vn -0.500000 0.866025 0.000000
vn -0.500000 0.866025 0.000000
vn -0.258819 0.965926 0.000000
vn -0.258819 0.965926 0.000000
vn -0.000000 1.000000 0.000000
vn -0.000000 1.000000 0.000000
vn 0.258819 0.965926 -0.000000
vn 0.258819 0.965926 -0.000000
vn 0.500000 0.866025 -0.000000
vn 0.500000 0.866025 -0.000000
vn 0.707107 0.707107 -0.000000
vn 0.707107 0.707107 -0.000000
vn 0.866025 0.500000 -0.000000
vn 0.866025 0.500000 -0.000000
vn 0.965926 -0.258819 0.000000
vn 0.965926 -0.258819 0.000000
vn 1.000000 -0.000000 0.000000
vn 1.000000 -0.000000 0.000000
vn 0.965926 0.258819 -0.000000
vn 0.965926 0.258819 -0.000000
vn 0.866025 0.500000 -0.000000
vn 0.866025 0.500000 -0.000000
vn 0.707107 0.707107 -0.000000
vn 0.707107 0.707107 -0.000000
vn 0.500000 0.866025 -0.000000
vn 0.500000 0.866025 -0.000000
vn 0.258819 0.965926 -0.000000
vn 0.258819 0.965926 -0.000000
vn -0.000000 1.000000 0.000000
vn -0.000000 1.000000 0.000000
vn -0.258819 0.965926 0.000000
vn -0.258819 0.965926 0.000000
vn -0.500000 0.866025 0.000000
vn -0.500000 0.866025 0.000000
vn -0.707107 0.707107 0.000000
vn -0.707107 0.707107 0.000000
vn -0.866025 0.500000 0.000000
vn -0.866025 0.500000 0.000000
vn -0.965926 0.258819 0.000000
vn -0.965926 0.258819 0.000000
vn -1.000000 0.000000 0.000000
vn -1.000000 0.000000 0.000000
vn -0.965926 -0.258819 0.000000
vn -0.965926 -0.258819 0.000000
vn -0.866025 -0.500000 0.000000
vn -0.866025 -0.500000 0.000000
vn -0.707107 -0.707107 0.000000
vn -0.707107 -0.707107 0.000000
vn -0.500000 -0.866025 0.000000
vn -0.500000 -0.866025 0.000000
vn -0.258819 -0.965926 0.000000
vn -0.258819 -0.965926 0.000000
vn -0.000000 -1.000000 0.000000
vn -0.000000 -1.000000 0.000000
vn 0.258819 -0.965926 0.000000
vn 0.258819 -0.965926 0.000000
vn 0.500000 -0.866025 0.000000
vn 0.500000 -0.866025 0.000000
vn 0.707107 -0.707107 0.000000
vn 0.707107 -0.707107 0.000000
vn 0.866025 -0.500000 0.000000
vn 0.866025 -0.500000 0.000000
vn 1.000000 -0.000000 0.000000
vn 0.965926 -0.258819 0.000000
vn 0.866025 -0.500000 0.000000
vn 0.707107 -0.707107 0.000000
vn 0.500000 -0.866025 0.000000
vn 0.258819 -0.965926 0.000000
vn -0.000000 -1.000000 0.000000
vn -0.258819 -0.965926 0.000000
vn -0.500000 -0.866025 0.000000
vn -0.707107 -0.707107 0.000000
vn -0.866025 -0.500000 0.000000
vn -0.965926 -0.258819 0.000000
vn -1.000000 0.000000 0.000000
vn -0.965926 0.258819 0.000000
vn -0.866025 0.500000 0.000000
vn -0.707107 0.707107 0.000000
vn -0.500000 0.866025 0.000000
vn -0.258819 0.965926 0.000000
vn -0.000000 1.000000 0.000000
vn 0.258819 0.965926 -0.000000
vn 0.500000 0.866025 -0.000000
vn 0.707107 0.707107 -0.000000
vn 0.866025 0.500000 -0.000000
vn 0.965926 0.258819 -0.000000
vn 1.000000 -0.000000 0.000000
vn 0.965926 -0.258819 0.000000
vn 0.866025 -0.500000 0.000000
vn 0.707107 -0.707107 0.000000
vn 0.500000 -0.866025 0.000000
vn 0.258819 -0.965926 0.000000
vn -0.000000 -1.000000 0.000000
vn -0.258819 -0.965926 0.000000
vn -0.500000 -0.866025 0.000000
vn -0.707107 -0.707107 0.000000
vn -0.866025 -0.500000 0.000000
vn -0.965926 -0.258819 0.000000
vn -1.000000 0.000000 0.000000
vn -0.965926 0.258819 0.000000
vn -0.866025 0.500000 0.000000
vn -0.707107 0.707107 0.000000
vn -0.500000 0.866025 0.000000
vn -0.258819 0.965926 0.000000
vn -0.000000 1.000000 0.000000
vn 0.258819 0.965926 -0.000000
vn 0.500000 0.866025 -0.000000
vn 0.707107 0.707107 -0.000000
vn 0.866025 0.500000 -0.000000
vn 0.965926 0.258819 -0.000000
vn 1.000000 -0.000000 0.000000
vn 0.965926 -0.258819 0.000000
vn 0.866025 -0.500000 0.000000
vn 0.707107 -0.707107 0.000000
vn 0.500000 -0.866025 0.000000
vn 0.258819 -0.965926 0.000000
vn -0.000000 -1.000000 0.000000
vn -0.258819 -0.965926 0.000000
vn -0.500000 -0.866025 0.000000
vn -0.707107 -0.707107 0.000000
vn -0.866025 -0.500000 0.000000
vn -0.965926 -0.258819 0.000000
vn -1.000000 0.000000 0.000000
vn -0.965926 0.258819 0.000000
vn -0.866025 0.500000 0.000000
vn -0.707107 0.707107 0.000000
vn -0.500000 0.866025 0.000000
vn -0.258819 0.965926 0.000000
vn -0.000000 1.000000 0.000000
vn 0.258819 0.965926 -0.000000
vn 0.500000 0.866025 -0.000000
vn 0.707107 0.707107 -0.000000
vn 0.866025 0.500000 -0.000000
vn 0.965926 0.258819 -0.000000
vn 1.000000 -0.000000 0.000000
vn 0.965926 -0.258819 0.000000
vn 0.866025 -0.500000 0.000000
vn 0.707107 -0.707107 0.000000
vn 0.500000 -0.866025 0.000000
vn 0.258819 -0.965926 0.000000
vn -0.000000 -1.000000 0.000000
vn -0.258819 -0.965926 0.000000
vn -0.500000 -0.866025 0.000000
vn -0.707107 -0.707107 0.000000
vn -0.866025 -0.500000 0.000000
vn -0.965926 -0.258819 0.000000
vn -1.000000 0.000000 0.000000
vn -0.965926 0.258819 0.000000
vn -0.866025 0.500000 0.000000
vn -0.707107 0.707107 0.000000
vn -0.500000 0.866025 0.000000
vn -0.258819 0.965926 0.000000
vn -0.000000 1.000000 0.000000
vn 0.258819 0.965926 -0.000000
vn 0.500000 0.866025 -0.000000
vn 0.707107 0.707107 -0.000000
vn 0.866025 0.500000 -0.000000
vn 0.965926 0.258819 -0.000000
vn 1.000000 -0.000000 0.000000
vn 0.965926 -0.258819 0.000000
vn 0.866025 -0.500000 0.000000
vn 0.707107 -0.707107 0.000000
vn 0.500000 -0.866025 0.000000
vn 0.258819 -0.965926 0.000000
vn -0.000000 -1.000000 0.000000
vn -0.258819 -0.965926 0.000000
vn -0.500000 -0.866025 0.000000
vn -0.707107 -0.707107 0.000000
vn -0.866025 -0.500000 0.000000
vn -0.965926 -0.258819 0.000000
vn -1.000000 0.000000 0.000000
vn -0.965926 0.258819 0.000000
vn -0.866025 0.500000 0.000000
vn -0.707107 0.707107 0.000000
vn -0.500000 0.866025 0.000000
vn -0.258819 0.965926 0.000000
vn -0.000000 1.000000 0.000000
vn 0.258819 0.965926 -0.000000
vn 0.500000 0.866025 -0.000000
vn 0.707107 0.707107 -0.000000
vn 0.866025 0.500000 -0.000000
vn 0.965926 0.258819 -0.000000
vn 1.000000 -0.000000 0.000000
vn 0.965926 -0.258819 0.000000
vn 0.866025 -0.500000 0.000000
vn 0.707107 -0.707107 0.000000
vn 0.500000 -0.866025 0.000000
vn 0.258819 -0.965926 0.000000
vn -0.000000 -1.000000 0.000000
vn -0.258819 -0.965926 0.000000
vn -0.500000 -0.866025 0.000000
vn -0.707107 -0.707107 0.000000
vn -0.866025 -0.500000 0.000000
vn -0.965926 -0.258819 0.000000
vn -1.000000 0.000000 0.000000
vn -0.965926 0.258819 0.000000
vn -0.866025 0.500000 0.000000
vn -0.707107 0.707107 0.000000
vn -0.500000 0.866025 0.000000
vn -0.258819 0.965926 0.000000
vn -0.000000 1.000000 0.000000
vn 0.258819 0.965926 -0.000000
vn 0.500000 0.866025 -0.000000
vn 0.707107 0.707107 -0.000000
vn 0.866025 0.500000 -0.000000
vn 0.965926 0.258819 -0.000000
vn -0.965926 0.258819 -0.000000
vn -0.965926 0.258819 -0.000000
vn -1.000000 0.000000 -0.000000
vn -1.000000 0.000000 -0.000000
vn -0.965926 -0.258819 0.000000
vn -0.965926 -0.258819 0.000000
vn -0.866025 -0.500000 0.000000
vn -0.866025 -0.500000 0.000000
vn -0.707107 -0.707107 0.000000
vn -0.707107 -0.707107 0.000000
vn -0.500000 -0.866025 0.000000
vn -0.500000 -0.866025 0.000000
vn -0.258819 -0.965926 0.000000
vn -0.258819 -0.965926 0.000000
vn 0.000000 -1.000000 -0.000000
vn 0.000000 -1.000000 -0.000000
vn 0.258819 -0.965926 -0.000000
vn 0.258819 -0.965926 -0.000000
vn 0.500000 -0.866025 -0.000000
vn 0.500000 -0.866025 -0.000000
vn 0.707107 -0.707107 -0.000000
vn 0.707107 -0.707107 -0.000000
vn 0.866025 -0.500000 -0.000000
vn 0.866025 -0.500000 -0.000000
vn 0.965926 -0.258819 -0.000000
vn 0.965926 -0.258819 -0.000000
vn 1.000000 -0.000000 -0.000000
vn 1.000000 -0.000000 -0.000000
vn 0.965926 0.258819 -0.000000
vn 0.965926 0.258819 -0.000000
vn 0.866025 0.500000 -0.000000
vn 0.866025 0.500000 -0.000000
vn 0.707107 0.707107 -0.000000
vn 0.707107 0.707107 -0.000000
vn 0.500000 0.866025 -0.000000
vn 0.500000 0.866025 -0.000000
vn 0.258819 0.965926 -0.000000
vn 0.258819 0.965926 -0.000000
vn 0.000000 1.000000 -0.000000
vn 0.000000 1.000000 -0.000000
vn -0.258819 0.965926 -0.000000
vn -0.258819 0.965926 -0.000000
vn -0.500000 0.866025 -0.000000
vn -0.500000 0.866025 -0.000000
vn -0.707107 0.707107 -0.000000
vn -0.707107 0.707107 -0.000000
vn -0.866025 0.500000 -0.000000
vn -0.866025 0.500000 -0.000000
vn -0.965926 -0.258819 0.000000
vn -0.965926 -0.258819 0.000000
vn -1.000000 -0.000000 0.000000
vn -1.000000 -0.000000 0.000000
vn -0.965926 0.258819 -0.000000
vn -0.965926 0.258819 -0.000000
vn -0.866025 0.500000 -0.000000
vn -0.866025 0.500000 -0.000000
vn -0.707107 0.707107 -0.000000
vn -0.707107 0.707107 -0.000000
vn -0.500000 0.866025 -0.000000
vn -0.500000 0.866025 -0.000000
vn -0.258819 0.965926 -0.000000
vn -0.258819 0.965926 -0.000000
vn 0.000000 1.000000 -0.000000
vn 0.000000 1.000000 -0.000000
vn 0.258819 0.965926 -0.000000
vn 0.258819 0.965926 -0.000000
vn 0.500000 0.866025 -0.000000
vn 0.500000 0.866025 -0.000000
vn 0.707107 0.707107 -0.000000
vn 0.707107 0.707107 -0.000000
vn 0.866025 0.500000 -0.000000
vn 0.866025 0.500000 -0.000000
vn 0.965926 0.258819 -0.000000
vn 0.965926 0.258819 -0.000000
vn 1.000000 -0.000000 -0.000000
vn 1.000000 -0.000000 -0.000000
vn 0.965926 -0.258819 -0.000000
vn 0.965926 -0.258819 -0.000000
vn 0.866025 -0.500000 -0.000000
vn 0.866025 -0.500000 -0.000000
vn 0.707107 -0.707107 -0.000000
vn 0.707107 -0.707107 -0.000000
vn 0.500000 -0.866025 -0.000000
vn 0.500000 -0.866025 -0.000000
vn 0.258819 -0.965926 -0.000000
vn 0.258819 -0.965926 -0.000000
vn 0.000000 -1.000000 -0.000000
vn 0.000000 -1.000000 -0.000000
vn -0.258819 -0.965926 0.000000
vn -0.258819 -0.965926 0.000000
vn -0.500000 -0.866025 0.000000
vn -0.500000 -0.866025 0.000000
vn -0.707107 -0.707107 0.000000
vn -0.707107 -0.707107 0.000000
vn -0.866025 -0.500000 0.000000
vn -0.866025 -0.500000 0.000000
vn -1.000000 -0.000000 0.000000
vn -0.965926 -0.258819 0.000000
vn -0.866025 -0.500000 0.000000
vn -0.707107 -0.707107 0.000000
vn -0.500000 -0.866025 0.000000
vn -0.258819 -0.965926 0.000000
vn 0.000000 -1.000000 -0.000000
vn 0.258819 -0.965926 -0.000000
vn 0.500000 -0.866025 -0.000000
vn 0.707107 -0.707107 -0.000000
vn 0.866025 -0.500000 -0.000000
vn 0.965926 -0.258819 -0.000000
vn 1.000000 -0.000000 -0.000000
vn 0.965926 0.258819 -0.000000
vn 0.866025 0.500000 -0.000000
vn 0.707107 0.707107 -0.000000
vn 0.500000 0.866025 -0.000000
vn 0.258819 0.965926 -0.000000
vn 0.000000 1.000000 -0.000000
vn -0.258819 0.965926 -0.000000
vn -0.500000 0.866025 -0.000000
vn -0.707107 0.707107 -0.000000
vn -0.866025 0.500000 -0.000000
vn -0.965926 0.258819 -0.000000
vn -1.000000 -0.000000 0.000000
vn -0.965926 -0.258819 0.000000
vn -0.866025 -0.500000 0.000000
vn -0.707107 -0.707107 0.000000
vn -0.500000 -0.866025 0.000000
vn -0.258819 -0.965926 0.000000
vn 0.000000 -1.000000 -0.000000
vn 0.258819 -0.965926 -0.000000
vn 0.500000 -0.866025 -0.000000
vn 0.707107 -0.707107 -0.000000
vn 0.866025 -0.500000 -0.000000
vn 0.965926 -0.258819 -0.000000
vn 1.000000 -0.000000 -0.000000
vn 0.965926 0.258819 -0.000000
vn 0.866025 0.500000 -0.000000
vn 0.707107 0.707107 -0.000000
vn 0.500000 0.866025 -0.000000
vn 0.258819 0.965926 -0.000000
vn 0.000000 1.000000 -0.000000
vn -0.258819 0.965926 -0.000000
vn -0.500000 0.866025 -0.000000
vn -0.707107 0.707107 -0.000000
vn -0.866025 0.500000 -0.000000
vn -0.965926 0.258819 -0.000000
vn -1.000000 -0.000000 0.000000
vn -0.965926 -0.258819 0.000000
vn -0.866025 -0.500000 0.000000
vn -0.707107 -0.707107 0.000000
vn -0.500000 -0.866025 0.000000
vn -0.258819 -0.965926 0.000000
vn 0.000000 -1.000000 -0.000000
vn 0.258819 -0.965926 -0.000000
vn 0.500000 -0.866025 -0.000000
vn 0.707107 -0.707107 -0.000000
vn 0.866025 -0.500000 -0.000000
vn 0.965926 -0.258819 -0.000000
vn 1.000000 -0.000000 -0.000000
vn 0.965926 0.258819 -0.000000
vn 0.866025 0.500000 -0.000000
vn 0.707107 0.707107 -0.000000
vn 0.500000 0.866025 -0.000000
vn 0.258819 0.965926 -0.000000
vn 0.000000 1.000000 -0.000000
vn -0.258819 0.965926 -0.000000
vn -0.500000 0.866025 -0.000000
vn -0.707107 0.707107 -0.000000
vn -0.866025 0.500000 -0.000000
vn -0.965926 0.258819 -0.000000
vn -1.000000 -0.000000 0.000000
vn -0.965926 -0.258819 0.000000
vn -0.866025 -0.500000 0.000000
vn -0.707107 -0.707107 0.000000
vn -0.500000 -0.866025 0.000000
vn -0.258819 -0.965926 0.000000
vn 0.000000 -1.000000 -0.000000
vn 0.258819 -0.965926 -0.000000
vn 0.500000 -0.866025 -0.000000
vn 0.707107 -0.707107 -0.000000
vn 0.866025 -0.500000 -0.000000
vn 0.965926 -0.258819 -0.000000
vn 1.000000 -0.000000 -0.000000
vn 0.965926 0.258819 -0.000000
vn 0.866025 0.500000 -0.000000
vn 0.707107 0.707107 -0.000000
vn 0.500000 0.866025 -0.000000
vn 0.258819 0.965926 -0.000000
vn 0.000000 1.000000 -0.000000
vn -0.258819 0.965926 -0.000000
vn -0.500000 0.866025 -0.000000
vn -0.707107 0.707107 -0.000000
vn -0.866025 0.500000 -0.000000
vn -0.965926 0.258819 -0.000000
vn -1.000000 -0.000000 0.000000
vn -0.965926 -0.258819 0.000000
vn -0.866025 -0.500000 0.000000
vn -0.707107 -0.707107 0.000000
vn -0.500000 -0.866025 0.000000
vn -0.258819 -0.965926 0.000000
vn 0.000000 -1.000000 -0.000000
vn 0.258819 -0.965926 -0.000000
vn 0.500000 -0.866025 -0.000000
vn 0.707107 -0.707107 -0.000000
vn 0.866025 -0.500000 -0.000000
vn 0.965926 -0.258819 -0.000000
vn 1.000000 -0.000000 -0.000000
vn 0.965926 0.258819 -0.000000
vn 0.866025 0.500000 -0.000000
vn 0.707107 0.707107 -0.000000
vn 0.500000 0.866025 -0.000000
vn 0.258819 0.965926 -0.000000
vn 0.000000 1.000000 -0.000000
vn -0.258819 0.965926 -0.000000
vn -0.500000 0.866025 -0.000000
vn -0.707107 0.707107 -0.000000
vn -0.866025 0.500000 -0.000000
vn -0.965926 0.258819 -0.000000
vn -1.000000 -0.000000 0.000000
vn -0.965926 -0.258819 0.000000
vn -0.866025 -0.500000 0.000000
vn -0.707107 -0.707107 0.000000
vn -0.500000 -0.866025 0.000000
vn -0.258819 -0.965926 0.000000
vn 0.000000 -1.000000 -0.000000
vn 0.258819 -0.965926 -0.000000
vn 0.500000 -0.866025 -0.000000
vn 0.707107 -0.707107 -0.000000
vn 0.866025 -0.500000 -0.000000
vn 0.965926 -0.258819 -0.000000
vn 1.000000 -0.000000 -0.000000
vn 0.965926 0.258819 -0.000000
vn 0.866025 0.500000 -0.000000
vn 0.707107 0.707107 -0.000000
vn 0.500000 0.866025 -0.000000
vn 0.258819 0.965926 -0.000000
vn 0.000000 1.000000 -0.000000
vn -0.258819 0.965926 -0.000000
vn -0.500000 0.866025 -0.000000
vn -0.707107 0.707107 -0.000000
vn -0.866025 0.500000 -0.000000
vn -0.965926 0.258819 -0.000000
vn 0.000000 0.000000 1.000000
vn 0.000000 0.000000 1.000000
vn 0.000000 0.000000 1.000000
vn 0.000000 0.000000 1.000000
vn 0.000000 0.000000 1.000000
vn 0.000000 0.000000 1.000000
vn 0.000000 0.000000 1.000000
vn 0.000000 0.000000 1.000000
vn 0.000000 0.000000 1.000000
vn 0.000000 0.000000 1.000000
vn 0.000000 0.000000 1.000000
vn 0.000000 0.000000 1.000000
vn 0.000000 0.000000 1.000000
vn 0.000000 0.000000 1.000000
vn 0.000000 0.000000 1.000000
vn 0.000000 0.000000 1.000000
vn 0.000000 0.000000 1.000000
vn 0.000000 0.000000 1.000000
vn 0.000000 0.000000 1.000000
vn 0.000000 0.000000 1.000000
vn 0.000000 0.000000 1.000000
vn 0.000000 0.000000 1.000000
vn 0.000000 0.000000 1.000000
vn 0.000000 0.000000 1.000000
vn 0.000000 0.000000 1.000000
vn 0.000000 0.000000 1.000000
vn 0.000000 0.000000 1.000000
vn 0.000000 0.000000 1.000000
vn 0.000000 0.000000 1.000000
vn 0.000000 0.000000 1.000000
vn 0.000000 0.000000 1.000000
vn 0.000000 0.000000 1.000000
vn 0.000000 0.000000 1.000000
vn 0.000000 0.000000 1.000000
vn 0.000000 0.000000 1.000000
vn 0.000000 0.000000 1.000000
vn 0.000000 0.000000 1.000000
vn 0.000000 0.000000 1.000000
vn 0.000000 0.000000 1.000000
vn 0.000000 0.000000 1.000000
vn 0.000000 0.000000 1.000000
vn 0.000000 0.000000 1.000000
vn 0.000000 0.000000 1.000000
vn 0.000000 0.000000 1.000000
vn 0.000000 0.000000 1.000000
vn 0.000000 0.000000 1.000000
vn 0.000000 0.000000 1.000000
vn 0.000000 0.000000 1.000000
vn -0.000000 -0.000000 -1.000000
vn -0.000000 -0.000000 -1.000000
vn -0.000000 -0.000000 -1.000000
vn -0.000000 -0.000000 -1.000000
vn -0.000000 -0.000000 -1.000000
vn -0.000000 -0.000000 -1.000000
vn -0.000000 -0.000000 -1.000000
vn -0.000000 -0.000000 -1.000000
vn -0.000000 -0.000000 -1.000000
vn -0.000000 -0.000000 -1.000000
vn -0.000000 -0.000000 -1.000000
vn -0.000000 -0.000000 -1.000000
vn -0.000000 -0.000000 -1.000000
vn -0.000000 -0.000000 -1.000000
vn -0.000000 -0.000000 -1.000000
vn -0.000000 -0.000000 -1.000000
vn -0.000000 -0.000000 -1.000000
vn -0.000000 -0.000000 -1.000000
vn -0.000000 -0.000000 -1.000000
vn -0.000000 -0.000000 -1.000000
vn -0.000000 -0.000000 -1.000000
vn -0.000000 -0.000000 -1.000000
vn -0.000000 -0.000000 -1.000000
vn -0.000000 -0.000000 -1.000000
vn -0.000000 -0.000000 -1.000000
vn -0.000000 -0.000000 -1.000000
vn -0.000000 -0.000000 -1.000000
vn -0.000000 -0.000000 -1.000000
vn -0.000000 -0.000000 -1.000000
vn -0.000000 -0.000000 -1.000000
vn -0.000000 -0.000000 -1.000000
vn -0.000000 -0.000000 -1.000000
vn -0.000000 -0.000000 -1.000000
vn -0.000000 -0.000000 -1.000000
vn -0.000000 -0.000000 -1.000000
vn -0.000000 -0.000000 -1.000000
vn -0.000000 -0.000000 -1.000000
vn -0.000000 -0.000000 -1.000000
vn -0.000000 -0.000000 -1.000000
vn -0.000000 -0.000000 -1.000000
vn -0.000000 -0.000000 -1.000000
vn -0.000000 -0.000000 -1.000000
vn -0.000000 -0.000000 -1.000000
vn -0.000000 -0.000000 -1.000000
vn -0.000000 -0.000000 -1.000000
vn -0.000000 -0.000000 -1.000000
vn -0.000000 -0.000000 -1.000000
vn -0.000000 -0.000000 -1.000000
usemtl Boya_-_Parlak_Emaye_(Yeşil)
f 1255/1943/1899 1310/1944/1900 1254/1945/1901
f 1254/1945/1901 1310/1944/1900 1302/1946/1902
f 1254/1947/1901 1302/1948/1902 1277/1949/1903
f 1277/1949/1903 1302/1948/1902 1486/1950/1904
f 1277/1949/1903 1486/1950/1904 1276/1951/1905
f 1276/1951/1905 1486/1950/1904 1478/1952/1906
f 1276/1951/1905 1478/1952/1906 1275/1953/1907
f 1275/1953/1907 1478/1952/1906 1470/1954/1908
f 1275/1953/1907 1470/1954/1908 1274/1955/1909
f 1274/1955/1909 1470/1954/1908 1462/1956/1910
f 1274/1955/1909 1462/1956/1910 1273/1957/1911
f 1273/1957/1911 1462/1956/1910 1454/1958/1912
f 1273/1957/1911 1454/1958/1912 1272/1959/1913
f 1272/1959/1913 1454/1958/1912 1446/1960/1914
f 1272/1959/1913 1446/1960/1914 1271/1961/1915
f 1271/1961/1915 1446/1960/1914 1438/1962/1916
f 1271/1961/1915 1438/1962/1916 1270/1963/1917
f 1270/1963/1917 1438/1962/1916 1430/1964/1918
f 1270/1963/1917 1430/1964/1918 1269/1965/1919
f 1269/1965/1919 1430/1964/1918 1422/1966/1920
f 1269/1965/1919 1422/1966/1920 1268/1967/1921
f 1268/1967/1921 1422/1966/1920 1414/1968/1922
f 1268/1967/1921 1414/1968/1922 1267/1969/1923
f 1267/1969/1923 1414/1968/1922 1406/1970/1924
f 1267/1969/1923 1406/1970/1924 1266/1971/1925
f 1266/1971/1925 1406/1970/1924 1398/1972/1926
f 1266/1971/1925 1398/1972/1926 1265/1973/1927
f 1265/1973/1927 1398/1972/1926 1390/1974/1928
f 1265/1973/1927 1390/1974/1928 1264/1975/1929
f 1264/1975/1929 1390/1974/1928 1382/1976/1930
f 1264/1975/1929 1382/1976/1930 1263/1977/1931
f 1263/1977/1931 1382/1976/1930 1374/1978/1932
f 1263/1977/1931 1374/1978/1932 1262/1979/1933
f 1262/1979/1933 1374/1978/1932 1366/1980/1934
f 1262/1979/1933 1366/1980/1934 1261/1981/1935
f 1261/1981/1935 1366/1980/1934 1358/1982/1936
f 1261/1981/1935 1358/1982/1936 1260/1983/1937
f 1260/1983/1937 1358/1982/1936 1350/1984/1938
f 1260/1983/1937 1350/1984/1938 1259/1985/1939
f 1259/1985/1939 1350/1984/1938 1342/1986/1940
f 1259/1985/1939 1342/1986/1940 1258/1987/1941
f 1258/1987/1941 1342/1986/1940 1334/1988/1942
f 1258/1987/1941 1334/1988/1942 1257/1989/1943
f 1257/1989/1943 1334/1988/1942 1326/1990/1944
f 1257/1989/1943 1326/1990/1944 1256/1991/1945
f 1256/1991/1945 1326/1990/1944 1318/1992/1946
f 1256/1991/1945 1318/1992/1946 1255/1943/1899
f 1255/1943/1899 1318/1992/1946 1310/1944/1900
f 1279/1993/1947 1493/1994/1948 1278/1995/1949
f 1278/1995/1949 1493/1994/1948 1309/1996/1950
f 1278/1997/1949 1309/1998/1950 1301/1999/1951
f 1301/1999/1951 1309/1998/1950 1317/2000/1952
f 1301/1999/1951 1317/2000/1952 1300/2001/1953
f 1300/2001/1953 1317/2000/1952 1325/2002/1954
f 1300/2001/1953 1325/2002/1954 1299/2003/1955
f 1299/2003/1955 1325/2002/1954 1333/2004/1956
f 1299/2003/1955 1333/2004/1956 1298/2005/1957
f 1298/2005/1957 1333/2004/1956 1341/2006/1958
f 1298/2005/1957 1341/2006/1958 1297/2007/1959
f 1297/2007/1959 1341/2006/1958 1349/2008/1960
f 1297/2007/1959 1349/2008/1960 1296/2009/1961
f 1296/2009/1961 1349/2008/1960 1357/2010/1962
f 1296/2009/1961 1357/2010/1962 1295/2011/1963
f 1295/2011/1963 1357/2010/1962 1365/2012/1964
f 1295/2011/1963 1365/2012/1964 1294/2013/1965
f 1294/2013/1965 1365/2012/1964 1373/2014/1966
f 1294/2013/1965 1373/2014/1966 1293/2015/1967
f 1293/2015/1967 1373/2014/1966 1381/2016/1968
f 1293/2015/1967 1381/2016/1968 1292/2017/1969
f 1292/2017/1969 1381/2016/1968 1389/2018/1970
f 1292/2017/1969 1389/2018/1970 1291/2019/1971
f 1291/2019/1971 1389/2018/1970 1397/2020/1972
f 1291/2019/1971 1397/2020/1972 1290/2021/1973
f 1290/2021/1973 1397/2020/1972 1405/2022/1974
f 1290/2021/1973 1405/2022/1974 1289/2023/1975
f 1289/2023/1975 1405/2022/1974 1413/2024/1976
f 1289/2023/1975 1413/2024/1976 1288/2025/1977
f 1288/2025/1977 1413/2024/1976 1421/2026/1978
f 1288/2025/1977 1421/2026/1978 1287/2027/1979
f 1287/2027/1979 1421/2026/1978 1429/2028/1980
f 1287/2027/1979 1429/2028/1980 1286/2029/1981
f 1286/2029/1981 1429/2028/1980 1437/2030/1982
f 1286/2029/1981 1437/2030/1982 1285/2031/1983
f 1285/2031/1983 1437/2030/1982 1445/2032/1984
f 1285/2031/1983 1445/2032/1984 1284/2033/1985
f 1284/2033/1985 1445/2032/1984 1453/2034/1986
f 1284/2033/1985 1453/2034/1986 1283/2035/1987
f 1283/2035/1987 1453/2034/1986 1461/2036/1988
f 1283/2035/1987 1461/2036/1988 1282/2037/1989
f 1282/2037/1989 1461/2036/1988 1469/2038/1990
f 1282/2037/1989 1469/2038/1990 1281/2039/1991
f 1281/2039/1991 1469/2038/1990 1477/2040/1992
f 1281/2039/1991 1477/2040/1992 1280/2041/1993
f 1280/2041/1993 1477/2040/1992 1485/2042/1994
f 1280/2041/1993 1485/2042/1994 1279/1993/1947
f 1279/1993/1947 1485/2042/1994 1493/1994/1948
f 1302/1948/1902 1303/2043/1995 1486/1950/1904
f 1486/1950/1904 1303/2043/1995 1487/2044/1996
f 1486/1950/1904 1487/2044/1996 1478/1952/1906
f 1478/1952/1906 1487/2044/1996 1479/2045/1997
f 1478/1952/1906 1479/2045/1997 1470/1954/1908
f 1470/1954/1908 1479/2045/1997 1471/2046/1998
f 1470/1954/1908 1471/2046/1998 1462/1956/1910
f 1462/1956/1910 1471/2046/1998 1463/2047/1999
f 1462/1956/1910 1463/2047/1999 1454/1958/1912
f 1454/1958/1912 1463/2047/1999 1455/2048/2000
f 1454/1958/1912 1455/2048/2000 1446/1960/1914
f 1446/1960/1914 1455/2048/2000 1447/2049/2001
f 1446/1960/1914 1447/2049/2001 1438/1962/1916
f 1438/1962/1916 1447/2049/2001 1439/2050/2002
f 1438/1962/1916 1439/2050/2002 1430/1964/1918
f 1430/1964/1918 1439/2050/2002 1431/2051/2003
f 1430/1964/1918 1431/2051/2003 1422/1966/1920
f 1422/1966/1920 1431/2051/2003 1423/2052/2004
f 1422/1966/1920 1423/2052/2004 1414/1968/1922
f 1414/1968/1922 1423/2052/2004 1415/2053/2005
f 1414/1968/1922 1415/2053/2005 1406/1970/1924
f 1406/1970/1924 1415/2053/2005 1407/2054/2006
f 1406/1970/1924 1407/2054/2006 1398/1972/1926
f 1398/1972/1926 1407/2054/2006 1399/2055/2007
f 1398/1972/1926 1399/2055/2007 1390/1974/1928
f 1390/1974/1928 1399/2055/2007 1391/2056/2008
f 1390/1974/1928 1391/2056/2008 1382/1976/1930
f 1382/1976/1930 1391/2056/2008 1383/2057/2009
f 1382/1976/1930 1383/2057/2009 1374/1978/1932
f 1374/1978/1932 1383/2057/2009 1375/2058/2010
f 1374/1978/1932 1375/2058/2010 1366/1980/1934
f 1366/1980/1934 1375/2058/2010 1367/2059/2011
f 1366/1980/1934 1367/2059/2011 1358/1982/1936
f 1358/1982/1936 1367/2059/2011 1359/2060/2012
f 1358/1982/1936 1359/2060/2012 1350/1984/1938
f 1350/1984/1938 1359/2060/2012 1351/2061/2013
f 1350/1984/1938 1351/2061/2013 1342/1986/1940
f 1342/1986/1940 1351/2061/2013 1343/2062/2014
f 1342/1986/1940 1343/2062/2014 1334/1988/1942
f 1334/1988/1942 1343/2062/2014 1335/2063/2015
f 1334/1988/1942 1335/2063/2015 1326/1990/1944
f 1326/1990/1944 1335/2063/2015 1327/2064/2016
f 1326/1990/1944 1327/2064/2016 1318/1992/1946
f 1318/1992/1946 1327/2064/2016 1319/2065/2017
f 1318/1992/1946 1319/2065/2017 1310/1944/1900
f 1310/1944/1900 1319/2065/2017 1311/2066/2018
f 1310/1944/1900 1311/2066/2018 1302/1946/1902
f 1302/1946/1902 1311/2066/2018 1303/2067/1995
f 1303/2043/1995 1304/2068/2019 1487/2044/1996
f 1487/2044/1996 1304/2068/2019 1488/2069/2020
f 1487/2044/1996 1488/2069/2020 1479/2045/1997
f 1479/2045/1997 1488/2069/2020 1480/2070/2021
f 1479/2045/1997 1480/2070/2021 1471/2046/1998
f 1471/2046/1998 1480/2070/2021 1472/2071/2022
f 1471/2046/1998 1472/2071/2022 1463/2047/1999
f 1463/2047/1999 1472/2071/2022 1464/2072/2023
f 1463/2047/1999 1464/2072/2023 1455/2048/2000
f 1455/2048/2000 1464/2072/2023 1456/2073/2024
f 1455/2048/2000 1456/2073/2024 1447/2049/2001
f 1447/2049/2001 1456/2073/2024 1448/2074/2025
f 1447/2049/2001 1448/2074/2025 1439/2050/2002
f 1439/2050/2002 1448/2074/2025 1440/2075/2026
f 1439/2050/2002 1440/2075/2026 1431/2051/2003
f 1431/2051/2003 1440/2075/2026 1432/2076/2027
f 1431/2051/2003 1432/2076/2027 1423/2052/2004
f 1423/2052/2004 1432/2076/2027 1424/2077/2028
f 1423/2052/2004 1424/2077/2028 1415/2053/2005
f 1415/2053/2005 1424/2077/2028 1416/2078/2029
f 1415/2053/2005 1416/2078/2029 1407/2054/2006
f 1407/2054/2006 1416/2078/2029 1408/2079/2030
f 1407/2054/2006 1408/2079/2030 1399/2055/2007
f 1399/2055/2007 1408/2079/2030 1400/2080/2031
f 1399/2055/2007 1400/2080/2031 1391/2056/2008
f 1391/2056/2008 1400/2080/2031 1392/2081/2032
f 1391/2056/2008 1392/2081/2032 1383/2057/2009
f 1383/2057/2009 1392/2081/2032 1384/2082/2033
f 1383/2057/2009 1384/2082/2033 1375/2058/2010
f 1375/2058/2010 1384/2082/2033 1376/2083/2034
f 1375/2058/2010 1376/2083/2034 1367/2059/2011
f 1367/2059/2011 1376/2083/2034 1368/2084/2035
f 1367/2059/2011 1368/2084/2035 1359/2060/2012
f 1359/2060/2012 1368/2084/2035 1360/2085/2036
f 1359/2060/2012 1360/2085/2036 1351/2061/2013
f 1351/2061/2013 1360/2085/2036 1352/2086/2037
f 1351/2061/2013 1352/2086/2037 1343/2062/2014
f 1343/2062/2014 1352/2086/2037 1344/2087/2038
f 1343/2062/2014 1344/2087/2038 1335/2063/2015
f 1335/2063/2015 1344/2087/2038 1336/2088/2039
f 1335/2063/2015 1336/2088/2039 1327/2064/2016
f 1327/2064/2016 1336/2088/2039 1328/2089/2040
f 1327/2064/2016 1328/2089/2040 1319/2065/2017
f 1319/2065/2017 1328/2089/2040 1320/2090/2041
f 1319/2065/2017 1320/2090/2041 1311/2066/2018
f 1311/2066/2018 1320/2090/2041 1312/2091/2042
f 1311/2066/2018 1312/2091/2042 1303/2067/1995
f 1303/2067/1995 1312/2091/2042 1304/2092/2019
f 1304/2068/2019 1305/2093/2043 1488/2069/2020
f 1488/2069/2020 1305/2093/2043 1489/2094/2044
f 1488/2069/2020 1489/2094/2044 1480/2070/2021
f 1480/2070/2021 1489/2094/2044 1481/2095/2045
f 1480/2070/2021 1481/2095/2045 1472/2071/2022
f 1472/2071/2022 1481/2095/2045 1473/2096/2046
f 1472/2071/2022 1473/2096/2046 1464/2072/2023
f 1464/2072/2023 1473/2096/2046 1465/2097/2047
f 1464/2072/2023 1465/2097/2047 1456/2073/2024
f 1456/2073/2024 1465/2097/2047 1457/2098/2048
f 1456/2073/2024 1457/2098/2048 1448/2074/2025
f 1448/2074/2025 1457/2098/2048 1449/2099/2049
f 1448/2074/2025 1449/2099/2049 1440/2075/2026
f 1440/2075/2026 1449/2099/2049 1441/2100/2050
f 1440/2075/2026 1441/2100/2050 1432/2076/2027
f 1432/2076/2027 1441/2100/2050 1433/2101/2051
f 1432/2076/2027 1433/2101/2051 1424/2077/2028
f 1424/2077/2028 1433/2101/2051 1425/2102/2052
f 1424/2077/2028 1425/2102/2052 1416/2078/2029
f 1416/2078/2029 1425/2102/2052 1417/2103/2053
f 1416/2078/2029 1417/2103/2053 1408/2079/2030
f 1408/2079/2030 1417/2103/2053 1409/2104/2054
f 1408/2079/2030 1409/2104/2054 1400/2080/2031
f 1400/2080/2031 1409/2104/2054 1401/2105/2055
f 1400/2080/2031 1401/2105/2055 1392/2081/2032
f 1392/2081/2032 1401/2105/2055 1393/2106/2056
f 1392/2081/2032 1393/2106/2056 1384/2082/2033
f 1384/2082/2033 1393/2106/2056 1385/2107/2057
f 1384/2082/2033 1385/2107/2057 1376/2083/2034
f 1376/2083/2034 1385/2107/2057 1377/2108/2058
f 1376/2083/2034 1377/2108/2058 1368/2084/2035
f 1368/2084/2035 1377/2108/2058 1369/2109/2059
f 1368/2084/2035 1369/2109/2059 1360/2085/2036
f 1360/2085/2036 1369/2109/2059 1361/2110/2060
f 1360/2085/2036 1361/2110/2060 1352/2086/2037
f 1352/2086/2037 1361/2110/2060 1353/2111/2061
f 1352/2086/2037 1353/2111/2061 1344/2087/2038
f 1344/2087/2038 1353/2111/2061 1345/2112/2062
f 1344/2087/2038 1345/2112/2062 1336/2088/2039
f 1336/2088/2039 1345/2112/2062 1337/2113/2063
f 1336/2088/2039 1337/2113/2063 1328/2089/2040
f 1328/2089/2040 1337/2113/2063 1329/2114/2064
f 1328/2089/2040 1329/2114/2064 1320/2090/2041
f 1320/2090/2041 1329/2114/2064 1321/2115/2065
f 1320/2090/2041 1321/2115/2065 1312/2091/2042
f 1312/2091/2042 1321/2115/2065 1313/2116/2066
f 1312/2091/2042 1313/2116/2066 1304/2092/2019
f 1304/2092/2019 1313/2116/2066 1305/2117/2043
f 1305/2093/2043 1306/2118/2067 1489/2094/2044
f 1489/2094/2044 1306/2118/2067 1490/2119/2068
f 1489/2094/2044 1490/2119/2068 1481/2095/2045
f 1481/2095/2045 1490/2119/2068 1482/2120/2069
f 1481/2095/2045 1482/2120/2069 1473/2096/2046
f 1473/2096/2046 1482/2120/2069 1474/2121/2070
f 1473/2096/2046 1474/2121/2070 1465/2097/2047
f 1465/2097/2047 1474/2121/2070 1466/2122/2071
f 1465/2097/2047 1466/2122/2071 1457/2098/2048
f 1457/2098/2048 1466/2122/2071 1458/2123/2072
f 1457/2098/2048 1458/2123/2072 1449/2099/2049
f 1449/2099/2049 1458/2123/2072 1450/2124/2073
f 1449/2099/2049 1450/2124/2073 1441/2100/2050
f 1441/2100/2050 1450/2124/2073 1442/2125/2074
f 1441/2100/2050 1442/2125/2074 1433/2101/2051
f 1433/2101/2051 1442/2125/2074 1434/2126/2075
f 1433/2101/2051 1434/2126/2075 1425/2102/2052
f 1425/2102/2052 1434/2126/2075 1426/2127/2076
f 1425/2102/2052 1426/2127/2076 1417/2103/2053
f 1417/2103/2053 1426/2127/2076 1418/2128/2077
f 1417/2103/2053 1418/2128/2077 1409/2104/2054
f 1409/2104/2054 1418/2128/2077 1410/2129/2078
f 1409/2104/2054 1410/2129/2078 1401/2105/2055
f 1401/2105/2055 1410/2129/2078 1402/2130/2079
f 1401/2105/2055 1402/2130/2079 1393/2106/2056
f 1393/2106/2056 1402/2130/2079 1394/2131/2080
f 1393/2106/2056 1394/2131/2080 1385/2107/2057
f 1385/2107/2057 1394/2131/2080 1386/2132/2081
f 1385/2107/2057 1386/2132/2081 1377/2108/2058
f 1377/2108/2058 1386/2132/2081 1378/2133/2082
f 1377/2108/2058 1378/2133/2082 1369/2109/2059
f 1369/2109/2059 1378/2133/2082 1370/2134/2083
f 1369/2109/2059 1370/2134/2083 1361/2110/2060
f 1361/2110/2060 1370/2134/2083 1362/2135/2084
f 1361/2110/2060 1362/2135/2084 1353/2111/2061
f 1353/2111/2061 1362/2135/2084 1354/2136/2085
f 1353/2111/2061 1354/2136/2085 1345/2112/2062
f 1345/2112/2062 1354/2136/2085 1346/2137/2086
f 1345/2112/2062 1346/2137/2086 1337/2113/2063
f 1337/2113/2063 1346/2137/2086 1338/2138/2087
f 1337/2113/2063 1338/2138/2087 1329/2114/2064
f 1329/2114/2064 1338/2138/2087 1330/2139/2088
f 1329/2114/2064 1330/2139/2088 1321/2115/2065
f 1321/2115/2065 1330/2139/2088 1322/2140/2089
f 1321/2115/2065 1322/2140/2089 1313/2116/2066
f 1313/2116/2066 1322/2140/2089 1314/2141/2090
f 1313/2116/2066 1314/2141/2090 1305/2117/2043
f 1305/2117/2043 1314/2141/2090 1306/2142/2067
f 1306/2118/2067 1307/2143/2091 1490/2119/2068
f 1490/2119/2068 1307/2143/2091 1491/2144/2092
f 1490/2119/2068 1491/2144/2092 1482/2120/2069
f 1482/2120/2069 1491/2144/2092 1483/2145/2093
f 1482/2120/2069 1483/2145/2093 1474/2121/2070
f 1474/2121/2070 1483/2145/2093 1475/2146/2094
f 1474/2121/2070 1475/2146/2094 1466/2122/2071
f 1466/2122/2071 1475/2146/2094 1467/2147/2095
f 1466/2122/2071 1467/2147/2095 1458/2123/2072
f 1458/2123/2072 1467/2147/2095 1459/2148/2096
f 1458/2123/2072 1459/2148/2096 1450/2124/2073
f 1450/2124/2073 1459/2148/2096 1451/2149/2097
f 1450/2124/2073 1451/2149/2097 1442/2125/2074
f 1442/2125/2074 1451/2149/2097 1443/2150/2098
f 1442/2125/2074 1443/2150/2098 1434/2126/2075
f 1434/2126/2075 1443/2150/2098 1435/2151/2099
f 1434/2126/2075 1435/2151/2099 1426/2127/2076
f 1426/2127/2076 1435/2151/2099 1427/2152/2100
f 1426/2127/2076 1427/2152/2100 1418/2128/2077
f 1418/2128/2077 1427/2152/2100 1419/2153/2101
f 1418/2128/2077 1419/2153/2101 1410/2129/2078
f 1410/2129/2078 1419/2153/2101 1411/2154/2102
f 1410/2129/2078 1411/2154/2102 1402/2130/2079
f 1402/2130/2079 1411/2154/2102 1403/2155/2103
f 1402/2130/2079 1403/2155/2103 1394/2131/2080
f 1394/2131/2080 1403/2155/2103 1395/2156/2104
f 1394/2131/2080 1395/2156/2104 1386/2132/2081
f 1386/2132/2081 1395/2156/2104 1387/2157/2105
f 1386/2132/2081 1387/2157/2105 1378/2133/2082
f 1378/2133/2082 1387/2157/2105 1379/2158/2106
f 1378/2133/2082 1379/2158/2106 1370/2134/2083
f 1370/2134/2083 1379/2158/2106 1371/2159/2107
f 1370/2134/2083 1371/2159/2107 1362/2135/2084
f 1362/2135/2084 1371/2159/2107 1363/2160/2108
f 1362/2135/2084 1363/2160/2108 1354/2136/2085
f 1354/2136/2085 1363/2160/2108 1355/2161/2109
f 1354/2136/2085 1355/2161/2109 1346/2137/2086
f 1346/2137/2086 1355/2161/2109 1347/2162/2110
f 1346/2137/2086 1347/2162/2110 1338/2138/2087
f 1338/2138/2087 1347/2162/2110 1339/2163/2111
f 1338/2138/2087 1339/2163/2111 1330/2139/2088
f 1330/2139/2088 1339/2163/2111 1331/2164/2112
f 1330/2139/2088 1331/2164/2112 1322/2140/2089
f 1322/2140/2089 1331/2164/2112 1323/2165/2113
f 1322/2140/2089 1323/2165/2113 1314/2141/2090
f 1314/2141/2090 1323/2165/2113 1315/2166/2114
f 1314/2141/2090 1315/2166/2114 1306/2142/2067
f 1306/2142/2067 1315/2166/2114 1307/2167/2091
f 1307/2143/2091 1308/2168/2115 1491/2144/2092
f 1491/2144/2092 1308/2168/2115 1492/2169/2116
f 1491/2144/2092 1492/2169/2116 1483/2145/2093
f 1483/2145/2093 1492/2169/2116 1484/2170/2117
f 1483/2145/2093 1484/2170/2117 1475/2146/2094
f 1475/2146/2094 1484/2170/2117 1476/2171/2118
f 1475/2146/2094 1476/2171/2118 1467/2147/2095
f 1467/2147/2095 1476/2171/2118 1468/2172/2119
f 1467/2147/2095 1468/2172/2119 1459/2148/2096
f 1459/2148/2096 1468/2172/2119 1460/2173/2120
f 1459/2148/2096 1460/2173/2120 1451/2149/2097
f 1451/2149/2097 1460/2173/2120 1452/2174/2121
f 1451/2149/2097 1452/2174/2121 1443/2150/2098
f 1443/2150/2098 1452/2174/2121 1444/2175/2122
f 1443/2150/2098 1444/2175/2122 1435/2151/2099
f 1435/2151/2099 1444/2175/2122 1436/2176/2123
f 1435/2151/2099 1436/2176/2123 1427/2152/2100
f 1427/2152/2100 1436/2176/2123 1428/2177/2124
f 1427/2152/2100 1428/2177/2124 1419/2153/2101
f 1419/2153/2101 1428/2177/2124 1420/2178/2125
f 1419/2153/2101 1420/2178/2125 1411/2154/2102
f 1411/2154/2102 1420/2178/2125 1412/2179/2126
f 1411/2154/2102 1412/2179/2126 1403/2155/2103
f 1403/2155/2103 1412/2179/2126 1404/2180/2127
f 1403/2155/2103 1404/2180/2127 1395/2156/2104
f 1395/2156/2104 1404/2180/2127 1396/2181/2128
f 1395/2156/2104 1396/2181/2128 1387/2157/2105
f 1387/2157/2105 1396/2181/2128 1388/2182/2129
f 1387/2157/2105 1388/2182/2129 1379/2158/2106
f 1379/2158/2106 1388/2182/2129 1380/2183/2130
f 1379/2158/2106 1380/2183/2130 1371/2159/2107
f 1371/2159/2107 1380/2183/2130 1372/2184/2131
f 1371/2159/2107 1372/2184/2131 1363/2160/2108
f 1363/2160/2108 1372/2184/2131 1364/2185/2132
f 1363/2160/2108 1364/2185/2132 1355/2161/2109
f 1355/2161/2109 1364/2185/2132 1356/2186/2133
f 1355/2161/2109 1356/2186/2133 1347/2162/2110
f 1347/2162/2110 1356/2186/2133 1348/2187/2134
f 1347/2162/2110 1348/2187/2134 1339/2163/2111
f 1339/2163/2111 1348/2187/2134 1340/2188/2135
f 1339/2163/2111 1340/2188/2135 1331/2164/2112
f 1331/2164/2112 1340/2188/2135 1332/2189/2136
f 1331/2164/2112 1332/2189/2136 1323/2165/2113
f 1323/2165/2113 1332/2189/2136 1324/2190/2137
f 1323/2165/2113 1324/2190/2137 1315/2166/2114
f 1315/2166/2114 1324/2190/2137 1316/2191/2138
f 1315/2166/2114 1316/2191/2138 1307/2167/2091
f 1307/2167/2091 1316/2191/2138 1308/2192/2115
f 1308/2168/2115 1309/1996/1950 1492/2169/2116
f 1492/2169/2116 1309/1996/1950 1493/1994/1948
f 1492/2169/2116 1493/1994/1948 1484/2170/2117
f 1484/2170/2117 1493/1994/1948 1485/2042/1994
f 1484/2170/2117 1485/2042/1994 1476/2171/2118
f 1476/2171/2118 1485/2042/1994 1477/2040/1992
f 1476/2171/2118 1477/2040/1992 1468/2172/2119
f 1468/2172/2119 1477/2040/1992 1469/2038/1990
f 1468/2172/2119 1469/2038/1990 1460/2173/2120
f 1460/2173/2120 1469/2038/1990 1461/2036/1988
f 1460/2173/2120 1461/2036/1988 1452/2174/2121
f 1452/2174/2121 1461/2036/1988 1453/2034/1986
f 1452/2174/2121 1453/2034/1986 1444/2175/2122
f 1444/2175/2122 1453/2034/1986 1445/2032/1984
f 1444/2175/2122 1445/2032/1984 1436/2176/2123
f 1436/2176/2123 1445/2032/1984 1437/2030/1982
f 1436/2176/2123 1437/2030/1982 1428/2177/2124
f 1428/2177/2124 1437/2030/1982 1429/2028/1980
f 1428/2177/2124 1429/2028/1980 1420/2178/2125
f 1420/2178/2125 1429/2028/1980 1421/2026/1978
f 1420/2178/2125 1421/2026/1978 1412/2179/2126
f 1412/2179/2126 1421/2026/1978 1413/2024/1976
f 1412/2179/2126 1413/2024/1976 1404/2180/2127
f 1404/2180/2127 1413/2024/1976 1405/2022/1974
f 1404/2180/2127 1405/2022/1974 1396/2181/2128
f 1396/2181/2128 1405/2022/1974 1397/2020/1972
f 1396/2181/2128 1397/2020/1972 1388/2182/2129
f 1388/2182/2129 1397/2020/1972 1389/2018/1970
f 1388/2182/2129 1389/2018/1970 1380/2183/2130
f 1380/2183/2130 1389/2018/1970 1381/2016/1968
f 1380/2183/2130 1381/2016/1968 1372/2184/2131
f 1372/2184/2131 1381/2016/1968 1373/2014/1966
f 1372/2184/2131 1373/2014/1966 1364/2185/2132
f 1364/2185/2132 1373/2014/1966 1365/2012/1964
f 1364/2185/2132 1365/2012/1964 1356/2186/2133
f 1356/2186/2133 1365/2012/1964 1357/2010/1962
f 1356/2186/2133 1357/2010/1962 1348/2187/2134
f 1348/2187/2134 1357/2010/1962 1349/2008/1960
f 1348/2187/2134 1349/2008/1960 1340/2188/2135
f 1340/2188/2135 1349/2008/1960 1341/2006/1958
f 1340/2188/2135 1341/2006/1958 1332/2189/2136
f 1332/2189/2136 1341/2006/1958 1333/2004/1956
f 1332/2189/2136 1333/2004/1956 1324/2190/2137
f 1324/2190/2137 1333/2004/1956 1325/2002/1954
f 1324/2190/2137 1325/2002/1954 1316/2191/2138
f 1316/2191/2138 1325/2002/1954 1317/2000/1952
f 1316/2191/2138 1317/2000/1952 1308/2192/2115
f 1308/2192/2115 1317/2000/1952 1309/1998/1950
f 1495/2193/2139 1550/2194/2140 1494/2195/2141
f 1494/2195/2141 1550/2194/2140 1542/2196/2142
f 1494/2197/2141 1542/2198/2142 1517/2199/2143
f 1517/2199/2143 1542/2198/2142 1726/2200/2144
f 1517/2199/2143 1726/2200/2144 1516/2201/2145
f 1516/2201/2145 1726/2200/2144 1718/2202/2146
f 1516/2201/2145 1718/2202/2146 1515/2203/2147
f 1515/2203/2147 1718/2202/2146 1710/2204/2148
f 1515/2203/2147 1710/2204/2148 1514/2205/2149
f 1514/2205/2149 1710/2204/2148 1702/2206/2150
f 1514/2205/2149 1702/2206/2150 1513/2207/2151
f 1513/2207/2151 1702/2206/2150 1694/2208/2152
f 1513/2207/2151 1694/2208/2152 1512/2209/2153
f 1512/2209/2153 1694/2208/2152 1686/2210/2154
f 1512/2209/2153 1686/2210/2154 1511/2211/2155
f 1511/2211/2155 1686/2210/2154 1678/2212/2156
f 1511/2211/2155 1678/2212/2156 1510/2213/2157
f 1510/2213/2157 1678/2212/2156 1670/2214/2158
f 1510/2213/2157 1670/2214/2158 1509/2215/2159
f 1509/2215/2159 1670/2214/2158 1662/2216/2160
f 1509/2215/2159 1662/2216/2160 1508/2217/2161
f 1508/2217/2161 1662/2216/2160 1654/2218/2162
f 1508/2217/2161 1654/2218/2162 1507/2219/2163
f 1507/2219/2163 1654/2218/2162 1646/2220/2164
f 1507/2219/2163 1646/2220/2164 1506/2221/2165
f 1506/2221/2165 1646/2220/2164 1638/2222/2166
f 1506/2221/2165 1638/2222/2166 1505/2223/2167
f 1505/2223/2167 1638/2222/2166 1630/2224/2168
f 1505/2223/2167 1630/2224/2168 1504/2225/2169
f 1504/2225/2169 1630/2224/2168 1622/2226/2170
f 1504/2225/2169 1622/2226/2170 1503/2227/2171
f 1503/2227/2171 1622/2226/2170 1614/2228/2172
f 1503/2227/2171 1614/2228/2172 1502/2229/2173
f 1502/2229/2173 1614/2228/2172 1606/2230/2174
f 1502/2229/2173 1606/2230/2174 1501/2231/2175
f 1501/2231/2175 1606/2230/2174 1598/2232/2176
f 1501/2231/2175 1598/2232/2176 1500/2233/2177
f 1500/2233/2177 1598/2232/2176 1590/2234/2178
f 1500/2233/2177 1590/2234/2178 1499/2235/2179
f 1499/2235/2179 1590/2234/2178 1582/2236/2180
f 1499/2235/2179 1582/2236/2180 1498/2237/2181
f 1498/2237/2181 1582/2236/2180 1574/2238/2182
f 1498/2237/2181 1574/2238/2182 1497/2239/2183
f 1497/2239/2183 1574/2238/2182 1566/2240/2184
f 1497/2239/2183 1566/2240/2184 1496/2241/2185
f 1496/2241/2185 1566/2240/2184 1558/2242/2186
f 1496/2241/2185 1558/2242/2186 1495/2193/2139
f 1495/2193/2139 1558/2242/2186 1550/2194/2140
f 1519/2243/2187 1733/2244/2188 1518/2245/2189
f 1518/2245/2189 1733/2244/2188 1549/2246/2190
f 1518/2247/2189 1549/2248/2190 1541/2249/2191
f 1541/2249/2191 1549/2248/2190 1557/2250/2192
f 1541/2249/2191 1557/2250/2192 1540/2251/2193
f 1540/2251/2193 1557/2250/2192 1565/2252/2194
f 1540/2251/2193 1565/2252/2194 1539/2253/2195
f 1539/2253/2195 1565/2252/2194 1573/2254/2196
f 1539/2253/2195 1573/2254/2196 1538/2255/2197
f 1538/2255/2197 1573/2254/2196 1581/2256/2198
f 1538/2255/2197 1581/2256/2198 1537/2257/2199
f 1537/2257/2199 1581/2256/2198 1589/2258/2200
f 1537/2257/2199 1589/2258/2200 1536/2259/2201
f 1536/2259/2201 1589/2258/2200 1597/2260/2202
f 1536/2259/2201 1597/2260/2202 1535/2261/2203
f 1535/2261/2203 1597/2260/2202 1605/2262/2204
f 1535/2261/2203 1605/2262/2204 1534/2263/2205
f 1534/2263/2205 1605/2262/2204 1613/2264/2206
f 1534/2263/2205 1613/2264/2206 1533/2265/2207
f 1533/2265/2207 1613/2264/2206 1621/2266/2208
f 1533/2265/2207 1621/2266/2208 1532/2267/2209
f 1532/2267/2209 1621/2266/2208 1629/2268/2210
f 1532/2267/2209 1629/2268/2210 1531/2269/2211
f 1531/2269/2211 1629/2268/2210 1637/2270/2212
f 1531/2269/2211 1637/2270/2212 1530/2271/2213
f 1530/2271/2213 1637/2270/2212 1645/2272/2214
f 1530/2271/2213 1645/2272/2214 1529/2273/2215
f 1529/2273/2215 1645/2272/2214 1653/2274/2216
f 1529/2273/2215 1653/2274/2216 1528/2275/2217
f 1528/2275/2217 1653/2274/2216 1661/2276/2218
f 1528/2275/2217 1661/2276/2218 1527/2277/2219
f 1527/2277/2219 1661/2276/2218 1669/2278/2220
f 1527/2277/2219 1669/2278/2220 1526/2279/2221
f 1526/2279/2221 1669/2278/2220 1677/2280/2222
f 1526/2279/2221 1677/2280/2222 1525/2281/2223
f 1525/2281/2223 1677/2280/2222 1685/2282/2224
f 1525/2281/2223 1685/2282/2224 1524/2283/2225
f 1524/2283/2225 1685/2282/2224 1693/2284/2226
f 1524/2283/2225 1693/2284/2226 1523/2285/2227
f 1523/2285/2227 1693/2284/2226 1701/2286/2228
f 1523/2285/2227 1701/2286/2228 1522/2287/2229
f 1522/2287/2229 1701/2286/2228 1709/2288/2230
f 1522/2287/2229 1709/2288/2230 1521/2289/2231
f 1521/2289/2231 1709/2288/2230 1717/2290/2232
f 1521/2289/2231 1717/2290/2232 1520/2291/2233
f 1520/2291/2233 1717/2290/2232 1725/2292/2234
f 1520/2291/2233 1725/2292/2234 1519/2243/2187
f 1519/2243/2187 1725/2292/2234 1733/2244/2188
f 1542/2198/2142 1543/2293/2235 1726/2200/2144
f 1726/2200/2144 1543/2293/2235 1727/2294/2236
f 1726/2200/2144 1727/2294/2236 1718/2202/2146
f 1718/2202/2146 1727/2294/2236 1719/2295/2237
f 1718/2202/2146 1719/2295/2237 1710/2204/2148
f 1710/2204/2148 1719/2295/2237 1711/2296/2238
f 1710/2204/2148 1711/2296/2238 1702/2206/2150
f 1702/2206/2150 1711/2296/2238 1703/2297/2239
f 1702/2206/2150 1703/2297/2239 1694/2208/2152
f 1694/2208/2152 1703/2297/2239 1695/2298/2240
f 1694/2208/2152 1695/2298/2240 1686/2210/2154
f 1686/2210/2154 1695/2298/2240 1687/2299/2241
f 1686/2210/2154 1687/2299/2241 1678/2212/2156
f 1678/2212/2156 1687/2299/2241 1679/2300/2242
f 1678/2212/2156 1679/2300/2242 1670/2214/2158
f 1670/2214/2158 1679/2300/2242 1671/2301/2243
f 1670/2214/2158 1671/2301/2243 1662/2216/2160
f 1662/2216/2160 1671/2301/2243 1663/2302/2244
f 1662/2216/2160 1663/2302/2244 1654/2218/2162
f 1654/2218/2162 1663/2302/2244 1655/2303/2245
f 1654/2218/2162 1655/2303/2245 1646/2220/2164
f 1646/2220/2164 1655/2303/2245 1647/2304/2246
f 1646/2220/2164 1647/2304/2246 1638/2222/2166
f 1638/2222/2166 1647/2304/2246 1639/2305/2247
f 1638/2222/2166 1639/2305/2247 1630/2224/2168
f 1630/2224/2168 1639/2305/2247 1631/2306/2248
f 1630/2224/2168 1631/2306/2248 1622/2226/2170
f 1622/2226/2170 1631/2306/2248 1623/2307/2249
f 1622/2226/2170 1623/2307/2249 1614/2228/2172
f 1614/2228/2172 1623/2307/2249 1615/2308/2250
f 1614/2228/2172 1615/2308/2250 1606/2230/2174
f 1606/2230/2174 1615/2308/2250 1607/2309/2251
f 1606/2230/2174 1607/2309/2251 1598/2232/2176
f 1598/2232/2176 1607/2309/2251 1599/2310/2252
f 1598/2232/2176 1599/2310/2252 1590/2234/2178
f 1590/2234/2178 1599/2310/2252 1591/2311/2253
f 1590/2234/2178 1591/2311/2253 1582/2236/2180
f 1582/2236/2180 1591/2311/2253 1583/2312/2254
f 1582/2236/2180 1583/2312/2254 1574/2238/2182
f 1574/2238/2182 1583/2312/2254 1575/2313/2255
f 1574/2238/2182 1575/2313/2255 1566/2240/2184
f 1566/2240/2184 1575/2313/2255 1567/2314/2256
f 1566/2240/2184 1567/2314/2256 1558/2242/2186
f 1558/2242/2186 1567/2314/2256 1559/2315/2257
f 1558/2242/2186 1559/2315/2257 1550/2194/2140
f 1550/2194/2140 1559/2315/2257 1551/2316/2258
f 1550/2194/2140 1551/2316/2258 1542/2196/2142
f 1542/2196/2142 1551/2316/2258 1543/2317/2235
f 1543/2293/2235 1544/2318/2259 1727/2294/2236
f 1727/2294/2236 1544/2318/2259 1728/2319/2260
f 1727/2294/2236 1728/2319/2260 1719/2295/2237
f 1719/2295/2237 1728/2319/2260 1720/2320/2261
f 1719/2295/2237 1720/2320/2261 1711/2296/2238
f 1711/2296/2238 1720/2320/2261 1712/2321/2262
f 1711/2296/2238 1712/2321/2262 1703/2297/2239
f 1703/2297/2239 1712/2321/2262 1704/2322/2263
f 1703/2297/2239 1704/2322/2263 1695/2298/2240
f 1695/2298/2240 1704/2322/2263 1696/2323/2264
f 1695/2298/2240 1696/2323/2264 1687/2299/2241
f 1687/2299/2241 1696/2323/2264 1688/2324/2265
f 1687/2299/2241 1688/2324/2265 1679/2300/2242
f 1679/2300/2242 1688/2324/2265 1680/2325/2266
f 1679/2300/2242 1680/2325/2266 1671/2301/2243
f 1671/2301/2243 1680/2325/2266 1672/2326/2267
f 1671/2301/2243 1672/2326/2267 1663/2302/2244
f 1663/2302/2244 1672/2326/2267 1664/2327/2268
f 1663/2302/2244 1664/2327/2268 1655/2303/2245
f 1655/2303/2245 1664/2327/2268 1656/2328/2269
f 1655/2303/2245 1656/2328/2269 1647/2304/2246
f 1647/2304/2246 1656/2328/2269 1648/2329/2270
f 1647/2304/2246 1648/2329/2270 1639/2305/2247
f 1639/2305/2247 1648/2329/2270 1640/2330/2271
f 1639/2305/2247 1640/2330/2271 1631/2306/2248
f 1631/2306/2248 1640/2330/2271 1632/2331/2272
f 1631/2306/2248 1632/2331/2272 1623/2307/2249
f 1623/2307/2249 1632/2331/2272 1624/2332/2273
f 1623/2307/2249 1624/2332/2273 1615/2308/2250
f 1615/2308/2250 1624/2332/2273 1616/2333/2274
f 1615/2308/2250 1616/2333/2274 1607/2309/2251
f 1607/2309/2251 1616/2333/2274 1608/2334/2275
f 1607/2309/2251 1608/2334/2275 1599/2310/2252
f 1599/2310/2252 1608/2334/2275 1600/2335/2276
f 1599/2310/2252 1600/2335/2276 1591/2311/2253
f 1591/2311/2253 1600/2335/2276 1592/2336/2277
f 1591/2311/2253 1592/2336/2277 1583/2312/2254
f 1583/2312/2254 1592/2336/2277 1584/2337/2278
f 1583/2312/2254 1584/2337/2278 1575/2313/2255
f 1575/2313/2255 1584/2337/2278 1576/2338/2279
f 1575/2313/2255 1576/2338/2279 1567/2314/2256
f 1567/2314/2256 1576/2338/2279 1568/2339/2280
f 1567/2314/2256 1568/2339/2280 1559/2315/2257
f 1559/2315/2257 1568/2339/2280 1560/2340/2281
f 1559/2315/2257 1560/2340/2281 1551/2316/2258
f 1551/2316/2258 1560/2340/2281 1552/2341/2282
f 1551/2316/2258 1552/2341/2282 1543/2317/2235
f 1543/2317/2235 1552/2341/2282 1544/2342/2259
f 1544/2318/2259 1545/2343/2283 1728/2319/2260
f 1728/2319/2260 1545/2343/2283 1729/2344/2284
f 1728/2319/2260 1729/2344/2284 1720/2320/2261
f 1720/2320/2261 1729/2344/2284 1721/2345/2285
f 1720/2320/2261 1721/2345/2285 1712/2321/2262
f 1712/2321/2262 1721/2345/2285 1713/2346/2286
f 1712/2321/2262 1713/2346/2286 1704/2322/2263
f 1704/2322/2263 1713/2346/2286 1705/2347/2287
f 1704/2322/2263 1705/2347/2287 1696/2323/2264
f 1696/2323/2264 1705/2347/2287 1697/2348/2288
f 1696/2323/2264 1697/2348/2288 1688/2324/2265
f 1688/2324/2265 1697/2348/2288 1689/2349/2289
f 1688/2324/2265 1689/2349/2289 1680/2325/2266
f 1680/2325/2266 1689/2349/2289 1681/2350/2290
f 1680/2325/2266 1681/2350/2290 1672/2326/2267
f 1672/2326/2267 1681/2350/2290 1673/2351/2291
f 1672/2326/2267 1673/2351/2291 1664/2327/2268
f 1664/2327/2268 1673/2351/2291 1665/2352/2292
f 1664/2327/2268 1665/2352/2292 1656/2328/2269
f 1656/2328/2269 1665/2352/2292 1657/2353/2293
f 1656/2328/2269 1657/2353/2293 1648/2329/2270
f 1648/2329/2270 1657/2353/2293 1649/2354/2294
f 1648/2329/2270 1649/2354/2294 1640/2330/2271
f 1640/2330/2271 1649/2354/2294 1641/2355/2295
f 1640/2330/2271 1641/2355/2295 1632/2331/2272
f 1632/2331/2272 1641/2355/2295 1633/2356/2296
f 1632/2331/2272 1633/2356/2296 1624/2332/2273
f 1624/2332/2273 1633/2356/2296 1625/2357/2297
f 1624/2332/2273 1625/2357/2297 1616/2333/2274
f 1616/2333/2274 1625/2357/2297 1617/2358/2298
f 1616/2333/2274 1617/2358/2298 1608/2334/2275
f 1608/2334/2275 1617/2358/2298 1609/2359/2299
f 1608/2334/2275 1609/2359/2299 1600/2335/2276
f 1600/2335/2276 1609/2359/2299 1601/2360/2300
f 1600/2335/2276 1601/2360/2300 1592/2336/2277
f 1592/2336/2277 1601/2360/2300 1593/2361/2301
f 1592/2336/2277 1593/2361/2301 1584/2337/2278
f 1584/2337/2278 1593/2361/2301 1585/2362/2302
f 1584/2337/2278 1585/2362/2302 1576/2338/2279
f 1576/2338/2279 1585/2362/2302 1577/2363/2303
f 1576/2338/2279 1577/2363/2303 1568/2339/2280
f 1568/2339/2280 1577/2363/2303 1569/2364/2304
f 1568/2339/2280 1569/2364/2304 1560/2340/2281
f 1560/2340/2281 1569/2364/2304 1561/2365/2305
f 1560/2340/2281 1561/2365/2305 1552/2341/2282
f 1552/2341/2282 1561/2365/2305 1553/2366/2306
f 1552/2341/2282 1553/2366/2306 1544/2342/2259
f 1544/2342/2259 1553/2366/2306 1545/2367/2283
f 1545/2343/2283 1546/2368/2307 1729/2344/2284
f 1729/2344/2284 1546/2368/2307 1730/2369/2308
f 1729/2344/2284 1730/2369/2308 1721/2345/2285
f 1721/2345/2285 1730/2369/2308 1722/2370/2309
f 1721/2345/2285 1722/2370/2309 1713/2346/2286
f 1713/2346/2286 1722/2370/2309 1714/2371/2310
f 1713/2346/2286 1714/2371/2310 1705/2347/2287
f 1705/2347/2287 1714/2371/2310 1706/2372/2311
f 1705/2347/2287 1706/2372/2311 1697/2348/2288
f 1697/2348/2288 1706/2372/2311 1698/2373/2312
f 1697/2348/2288 1698/2373/2312 1689/2349/2289
f 1689/2349/2289 1698/2373/2312 1690/2374/2313
f 1689/2349/2289 1690/2374/2313 1681/2350/2290
f 1681/2350/2290 1690/2374/2313 1682/2375/2314
f 1681/2350/2290 1682/2375/2314 1673/2351/2291
f 1673/2351/2291 1682/2375/2314 1674/2376/2315
f 1673/2351/2291 1674/2376/2315 1665/2352/2292
f 1665/2352/2292 1674/2376/2315 1666/2377/2316
f 1665/2352/2292 1666/2377/2316 1657/2353/2293
f 1657/2353/2293 1666/2377/2316 1658/2378/2317
f 1657/2353/2293 1658/2378/2317 1649/2354/2294
f 1649/2354/2294 1658/2378/2317 1650/2379/2318
f 1649/2354/2294 1650/2379/2318 1641/2355/2295
f 1641/2355/2295 1650/2379/2318 1642/2380/2319
f 1641/2355/2295 1642/2380/2319 1633/2356/2296
f 1633/2356/2296 1642/2380/2319 1634/2381/2320
f 1633/2356/2296 1634/2381/2320 1625/2357/2297
f 1625/2357/2297 1634/2381/2320 1626/2382/2321
f 1625/2357/2297 1626/2382/2321 1617/2358/2298
f 1617/2358/2298 1626/2382/2321 1618/2383/2322
f 1617/2358/2298 1618/2383/2322 1609/2359/2299
f 1609/2359/2299 1618/2383/2322 1610/2384/2323
f 1609/2359/2299 1610/2384/2323 1601/2360/2300
f 1601/2360/2300 1610/2384/2323 1602/2385/2324
f 1601/2360/2300 1602/2385/2324 1593/2361/2301
f 1593/2361/2301 1602/2385/2324 1594/2386/2325
f 1593/2361/2301 1594/2386/2325 1585/2362/2302
f 1585/2362/2302 1594/2386/2325 1586/2387/2326
f 1585/2362/2302 1586/2387/2326 1577/2363/2303
f 1577/2363/2303 1586/2387/2326 1578/2388/2327
f 1577/2363/2303 1578/2388/2327 1569/2364/2304
f 1569/2364/2304 1578/2388/2327 1570/2389/2328
f 1569/2364/2304 1570/2389/2328 1561/2365/2305
f 1561/2365/2305 1570/2389/2328 1562/2390/2329
f 1561/2365/2305 1562/2390/2329 1553/2366/2306
f 1553/2366/2306 1562/2390/2329 1554/2391/2330
f 1553/2366/2306 1554/2391/2330 1545/2367/2283
f 1545/2367/2283 1554/2391/2330 1546/2392/2307
f 1546/2368/2307 1547/2393/2331 1730/2369/2308
f 1730/2369/2308 1547/2393/2331 1731/2394/2332
f 1730/2369/2308 1731/2394/2332 1722/2370/2309
f 1722/2370/2309 1731/2394/2332 1723/2395/2333
f 1722/2370/2309 1723/2395/2333 1714/2371/2310
f 1714/2371/2310 1723/2395/2333 1715/2396/2334
f 1714/2371/2310 1715/2396/2334 1706/2372/2311
f 1706/2372/2311 1715/2396/2334 1707/2397/2335
f 1706/2372/2311 1707/2397/2335 1698/2373/2312
f 1698/2373/2312 1707/2397/2335 1699/2398/2336
f 1698/2373/2312 1699/2398/2336 1690/2374/2313
f 1690/2374/2313 1699/2398/2336 1691/2399/2337
f 1690/2374/2313 1691/2399/2337 1682/2375/2314
f 1682/2375/2314 1691/2399/2337 1683/2400/2338
f 1682/2375/2314 1683/2400/2338 1674/2376/2315
f 1674/2376/2315 1683/2400/2338 1675/2401/2339
f 1674/2376/2315 1675/2401/2339 1666/2377/2316
f 1666/2377/2316 1675/2401/2339 1667/2402/2340
f 1666/2377/2316 1667/2402/2340 1658/2378/2317
f 1658/2378/2317 1667/2402/2340 1659/2403/2341
f 1658/2378/2317 1659/2403/2341 1650/2379/2318
f 1650/2379/2318 1659/2403/2341 1651/2404/2342
f 1650/2379/2318 1651/2404/2342 1642/2380/2319
f 1642/2380/2319 1651/2404/2342 1643/2405/2343
f 1642/2380/2319 1643/2405/2343 1634/2381/2320
f 1634/2381/2320 1643/2405/2343 1635/2406/2344
f 1634/2381/2320 1635/2406/2344 1626/2382/2321
f 1626/2382/2321 1635/2406/2344 1627/2407/2345
f 1626/2382/2321 1627/2407/2345 1618/2383/2322
f 1618/2383/2322 1627/2407/2345 1619/2408/2346
f 1618/2383/2322 1619/2408/2346 1610/2384/2323
f 1610/2384/2323 1619/2408/2346 1611/2409/2347
f 1610/2384/2323 1611/2409/2347 1602/2385/2324
f 1602/2385/2324 1611/2409/2347 1603/2410/2348
f 1602/2385/2324 1603/2410/2348 1594/2386/2325
f 1594/2386/2325 1603/2410/2348 1595/2411/2349
f 1594/2386/2325 1595/2411/2349 1586/2387/2326
f 1586/2387/2326 1595/2411/2349 1587/2412/2350
f 1586/2387/2326 1587/2412/2350 1578/2388/2327
f 1578/2388/2327 1587/2412/2350 1579/2413/2351
f 1578/2388/2327 1579/2413/2351 1570/2389/2328
f 1570/2389/2328 1579/2413/2351 1571/2414/2352
f 1570/2389/2328 1571/2414/2352 1562/2390/2329
f 1562/2390/2329 1571/2414/2352 1563/2415/2353
f 1562/2390/2329 1563/2415/2353 1554/2391/2330
f 1554/2391/2330 1563/2415/2353 1555/2416/2354
f 1554/2391/2330 1555/2416/2354 1546/2392/2307
f 1546/2392/2307 1555/2416/2354 1547/2417/2331
f 1547/2393/2331 1548/2418/2355 1731/2394/2332
f 1731/2394/2332 1548/2418/2355 1732/2419/2356
f 1731/2394/2332 1732/2419/2356 1723/2395/2333
f 1723/2395/2333 1732/2419/2356 1724/2420/2357
f 1723/2395/2333 1724/2420/2357 1715/2396/2334
f 1715/2396/2334 1724/2420/2357 1716/2421/2358
f 1715/2396/2334 1716/2421/2358 1707/2397/2335
f 1707/2397/2335 1716/2421/2358 1708/2422/2359
f 1707/2397/2335 1708/2422/2359 1699/2398/2336
f 1699/2398/2336 1708/2422/2359 1700/2423/2360
f 1699/2398/2336 1700/2423/2360 1691/2399/2337
f 1691/2399/2337 1700/2423/2360 1692/2424/2361
f 1691/2399/2337 1692/2424/2361 1683/2400/2338
f 1683/2400/2338 1692/2424/2361 1684/2425/2362
f 1683/2400/2338 1684/2425/2362 1675/2401/2339
f 1675/2401/2339 1684/2425/2362 1676/2426/2363
f 1675/2401/2339 1676/2426/2363 1667/2402/2340
f 1667/2402/2340 1676/2426/2363 1668/2427/2364
f 1667/2402/2340 1668/2427/2364 1659/2403/2341
f 1659/2403/2341 1668/2427/2364 1660/2428/2365
f 1659/2403/2341 1660/2428/2365 1651/2404/2342
f 1651/2404/2342 1660/2428/2365 1652/2429/2366
f 1651/2404/2342 1652/2429/2366 1643/2405/2343
f 1643/2405/2343 1652/2429/2366 1644/2430/2367
f 1643/2405/2343 1644/2430/2367 1635/2406/2344
f 1635/2406/2344 1644/2430/2367 1636/2431/2368
f 1635/2406/2344 1636/2431/2368 1627/2407/2345
f 1627/2407/2345 1636/2431/2368 1628/2432/2369
f 1627/2407/2345 1628/2432/2369 1619/2408/2346
f 1619/2408/2346 1628/2432/2369 1620/2433/2370
f 1619/2408/2346 1620/2433/2370 1611/2409/2347
f 1611/2409/2347 1620/2433/2370 1612/2434/2371
f 1611/2409/2347 1612/2434/2371 1603/2410/2348
f 1603/2410/2348 1612/2434/2371 1604/2435/2372
f 1603/2410/2348 1604/2435/2372 1595/2411/2349
f 1595/2411/2349 1604/2435/2372 1596/2436/2373
f 1595/2411/2349 1596/2436/2373 1587/2412/2350
f 1587/2412/2350 1596/2436/2373 1588/2437/2374
f 1587/2412/2350 1588/2437/2374 1579/2413/2351
f 1579/2413/2351 1588/2437/2374 1580/2438/2375
f 1579/2413/2351 1580/2438/2375 1571/2414/2352
f 1571/2414/2352 1580/2438/2375 1572/2439/2376
f 1571/2414/2352 1572/2439/2376 1563/2415/2353
f 1563/2415/2353 1572/2439/2376 1564/2440/2377
f 1563/2415/2353 1564/2440/2377 1555/2416/2354
f 1555/2416/2354 1564/2440/2377 1556/2441/2378
f 1555/2416/2354 1556/2441/2378 1547/2417/2331
f 1547/2417/2331 1556/2441/2378 1548/2442/2355
f 1548/2418/2355 1549/2246/2190 1732/2419/2356
f 1732/2419/2356 1549/2246/2190 1733/2244/2188
f 1732/2419/2356 1733/2244/2188 1724/2420/2357
f 1724/2420/2357 1733/2244/2188 1725/2292/2234
f 1724/2420/2357 1725/2292/2234 1716/2421/2358
f 1716/2421/2358 1725/2292/2234 1717/2290/2232
f 1716/2421/2358 1717/2290/2232 1708/2422/2359
f 1708/2422/2359 1717/2290/2232 1709/2288/2230
f 1708/2422/2359 1709/2288/2230 1700/2423/2360
f 1700/2423/2360 1709/2288/2230 1701/2286/2228
f 1700/2423/2360 1701/2286/2228 1692/2424/2361
f 1692/2424/2361 1701/2286/2228 1693/2284/2226
f 1692/2424/2361 1693/2284/2226 1684/2425/2362
f 1684/2425/2362 1693/2284/2226 1685/2282/2224
f 1684/2425/2362 1685/2282/2224 1676/2426/2363
f 1676/2426/2363 1685/2282/2224 1677/2280/2222
f 1676/2426/2363 1677/2280/2222 1668/2427/2364
f 1668/2427/2364 1677/2280/2222 1669/2278/2220
f 1668/2427/2364 1669/2278/2220 1660/2428/2365
f 1660/2428/2365 1669/2278/2220 1661/2276/2218
f 1660/2428/2365 1661/2276/2218 1652/2429/2366
f 1652/2429/2366 1661/2276/2218 1653/2274/2216
f 1652/2429/2366 1653/2274/2216 1644/2430/2367
f 1644/2430/2367 1653/2274/2216 1645/2272/2214
f 1644/2430/2367 1645/2272/2214 1636/2431/2368
f 1636/2431/2368 1645/2272/2214 1637/2270/2212
f 1636/2431/2368 1637/2270/2212 1628/2432/2369
f 1628/2432/2369 1637/2270/2212 1629/2268/2210
f 1628/2432/2369 1629/2268/2210 1620/2433/2370
f 1620/2433/2370 1629/2268/2210 1621/2266/2208
f 1620/2433/2370 1621/2266/2208 1612/2434/2371
f 1612/2434/2371 1621/2266/2208 1613/2264/2206
f 1612/2434/2371 1613/2264/2206 1604/2435/2372
f 1604/2435/2372 1613/2264/2206 1605/2262/2204
f 1604/2435/2372 1605/2262/2204 1596/2436/2373
f 1596/2436/2373 1605/2262/2204 1597/2260/2202
f 1596/2436/2373 1597/2260/2202 1588/2437/2374
f 1588/2437/2374 1597/2260/2202 1589/2258/2200
f 1588/2437/2374 1589/2258/2200 1580/2438/2375
f 1580/2438/2375 1589/2258/2200 1581/2256/2198
f 1580/2438/2375 1581/2256/2198 1572/2439/2376
f 1572/2439/2376 1581/2256/2198 1573/2254/2196
f 1572/2439/2376 1573/2254/2196 1564/2440/2377
f 1564/2440/2377 1573/2254/2196 1565/2252/2194
f 1564/2440/2377 1565/2252/2194 1556/2441/2378
f 1556/2441/2378 1565/2252/2194 1557/2250/2192
f 1556/2441/2378 1557/2250/2192 1548/2442/2355
f 1548/2442/2355 1557/2250/2192 1549/2248/2190
f 1255/2443/2379 1254/2444/2380 1494/2445/2381
f 1494/2445/2381 1254/2444/2380 1277/2446/2382
f 1494/2445/2381 1277/2446/2382 1495/2447/2383
f 1495/2447/2383 1277/2446/2382 1276/2448/2384
f 1495/2447/2383 1276/2448/2384 1496/2449/2385
f 1496/2449/2385 1276/2448/2384 1275/2450/2386
f 1496/2449/2385 1275/2450/2386 1497/2451/2387
f 1497/2451/2387 1275/2450/2386 1274/2452/2388
f 1497/2451/2387 1274/2452/2388 1498/2453/2389
f 1498/2453/2389 1274/2452/2388 1273/2454/2390
f 1498/2453/2389 1273/2454/2390 1499/2455/2391
f 1499/2455/2391 1273/2454/2390 1272/2456/2392
f 1499/2455/2391 1272/2456/2392 1500/2457/2393
f 1500/2457/2393 1272/2456/2392 1501/2458/2394
f 1501/2458/2394 1272/2456/2392 1271/2459/2395
f 1501/2458/2394 1271/2459/2395 1502/2460/2396
f 1502/2460/2396 1271/2459/2395 1270/2461/2397
f 1502/2460/2396 1270/2461/2397 1503/2462/2398
f 1503/2462/2398 1270/2461/2397 1269/2463/2399
f 1503/2462/2398 1269/2463/2399 1504/2464/2400
f 1504/2464/2400 1269/2463/2399 1268/2465/2401
f 1504/2464/2400 1268/2465/2401 1505/2466/2402
f 1505/2466/2402 1268/2465/2401 1267/2467/2403
f 1505/2466/2402 1267/2467/2403 1506/2468/2404
f 1506/2468/2404 1267/2467/2403 1266/2469/2405
f 1506/2468/2404 1266/2469/2405 1507/2470/2406
f 1507/2470/2406 1266/2469/2405 1265/2471/2407
f 1507/2470/2406 1265/2471/2407 1264/2472/2408
f 1507/2470/2406 1264/2472/2408 1508/2473/2409
f 1508/2473/2409 1264/2472/2408 1263/2474/2410
f 1508/2473/2409 1263/2474/2410 1509/2475/2411
f 1509/2475/2411 1263/2474/2410 1262/2476/2412
f 1509/2475/2411 1262/2476/2412 1510/2477/2413
f 1510/2477/2413 1262/2476/2412 1261/2478/2414
f 1510/2477/2413 1261/2478/2414 1511/2479/2415
f 1511/2479/2415 1261/2478/2414 1260/2480/2416
f 1511/2479/2415 1260/2480/2416 1512/2481/2417
f 1512/2481/2417 1260/2480/2416 1513/2482/2418
f 1513/2482/2418 1260/2480/2416 1259/2483/2419
f 1513/2482/2418 1259/2483/2419 1514/2484/2420
f 1514/2484/2420 1259/2483/2419 1258/2485/2421
f 1514/2484/2420 1258/2485/2421 1515/2486/2422
f 1515/2486/2422 1258/2485/2421 1257/2487/2423
f 1515/2486/2422 1257/2487/2423 1516/2488/2424
f 1516/2488/2424 1257/2487/2423 1256/2489/2425
f 1516/2488/2424 1256/2489/2425 1517/2490/2426
f 1517/2490/2426 1256/2489/2425 1255/2443/2379
f 1517/2490/2426 1255/2443/2379 1494/2445/2381
f 1301/2491/2427 1519/2492/2428 1278/2493/2429
f 1278/2493/2429 1519/2492/2428 1518/2494/2430
f 1278/2493/2429 1518/2494/2430 1279/2495/2431
f 1279/2495/2431 1518/2494/2430 1541/2496/2432
f 1279/2495/2431 1541/2496/2432 1280/2497/2433
f 1280/2497/2433 1541/2496/2432 1540/2498/2434
f 1280/2497/2433 1540/2498/2434 1281/2499/2435
f 1281/2499/2435 1540/2498/2434 1539/2500/2436
f 1281/2499/2435 1539/2500/2436 1282/2501/2437
f 1282/2501/2437 1539/2500/2436 1538/2502/2438
f 1282/2501/2437 1538/2502/2438 1283/2503/2439
f 1283/2503/2439 1538/2502/2438 1537/2504/2440
f 1283/2503/2439 1537/2504/2440 1284/2505/2441
f 1284/2505/2441 1537/2504/2440 1536/2506/2442
f 1284/2505/2441 1536/2506/2442 1535/2507/2443
f 1301/2491/2427 1300/2508/2444 1519/2492/2428
f 1519/2492/2428 1300/2508/2444 1520/2509/2445
f 1520/2509/2445 1300/2508/2444 1299/2510/2446
f 1520/2509/2445 1299/2510/2446 1521/2511/2447
f 1521/2511/2447 1299/2510/2446 1298/2512/2448
f 1521/2511/2447 1298/2512/2448 1522/2513/2449
f 1522/2513/2449 1298/2512/2448 1297/2514/2450
f 1522/2513/2449 1297/2514/2450 1523/2515/2451
f 1523/2515/2451 1297/2514/2450 1296/2516/2452
f 1523/2515/2451 1296/2516/2452 1524/2517/2453
f 1524/2517/2453 1296/2516/2452 1525/2518/2454
f 1525/2518/2454 1296/2516/2452 1295/2519/2455
f 1525/2518/2454 1295/2519/2455 1526/2520/2456
f 1526/2520/2456 1295/2519/2455 1294/2521/2457
f 1526/2520/2456 1294/2521/2457 1527/2522/2458
f 1527/2522/2458 1294/2521/2457 1293/2523/2459
f 1527/2522/2458 1293/2523/2459 1528/2524/2460
f 1528/2524/2460 1293/2523/2459 1292/2525/2461
f 1528/2524/2460 1292/2525/2461 1529/2526/2462
f 1529/2526/2462 1292/2525/2461 1291/2527/2463
f 1529/2526/2462 1291/2527/2463 1530/2528/2464
f 1530/2528/2464 1291/2527/2463 1290/2529/2465
f 1530/2528/2464 1290/2529/2465 1289/2530/2466
f 1530/2528/2464 1289/2530/2466 1531/2531/2467
f 1531/2531/2467 1289/2530/2466 1288/2532/2468
f 1531/2531/2467 1288/2532/2468 1532/2533/2469
f 1532/2533/2469 1288/2532/2468 1287/2534/2470
f 1532/2533/2469 1287/2534/2470 1533/2535/2471
f 1533/2535/2471 1287/2534/2470 1286/2536/2472
f 1533/2535/2471 1286/2536/2472 1534/2537/2473
f 1534/2537/2473 1286/2536/2472 1285/2538/2474
f 1534/2537/2473 1285/2538/2474 1535/2507/2443
f 1535/2507/2443 1285/2538/2474 1284/2505/2441
g Gövde4

v -6.200000 0.000000 -0.500000
v -6.130751 -0.924062 -0.500000
v -5.924551 -1.827482 -0.500000
v -5.586007 -2.690079 -0.500000
v -5.122680 -3.492584 -0.500000
v -4.544922 -4.217071 -0.500000
v -3.865637 -4.847355 -0.500000
v -3.100000 -5.369358 -0.500000
v -2.265114 -5.771417 -0.500000
v -1.379630 -6.044553 -0.500000
v -0.463327 -6.182664 -0.500000
v 0.463327 -6.182664 -0.500000
v 1.379630 -6.044553 -0.500000
v 2.265114 -5.771417 -0.500000
v 3.100000 -5.369358 -0.500000
v 3.865637 -4.847355 -0.500000
v 4.544922 -4.217071 -0.500000
v 5.122680 -3.492584 -0.500000
v 5.586007 -2.690079 -0.500000
v 5.924551 -1.827482 -0.500000
v 6.130751 -0.924062 -0.500000
v 6.200000 0.000000 -0.500000
v 6.130751 0.924062 -0.500000
v 5.924551 1.827482 -0.500000
v 5.586007 2.690079 -0.500000
v 5.122680 3.492584 -0.500000
v 4.544922 4.217071 -0.500000
v 3.865637 4.847355 -0.500000
v 3.100000 5.369358 -0.500000
v 2.265114 5.771417 -0.500000
v 1.379630 6.044553 -0.500000
v 0.463327 6.182664 -0.500000
v -0.463327 6.182664 -0.500000
v -1.379630 6.044553 -0.500000
v -2.265114 5.771417 -0.500000
v -3.100000 5.369358 -0.500000
v -3.865637 4.847355 -0.500000
v -4.544922 4.217071 -0.500000
v -5.122680 3.492584 -0.500000
v -5.586007 2.690079 -0.500000
v -5.924551 1.827482 -0.500000
v -6.130751 0.924062 -0.500000
v -6.200000 0.000000 0.000000
v -6.130751 0.924062 0.000000
v -5.924551 1.827482 0.000000
v -5.586007 2.690079 0.000000
v -5.122680 3.492584 0.000000
v -4.544922 4.217071 0.000000
v -3.865637 4.847355 0.000000
v -3.100000 5.369358 0.000000
v -2.265114 5.771417 0.000000
v -1.379630 6.044553 0.000000
v -0.463327 6.182664 0.000000
v 0.463327 6.182664 0.000000
v 1.379630 6.044553 0.000000
v 2.265114 5.771417 0.000000
v 3.100000 5.369358 0.000000
v 3.865637 4.847355 0.000000
v 4.544922 4.217071 0.000000
v 5.122680 3.492584 0.000000
v 5.586007 2.690079 0.000000
v 5.924551 1.827482 0.000000
v 6.130751 0.924062 0.000000
v 6.200000 0.000000 0.000000
v 6.130751 -0.924062 0.000000
v 5.924551 -1.827482 0.000000
v 5.586007 -2.690079 0.000000
v 5.122680 -3.492584 0.000000
v 4.544922 -4.217071 0.000000
v 3.865637 -4.847355 0.000000
v 3.100000 -5.369358 0.000000
v 2.265114 -5.771417 0.000000
v 1.379630 -6.044553 0.000000
v 0.463327 -6.182664 0.000000
v -0.463327 -6.182664 0.000000
v -1.379630 -6.044553 0.000000
v -2.265114 -5.771417 0.000000
v -3.100000 -5.369358 0.000000
v -3.865637 -4.847355 0.000000
v -4.544922 -4.217071 0.000000
v -5.122680 -3.492584 0.000000
v -5.586007 -2.690079 0.000000
v -5.924551 -1.827482 0.000000
v -6.130751 -0.924062 0.000000
vt -0.500000 18.550357 0.000000
vt 0.000000 18.550357 0.000000
vt -0.500000 19.477874 0.000000
vt -0.000000 19.477874 0.000000
vt -0.500000 -19.477874 0.000000
vt -0.000000 -19.477874 0.000000
vt -0.500000 -18.550357 0.000000
vt -0.000000 -18.550357 0.000000
vt -0.500000 -17.622839 0.000000
vt -0.000000 -17.622839 0.000000
vt -0.500000 -16.695321 0.000000
vt -0.000000 -16.695321 0.000000
vt -0.500000 -15.767803 0.000000
vt -0.000000 -15.767803 0.000000
vt -0.500000 -14.840285 0.000000
vt -0.000000 -14.840285 0.000000
vt -0.500000 -13.912767 0.000000
vt -0.000000 -13.912767 0.000000
vt -0.500000 -12.985250 0.000000
vt -0.000000 -12.985250 0.000000
vt -0.500000 -12.057732 0.000000
vt -0.000000 -12.057732 0.000000
vt -0.500000 -11.130214 0.000000
vt -0.000000 -11.130214 0.000000
vt -0.500000 -10.202696 0.000000
vt -0.000000 -10.202696 0.000000
vt -0.500000 -9.275178 0.000000
vt -0.000000 -9.275178 0.000000
vt -0.500000 -8.347660 0.000000
vt -0.000000 -8.347660 0.000000
vt -0.500000 -7.420143 0.000000
vt -0.000000 -7.420143 0.000000
vt -0.500000 -6.492625 0.000000
vt -0.000000 -6.492625 0.000000
vt -0.500000 -5.565107 0.000000
vt -0.000000 -5.565107 0.000000
vt -0.500000 -4.637589 0.000000
vt -0.000000 -4.637589 0.000000
vt -0.500000 -3.710071 0.000000
vt -0.000000 -3.710071 0.000000
vt -0.500000 -2.782553 0.000000
vt -0.000000 -2.782553 0.000000
vt -0.500000 -1.855036 0.000000
vt -0.000000 -1.855036 0.000000
vt -0.500000 -0.927518 0.000000
vt -0.000000 -0.927518 0.000000
vt -0.500000 0.000000 0.000000
vt -0.000000 0.000000 0.000000
vt -0.500000 0.927518 0.000000
vt -0.000000 0.927518 0.000000
vt -0.500000 1.855036 0.000000
vt -0.000000 1.855036 0.000000
vt -0.500000 2.782553 0.000000
vt -0.000000 2.782553 0.000000
vt -0.500000 3.710071 0.000000
vt -0.000000 3.710071 0.000000
vt -0.500000 4.637589 0.000000
vt -0.000000 4.637589 0.000000
vt -0.500000 5.565107 0.000000
vt -0.000000 5.565107 0.000000
vt -0.500000 6.492625 0.000000
vt -0.000000 6.492625 0.000000
vt -0.500000 7.420143 0.000000
vt -0.000000 7.420143 0.000000
vt -0.500000 8.347660 0.000000
vt -0.000000 8.347660 0.000000
vt -0.500000 9.275178 0.000000
vt -0.000000 9.275178 0.000000
vt -0.500000 10.202696 0.000000
vt 0.000000 10.202696 0.000000
vt -0.500000 11.130214 0.000000
vt 0.000000 11.130214 0.000000
vt -0.500000 12.057732 0.000000
vt 0.000000 12.057732 0.000000
vt -0.500000 12.985250 0.000000
vt -0.000000 12.985250 0.000000
vt -0.500000 13.912767 0.000000
vt 0.000000 13.912767 0.000000
vt -0.500000 14.840285 0.000000
vt 0.000000 14.840285 0.000000
vt -0.500000 15.767803 0.000000
vt 0.000000 15.767803 0.000000
vt -0.500000 16.695321 0.000000
vt 0.000000 16.695321 0.000000
vt -0.500000 17.622839 0.000000
vt -0.000000 17.622839 0.000000
vt -6.130751 -0.924062 0.000000
vt 6.130751 -0.924062 0.000000
vt -6.200000 -0.000000 0.000000
vt 6.200000 0.000000 0.000000
vt -6.130751 0.924062 0.000000
vt 6.130751 0.924062 0.000000
vt -5.924551 1.827482 0.000000
vt 5.924551 1.827482 0.000000
vt -5.586007 2.690079 0.000000
vt 5.586007 2.690079 0.000000
vt -5.122680 3.492584 0.000000
vt 5.122680 3.492584 0.000000
vt -4.544922 4.217071 0.000000
vt 4.544922 4.217071 0.000000
vt -3.865637 4.847355 0.000000
vt 3.865637 4.847355 0.000000
vt -3.100000 5.369358 0.000000
vt 3.100000 5.369358 0.000000
vt -2.265114 5.771417 0.000000
vt 2.265114 5.771417 0.000000
vt -1.379630 6.044553 0.000000
vt 1.379630 6.044553 0.000000
vt -0.463327 6.182664 0.000000
vt 0.463327 6.182664 0.000000
vt 5.924551 -1.827482 0.000000
vt -5.924551 -1.827482 0.000000
vt 5.586007 -2.690079 0.000000
vt -5.586007 -2.690079 0.000000
vt 5.122680 -3.492584 0.000000
vt -5.122680 -3.492584 0.000000
vt 4.544922 -4.217071 0.000000
vt -4.544922 -4.217071 0.000000
vt 3.865637 -4.847355 0.000000
vt -3.865637 -4.847355 0.000000
vt 3.100000 -5.369358 0.000000
vt -3.100000 -5.369358 0.000000
vt 2.265114 -5.771417 0.000000
vt -2.265114 -5.771417 0.000000
vt 1.379630 -6.044553 0.000000
vt -1.379630 -6.044553 0.000000
vt 0.463327 -6.182664 0.000000
vt -0.463327 -6.182664 0.000000
vt 6.130751 0.924062 0.000000
vt -6.130751 0.924062 0.000000
vt 6.200000 -0.000000 0.000000
vt -6.200000 0.000000 0.000000
vt 6.130751 -0.924062 0.000000
vt -6.130751 -0.924062 0.000000
vt 5.924551 -1.827482 0.000000
vt -5.924551 -1.827482 0.000000
vt 5.586007 -2.690079 0.000000
vt -5.586007 -2.690079 0.000000
vt 5.122680 -3.492584 0.000000
vt -5.122680 -3.492584 0.000000
vt 4.544922 -4.217071 0.000000
vt -4.544922 -4.217071 0.000000
vt 3.865637 -4.847355 0.000000
vt -3.865637 -4.847355 0.000000
vt 3.100000 -5.369358 0.000000
vt -3.100000 -5.369358 0.000000
vt 2.265114 -5.771417 0.000000
vt -2.265114 -5.771417 0.000000
vt 1.379630 -6.044553 0.000000
vt -1.379630 -6.044553 0.000000
vt 0.463327 -6.182664 0.000000
vt -0.463327 -6.182664 0.000000
vt -5.924551 1.827482 0.000000
vt 5.924551 1.827482 0.000000
vt -5.586007 2.690079 0.000000
vt 5.586007 2.690079 0.000000
vt -5.122680 3.492584 0.000000
vt 5.122680 3.492584 0.000000
vt -4.544922 4.217071 0.000000
vt 4.544922 4.217071 0.000000
vt -3.865637 4.847355 0.000000
vt 3.865637 4.847355 0.000000
vt -3.100000 5.369358 0.000000
vt 3.100000 5.369358 0.000000
vt -2.265114 5.771417 0.000000
vt 2.265114 5.771417 0.000000
vt -1.379630 6.044553 0.000000
vt 1.379630 6.044553 0.000000
vt -0.463327 6.182664 0.000000
vt 0.463327 6.182664 0.000000
vn -0.988831 -0.149042 -0.000000
vn -0.988831 -0.149042 -0.000000
vn -1.000000 -0.000000 -0.000000
vn -1.000000 -0.000000 -0.000000
vn -0.988831 0.149042 -0.000000
vn -0.988831 0.149042 -0.000000
vn -0.955573 0.294755 -0.000000
vn -0.955573 0.294755 -0.000000
vn -0.900969 0.433884 -0.000000
vn -0.900969 0.433884 -0.000000
vn -0.826239 0.563320 -0.000000
vn -0.826239 0.563320 -0.000000
vn -0.733052 0.680173 -0.000000
vn -0.733052 0.680173 -0.000000
vn -0.623490 0.781831 -0.000000
vn -0.623490 0.781831 -0.000000
vn -0.500000 0.866025 -0.000000
vn -0.500000 0.866025 -0.000000
vn -0.365341 0.930874 -0.000000
vn -0.365341 0.930874 -0.000000
vn -0.222521 0.974928 -0.000000
vn -0.222521 0.974928 -0.000000
vn -0.074730 0.997204 -0.000000
vn -0.074730 0.997204 -0.000000
vn 0.074730 0.997204 0.000000
vn 0.074730 0.997204 0.000000
vn 0.222521 0.974928 0.000000
vn 0.222521 0.974928 0.000000
vn 0.365341 0.930874 0.000000
vn 0.365341 0.930874 0.000000
vn 0.500000 0.866025 0.000000
vn 0.500000 0.866025 0.000000
vn 0.623490 0.781831 0.000000
vn 0.623490 0.781831 0.000000
vn 0.733052 0.680173 0.000000
vn 0.733052 0.680173 0.000000
vn 0.826239 0.563320 0.000000
vn 0.826239 0.563320 0.000000
vn 0.900969 0.433884 0.000000
vn 0.900969 0.433884 0.000000
vn 0.955573 0.294755 0.000000
vn 0.955573 0.294755 0.000000
vn 0.988831 0.149042 0.000000
vn 0.988831 0.149042 0.000000
vn 1.000000 0.000000 0.000000
vn 1.000000 0.000000 0.000000
vn 0.988831 -0.149042 -0.000000
vn 0.988831 -0.149042 -0.000000
vn 0.955573 -0.294755 -0.000000
vn 0.955573 -0.294755 -0.000000
vn 0.900969 -0.433884 -0.000000
vn 0.900969 -0.433884 -0.000000
vn 0.826239 -0.563320 -0.000000
vn 0.826239 -0.563320 -0.000000
vn 0.733052 -0.680173 -0.000000
vn 0.733052 -0.680173 -0.000000
vn 0.623490 -0.781831 -0.000000
vn 0.623490 -0.781831 -0.000000
vn 0.500000 -0.866025 -0.000000
vn 0.500000 -0.866025 -0.000000
vn 0.365341 -0.930874 -0.000000
vn 0.365341 -0.930874 -0.000000
vn 0.222521 -0.974928 -0.000000
vn 0.222521 -0.974928 -0.000000
vn 0.074730 -0.997204 -0.000000
vn 0.074730 -0.997204 -0.000000
vn -0.074730 -0.997204 -0.000000
vn -0.074730 -0.997204 -0.000000
vn -0.222521 -0.974928 -0.000000
vn -0.222521 -0.974928 -0.000000
vn -0.365341 -0.930874 -0.000000
vn -0.365341 -0.930874 -0.000000
vn -0.500000 -0.866025 -0.000000
vn -0.500000 -0.866025 -0.000000
vn -0.623490 -0.781831 -0.000000
vn -0.623490 -0.781831 -0.000000
vn -0.733052 -0.680173 -0.000000
vn -0.733052 -0.680173 -0.000000
vn -0.826239 -0.563320 -0.000000
vn -0.826239 -0.563320 -0.000000
vn -0.900969 -0.433884 -0.000000
vn -0.900969 -0.433884 -0.000000
vn -0.955573 -0.294755 -0.000000
vn -0.955573 -0.294755 -0.000000
vn 0.000000 0.000000 -1.000000
vn 0.000000 0.000000 -1.000000
vn 0.000000 0.000000 -1.000000
vn 0.000000 0.000000 -1.000000
vn 0.000000 0.000000 -1.000000
vn 0.000000 0.000000 -1.000000
vn 0.000000 0.000000 -1.000000
vn 0.000000 0.000000 -1.000000
vn 0.000000 0.000000 -1.000000
vn 0.000000 0.000000 -1.000000
vn 0.000000 0.000000 -1.000000
vn 0.000000 0.000000 -1.000000
vn 0.000000 0.000000 -1.000000
vn 0.000000 0.000000 -1.000000
vn 0.000000 0.000000 -1.000000
vn 0.000000 0.000000 -1.000000
vn 0.000000 0.000000 -1.000000
vn 0.000000 0.000000 -1.000000
vn 0.000000 0.000000 -1.000000
vn 0.000000 0.000000 -1.000000
vn 0.000000 0.000000 -1.000000
vn 0.000000 0.000000 -1.000000
vn 0.000000 0.000000 -1.000000
vn 0.000000 0.000000 -1.000000
vn 0.000000 0.000000 -1.000000
vn 0.000000 0.000000 -1.000000
vn 0.000000 0.000000 -1.000000
vn 0.000000 0.000000 -1.000000
vn 0.000000 0.000000 -1.000000
vn 0.000000 0.000000 -1.000000
vn 0.000000 0.000000 -1.000000
vn 0.000000 0.000000 -1.000000
vn 0.000000 0.000000 -1.000000
vn 0.000000 0.000000 -1.000000
vn 0.000000 0.000000 -1.000000
vn 0.000000 0.000000 -1.000000
vn 0.000000 0.000000 -1.000000
vn 0.000000 0.000000 -1.000000
vn 0.000000 0.000000 -1.000000
vn 0.000000 0.000000 -1.000000
vn 0.000000 0.000000 -1.000000
vn 0.000000 0.000000 -1.000000
vn -0.000000 -0.000000 1.000000
vn -0.000000 -0.000000 1.000000
vn -0.000000 -0.000000 1.000000
vn -0.000000 -0.000000 1.000000
vn -0.000000 -0.000000 1.000000
vn -0.000000 -0.000000 1.000000
vn -0.000000 -0.000000 1.000000
vn -0.000000 -0.000000 1.000000
vn -0.000000 -0.000000 1.000000
vn -0.000000 -0.000000 1.000000
vn -0.000000 -0.000000 1.000000
vn -0.000000 -0.000000 1.000000
vn -0.000000 -0.000000 1.000000
vn -0.000000 -0.000000 1.000000
vn -0.000000 -0.000000 1.000000
vn -0.000000 -0.000000 1.000000
vn -0.000000 -0.000000 1.000000
vn -0.000000 -0.000000 1.000000
vn -0.000000 -0.000000 1.000000
vn -0.000000 -0.000000 1.000000
vn -0.000000 -0.000000 1.000000
vn -0.000000 -0.000000 1.000000
vn -0.000000 -0.000000 1.000000
vn -0.000000 -0.000000 1.000000
vn -0.000000 -0.000000 1.000000
vn -0.000000 -0.000000 1.000000
vn -0.000000 -0.000000 1.000000
vn -0.000000 -0.000000 1.000000
vn -0.000000 -0.000000 1.000000
vn -0.000000 -0.000000 1.000000
vn -0.000000 -0.000000 1.000000
vn -0.000000 -0.000000 1.000000
vn -0.000000 -0.000000 1.000000
vn -0.000000 -0.000000 1.000000
vn -0.000000 -0.000000 1.000000
vn -0.000000 -0.000000 1.000000
vn -0.000000 -0.000000 1.000000
vn -0.000000 -0.000000 1.000000
vn -0.000000 -0.000000 1.000000
vn -0.000000 -0.000000 1.000000
vn -0.000000 -0.000000 1.000000
vn -0.000000 -0.000000 1.000000
usemtl Çelik_-_Saten
f 1735/2539/2475 1817/2540/2476 1734/2541/2477
f 1734/2541/2477 1817/2540/2476 1776/2542/2478
f 1734/2543/2477 1776/2544/2478 1775/2545/2479
f 1775/2545/2479 1776/2544/2478 1777/2546/2480
f 1775/2545/2479 1777/2546/2480 1774/2547/2481
f 1774/2547/2481 1777/2546/2480 1778/2548/2482
f 1774/2547/2481 1778/2548/2482 1773/2549/2483
f 1773/2549/2483 1778/2548/2482 1779/2550/2484
f 1773/2549/2483 1779/2550/2484 1772/2551/2485
f 1772/2551/2485 1779/2550/2484 1780/2552/2486
f 1772/2551/2485 1780/2552/2486 1771/2553/2487
f 1771/2553/2487 1780/2552/2486 1781/2554/2488
f 1771/2553/2487 1781/2554/2488 1770/2555/2489
f 1770/2555/2489 1781/2554/2488 1782/2556/2490
f 1770/2555/2489 1782/2556/2490 1769/2557/2491
f 1769/2557/2491 1782/2556/2490 1783/2558/2492
f 1769/2557/2491 1783/2558/2492 1768/2559/2493
f 1768/2559/2493 1783/2558/2492 1784/2560/2494
f 1768/2559/2493 1784/2560/2494 1767/2561/2495
f 1767/2561/2495 1784/2560/2494 1785/2562/2496
f 1767/2561/2495 1785/2562/2496 1766/2563/2497
f 1766/2563/2497 1785/2562/2496 1786/2564/2498
f 1766/2563/2497 1786/2564/2498 1765/2565/2499
f 1765/2565/2499 1786/2564/2498 1787/2566/2500
f 1765/2565/2499 1787/2566/2500 1764/2567/2501
f 1764/2567/2501 1787/2566/2500 1788/2568/2502
f 1764/2567/2501 1788/2568/2502 1763/2569/2503
f 1763/2569/2503 1788/2568/2502 1789/2570/2504
f 1763/2569/2503 1789/2570/2504 1762/2571/2505
f 1762/2571/2505 1789/2570/2504 1790/2572/2506
f 1762/2571/2505 1790/2572/2506 1761/2573/2507
f 1761/2573/2507 1790/2572/2506 1791/2574/2508
f 1761/2573/2507 1791/2574/2508 1760/2575/2509
f 1760/2575/2509 1791/2574/2508 1792/2576/2510
f 1760/2575/2509 1792/2576/2510 1759/2577/2511
f 1759/2577/2511 1792/2576/2510 1793/2578/2512
f 1759/2577/2511 1793/2578/2512 1758/2579/2513
f 1758/2579/2513 1793/2578/2512 1794/2580/2514
f 1758/2579/2513 1794/2580/2514 1757/2581/2515
f 1757/2581/2515 1794/2580/2514 1795/2582/2516
f 1757/2581/2515 1795/2582/2516 1756/2583/2517
f 1756/2583/2517 1795/2582/2516 1796/2584/2518
f 1756/2583/2517 1796/2584/2518 1755/2585/2519
f 1755/2585/2519 1796/2584/2518 1797/2586/2520
f 1755/2585/2519 1797/2586/2520 1754/2587/2521
f 1754/2587/2521 1797/2586/2520 1798/2588/2522
f 1754/2587/2521 1798/2588/2522 1753/2589/2523
f 1753/2589/2523 1798/2588/2522 1799/2590/2524
f 1753/2589/2523 1799/2590/2524 1752/2591/2525
f 1752/2591/2525 1799/2590/2524 1800/2592/2526
f 1752/2591/2525 1800/2592/2526 1751/2593/2527
f 1751/2593/2527 1800/2592/2526 1801/2594/2528
f 1751/2593/2527 1801/2594/2528 1750/2595/2529
f 1750/2595/2529 1801/2594/2528 1802/2596/2530
f 1750/2595/2529 1802/2596/2530 1749/2597/2531
f 1749/2597/2531 1802/2596/2530 1803/2598/2532
f 1749/2597/2531 1803/2598/2532 1748/2599/2533
f 1748/2599/2533 1803/2598/2532 1804/2600/2534
f 1748/2599/2533 1804/2600/2534 1747/2601/2535
f 1747/2601/2535 1804/2600/2534 1805/2602/2536
f 1747/2601/2535 1805/2602/2536 1746/2603/2537
f 1746/2603/2537 1805/2602/2536 1806/2604/2538
f 1746/2603/2537 1806/2604/2538 1745/2605/2539
f 1745/2605/2539 1806/2604/2538 1807/2606/2540
f 1745/2605/2539 1807/2606/2540 1744/2607/2541
f 1744/2607/2541 1807/2606/2540 1808/2608/2542
f 1744/2607/2541 1808/2608/2542 1743/2609/2543
f 1743/2609/2543 1808/2608/2542 1809/2610/2544
f 1743/2609/2543 1809/2610/2544 1742/2611/2545
f 1742/2611/2545 1809/2610/2544 1810/2612/2546
f 1742/2611/2545 1810/2612/2546 1741/2613/2547
f 1741/2613/2547 1810/2612/2546 1811/2614/2548
f 1741/2613/2547 1811/2614/2548 1740/2615/2549
f 1740/2615/2549 1811/2614/2548 1812/2616/2550
f 1740/2615/2549 1812/2616/2550 1739/2617/2551
f 1739/2617/2551 1812/2616/2550 1813/2618/2552
f 1739/2617/2551 1813/2618/2552 1738/2619/2553
f 1738/2619/2553 1813/2618/2552 1814/2620/2554
f 1738/2619/2553 1814/2620/2554 1737/2621/2555
f 1737/2621/2555 1814/2620/2554 1815/2622/2556
f 1737/2621/2555 1815/2622/2556 1736/2623/2557
f 1736/2623/2557 1815/2622/2556 1816/2624/2558
f 1736/2623/2557 1816/2624/2558 1735/2539/2475
f 1735/2539/2475 1816/2624/2558 1817/2540/2476
f 1775/2625/2559 1756/2626/2560 1734/2627/2561
f 1734/2627/2561 1756/2626/2560 1755/2628/2562
f 1734/2627/2561 1755/2628/2562 1735/2629/2563
f 1735/2629/2563 1755/2628/2562 1754/2630/2564
f 1735/2629/2563 1754/2630/2564 1736/2631/2565
f 1736/2631/2565 1754/2630/2564 1753/2632/2566
f 1736/2631/2565 1753/2632/2566 1737/2633/2567
f 1737/2633/2567 1753/2632/2566 1752/2634/2568
f 1737/2633/2567 1752/2634/2568 1738/2635/2569
f 1738/2635/2569 1752/2634/2568 1751/2636/2570
f 1738/2635/2569 1751/2636/2570 1739/2637/2571
f 1739/2637/2571 1751/2636/2570 1750/2638/2572
f 1739/2637/2571 1750/2638/2572 1740/2639/2573
f 1740/2639/2573 1750/2638/2572 1749/2640/2574
f 1740/2639/2573 1749/2640/2574 1741/2641/2575
f 1741/2641/2575 1749/2640/2574 1748/2642/2576
f 1741/2641/2575 1748/2642/2576 1742/2643/2577
f 1742/2643/2577 1748/2642/2576 1747/2644/2578
f 1742/2643/2577 1747/2644/2578 1743/2645/2579
f 1743/2645/2579 1747/2644/2578 1746/2646/2580
f 1743/2645/2579 1746/2646/2580 1744/2647/2581
f 1744/2647/2581 1746/2646/2580 1745/2648/2582
f 1756/2626/2560 1775/2625/2559 1757/2649/2583
f 1757/2649/2583 1775/2625/2559 1774/2650/2584
f 1757/2649/2583 1774/2650/2584 1758/2651/2585
f 1758/2651/2585 1774/2650/2584 1773/2652/2586
f 1758/2651/2585 1773/2652/2586 1759/2653/2587
f 1759/2653/2587 1773/2652/2586 1772/2654/2588
f 1759/2653/2587 1772/2654/2588 1760/2655/2589
f 1760/2655/2589 1772/2654/2588 1771/2656/2590
f 1760/2655/2589 1771/2656/2590 1761/2657/2591
f 1761/2657/2591 1771/2656/2590 1770/2658/2592
f 1761/2657/2591 1770/2658/2592 1762/2659/2593
f 1762/2659/2593 1770/2658/2592 1769/2660/2594
f 1762/2659/2593 1769/2660/2594 1763/2661/2595
f 1763/2661/2595 1769/2660/2594 1768/2662/2596
f 1763/2661/2595 1768/2662/2596 1764/2663/2597
f 1764/2663/2597 1768/2662/2596 1767/2664/2598
f 1764/2663/2597 1767/2664/2598 1765/2665/2599
f 1765/2665/2599 1767/2664/2598 1766/2666/2600
f 1817/2667/2601 1798/2668/2602 1776/2669/2603
f 1776/2669/2603 1798/2668/2602 1797/2670/2604
f 1776/2669/2603 1797/2670/2604 1777/2671/2605
f 1777/2671/2605 1797/2670/2604 1796/2672/2606
f 1777/2671/2605 1796/2672/2606 1778/2673/2607
f 1778/2673/2607 1796/2672/2606 1795/2674/2608
f 1778/2673/2607 1795/2674/2608 1779/2675/2609
f 1779/2675/2609 1795/2674/2608 1794/2676/2610
f 1779/2675/2609 1794/2676/2610 1780/2677/2611
f 1780/2677/2611 1794/2676/2610 1793/2678/2612
f 1780/2677/2611 1793/2678/2612 1781/2679/2613
f 1781/2679/2613 1793/2678/2612 1792/2680/2614
f 1781/2679/2613 1792/2680/2614 1782/2681/2615
f 1782/2681/2615 1792/2680/2614 1791/2682/2616
f 1782/2681/2615 1791/2682/2616 1783/2683/2617
f 1783/2683/2617 1791/2682/2616 1790/2684/2618
f 1783/2683/2617 1790/2684/2618 1784/2685/2619
f 1784/2685/2619 1790/2684/2618 1789/2686/2620
f 1784/2685/2619 1789/2686/2620 1785/2687/2621
f 1785/2687/2621 1789/2686/2620 1788/2688/2622
f 1785/2687/2621 1788/2688/2622 1786/2689/2623
f 1786/2689/2623 1788/2688/2622 1787/2690/2624
f 1798/2668/2602 1817/2667/2601 1799/2691/2625
f 1799/2691/2625 1817/2667/2601 1816/2692/2626
f 1799/2691/2625 1816/2692/2626 1800/2693/2627
f 1800/2693/2627 1816/2692/2626 1815/2694/2628
f 1800/2693/2627 1815/2694/2628 1801/2695/2629
f 1801/2695/2629 1815/2694/2628 1814/2696/2630
f 1801/2695/2629 1814/2696/2630 1802/2697/2631
f 1802/2697/2631 1814/2696/2630 1813/2698/2632
f 1802/2697/2631 1813/2698/2632 1803/2699/2633
f 1803/2699/2633 1813/2698/2632 1812/2700/2634
f 1803/2699/2633 1812/2700/2634 1804/2701/2635
f 1804/2701/2635 1812/2700/2634 1811/2702/2636
f 1804/2701/2635 1811/2702/2636 1805/2703/2637
f 1805/2703/2637 1811/2702/2636 1810/2704/2638
f 1805/2703/2637 1810/2704/2638 1806/2705/2639
f 1806/2705/2639 1810/2704/2638 1809/2706/2640
f 1806/2705/2639 1809/2706/2640 1807/2707/2641
f 1807/2707/2641 1809/2706/2640 1808/2708/2642
g Gövde5

v 15.250000 -0.150000 10.000000
v 15.250000 -0.150000 20.000000
v 10.750000 -0.150000 25.000000
v 6.250000 -0.150000 30.000000
v 6.250000 -0.150000 20.000000
v 6.250000 -0.150000 10.000000
v 6.250000 -0.150000 0.000000
v 10.750000 -0.150000 5.000000
v 15.250000 0.150000 20.000000
v 10.750000 0.150000 25.000000
v 6.250000 0.150000 30.000000
v 6.250000 0.150000 20.000000
v 6.250000 0.150000 10.000000
v 6.250000 0.150000 0.000000
v 10.750000 0.150000 5.000000
v 15.250000 0.150000 10.000000
vt 10.000000 0.000000 0.000000
vt 5.000000 4.500000 0.000000
vt 5.000000 -4.500000 0.000000
vt -5.000000 4.500000 0.000000
vt -5.000000 -4.500000 0.000000
vt -10.000000 0.000000 0.000000
vt -15.000000 -4.500000 0.000000
vt 15.000000 -4.500000 0.000000
vt 13.453624 0.150000 0.000000
vt 6.726812 0.150000 0.000000
vt 13.453624 -0.150000 0.000000
vt 6.726812 -0.150000 0.000000
vt 0.000000 0.150000 0.000000
vt 0.000000 -0.150000 0.000000
vt 30.000000 0.150000 0.000000
vt 20.000000 0.150000 0.000000
vt 30.000000 -0.150000 0.000000
vt 20.000000 -0.150000 0.000000
vt 10.000000 0.150000 0.000000
vt 10.000000 -0.150000 0.000000
vt 0.000000 0.150000 0.000000
vt 0.000000 -0.150000 0.000000
vt 13.453624 0.150000 0.000000
vt 6.726812 0.150000 0.000000
vt 13.453624 -0.150000 0.000000
vt 6.726812 -0.150000 0.000000
vt 0.000000 0.150000 0.000000
vt -0.000000 -0.150000 0.000000
vt 10.000000 0.150000 0.000000
vt 0.000000 0.150000 0.000000
vt 10.000000 -0.150000 0.000000
vt 0.000000 -0.150000 0.000000
vt 10.000000 0.000000 0.000000
vt 5.000000 4.500000 0.000000
vt 5.000000 -4.500000 0.000000
vt -5.000000 4.500000 0.000000
vt -5.000000 -4.500000 0.000000
vt -10.000000 0.000000 0.000000
vt -15.000000 -4.500000 0.000000
vt 15.000000 -4.500000 0.000000
vn 0.000000 -1.000000 0.000000
vn 0.000000 -1.000000 0.000000
vn 0.000000 -1.000000 0.000000
vn 0.000000 -1.000000 0.000000
vn 0.000000 -1.000000 0.000000
vn 0.000000 -1.000000 0.000000
vn 0.000000 -1.000000 0.000000
vn 0.000000 -1.000000 0.000000
vn 0.743294 -0.000000 0.668965
vn 0.743294 -0.000000 0.668965
vn 0.743294 -0.000000 0.668965
vn 0.743294 -0.000000 0.668965
vn 0.743294 -0.000000 0.668965
vn 0.743294 -0.000000 0.668965
vn -1.000000 0.000000 0.000000
vn -1.000000 0.000000 0.000000
vn -1.000000 0.000000 0.000000
vn -1.000000 0.000000 0.000000
vn -1.000000 0.000000 0.000000
vn -1.000000 0.000000 0.000000
vn -1.000000 0.000000 0.000000
vn -1.000000 0.000000 0.000000
vn 0.743294 0.000000 -0.668965
vn 0.743294 0.000000 -0.668965
vn 0.743294 0.000000 -0.668965
vn 0.743294 0.000000 -0.668965
vn 0.743294 0.000000 -0.668965
vn 0.743294 0.000000 -0.668965
vn 1.000000 -0.000000 0.000000
vn 1.000000 -0.000000 0.000000
vn 1.000000 -0.000000 0.000000
vn 1.000000 -0.000000 0.000000
vn 0.000000 1.000000 0.000000
vn 0.000000 1.000000 0.000000
vn 0.000000 1.000000 0.000000
vn 0.000000 1.000000 0.000000
vn 0.000000 1.000000 0.000000
vn 0.000000 1.000000 0.000000
vn 0.000000 1.000000 0.000000
vn 0.000000 1.000000 0.000000
usemtl Boya_-_Parlak_Emaye_(Siyah)
f 1825/2709/2643 1818/2710/2644 1823/2711/2645
f 1823/2711/2645 1818/2710/2644 1819/2712/2646
f 1823/2711/2645 1819/2712/2646 1822/2713/2647
f 1822/2713/2647 1819/2712/2646 1820/2714/2648
f 1822/2713/2647 1820/2714/2648 1821/2715/2649
f 1823/2711/2645 1824/2716/2650 1825/2709/2643
f 1826/2717/2651 1827/2718/2652 1819/2719/2653
f 1819/2719/2653 1827/2718/2652 1820/2720/2654
f 1820/2720/2654 1827/2718/2652 1828/2721/2655
f 1820/2720/2654 1828/2721/2655 1821/2722/2656
f 1828/2723/2657 1829/2724/2658 1821/2725/2659
f 1821/2725/2659 1829/2724/2658 1822/2726/2660
f 1822/2726/2660 1829/2724/2658 1830/2727/2661
f 1822/2726/2660 1830/2727/2661 1823/2728/2662
f 1823/2728/2662 1830/2727/2661 1831/2729/2663
f 1823/2728/2662 1831/2729/2663 1824/2730/2664
f 1831/2731/2665 1832/2732/2666 1824/2733/2667
f 1824/2733/2667 1832/2732/2666 1825/2734/2668
f 1825/2734/2668 1832/2732/2666 1833/2735/2669
f 1825/2734/2668 1833/2735/2669 1818/2736/2670
f 1833/2737/2671 1826/2738/2672 1818/2739/2673
f 1818/2739/2673 1826/2738/2672 1819/2740/2674
f 1827/2741/2675 1826/2742/2676 1829/2743/2677
f 1829/2743/2677 1826/2742/2676 1833/2744/2678
f 1829/2743/2677 1833/2744/2678 1830/2745/2679
f 1830/2745/2679 1833/2744/2678 1832/2746/2680
f 1830/2745/2679 1832/2746/2680 1831/2747/2681
f 1829/2743/2677 1828/2748/2682 1827/2741/2675
g Gövde6

v -0.150000 -15.250000 10.000000
v -0.150000 -15.250000 20.000000
v -0.150000 -10.750000 25.000000
v -0.150000 -6.250000 30.000000
v -0.150000 -6.250000 20.000000
v -0.150000 -6.250000 10.000000
v -0.150000 -6.250000 0.000000
v -0.150000 -10.750000 5.000000
v 0.150000 -15.250000 20.000000
v 0.150000 -10.750000 25.000000
v 0.150000 -6.250000 30.000000
v 0.150000 -6.250000 20.000000
v 0.150000 -6.250000 10.000000
v 0.150000 -6.250000 0.000000
v 0.150000 -10.750000 5.000000
v 0.150000 -15.250000 10.000000
vt 10.000000 0.000000 0.000000
vt 5.000000 4.500000 0.000000
vt 5.000000 -4.500000 0.000000
vt -5.000000 4.500000 0.000000
vt -5.000000 -4.500000 0.000000
vt -10.000000 0.000000 0.000000
vt -15.000000 -4.500000 0.000000
vt 15.000000 -4.500000 0.000000
vt 13.453624 0.150000 0.000000
vt 6.726812 0.150000 0.000000
vt 13.453624 -0.150000 0.000000
vt 6.726812 -0.150000 0.000000
vt 0.000000 0.150000 0.000000
vt -0.000000 -0.150000 0.000000
vt 30.000000 0.150000 0.000000
vt 20.000000 0.150000 0.000000
vt 30.000000 -0.150000 0.000000
vt 20.000000 -0.150000 0.000000
vt 10.000000 0.150000 0.000000
vt 10.000000 -0.150000 0.000000
vt 0.000000 0.150000 0.000000
vt 0.000000 -0.150000 0.000000
vt 13.453624 0.150000 0.000000
vt 6.726812 0.150000 0.000000
vt 13.453624 -0.150000 0.000000
vt 6.726812 -0.150000 0.000000
vt -0.000000 0.150000 0.000000
vt 0.000000 -0.150000 0.000000
vt 10.000000 0.150000 0.000000
vt 0.000000 0.150000 0.000000
vt 10.000000 -0.150000 0.000000
vt 0.000000 -0.150000 0.000000
vt 10.000000 0.000000 0.000000
vt 5.000000 4.500000 0.000000
vt 5.000000 -4.500000 0.000000
vt -5.000000 4.500000 0.000000
vt -5.000000 -4.500000 0.000000
vt -10.000000 0.000000 0.000000
vt -15.000000 -4.500000 0.000000
vt 15.000000 -4.500000 0.000000
vn -1.000000 -0.000000 0.000000
vn -1.000000 -0.000000 0.000000
vn -1.000000 -0.000000 0.000000
vn -1.000000 -0.000000 0.000000
vn -1.000000 -0.000000 0.000000
vn -1.000000 -0.000000 0.000000
vn -1.000000 -0.000000 0.000000
vn -1.000000 -0.000000 0.000000
vn 0.000000 -0.743294 0.668965
vn 0.000000 -0.743294 0.668965
vn 0.000000 -0.743294 0.668965
vn 0.000000 -0.743294 0.668965
vn 0.000000 -0.743294 0.668965
vn 0.000000 -0.743294 0.668965
vn -0.000000 1.000000 0.000000
vn -0.000000 1.000000 0.000000
vn -0.000000 1.000000 0.000000
vn -0.000000 1.000000 0.000000
vn -0.000000 1.000000 0.000000
vn -0.000000 1.000000 0.000000
vn -0.000000 1.000000 0.000000
vn -0.000000 1.000000 0.000000
vn 0.000000 -0.743294 -0.668965
vn 0.000000 -0.743294 -0.668965
vn 0.000000 -0.743294 -0.668965
vn 0.000000 -0.743294 -0.668965
vn 0.000000 -0.743294 -0.668965
vn 0.000000 -0.743294 -0.668965
vn 0.000000 -1.000000 0.000000
vn 0.000000 -1.000000 0.000000
vn 0.000000 -1.000000 0.000000
vn 0.000000 -1.000000 0.000000
vn 1.000000 0.000000 0.000000
vn 1.000000 0.000000 0.000000
vn 1.000000 0.000000 0.000000
vn 1.000000 0.000000 0.000000
vn 1.000000 0.000000 0.000000
vn 1.000000 0.000000 0.000000
vn 1.000000 0.000000 0.000000
vn 1.000000 0.000000 0.000000
f 1841/2749/2683 1834/2750/2684 1839/2751/2685
f 1839/2751/2685 1834/2750/2684 1835/2752/2686
f 1839/2751/2685 1835/2752/2686 1838/2753/2687
f 1838/2753/2687 1835/2752/2686 1836/2754/2688
f 1838/2753/2687 1836/2754/2688 1837/2755/2689
f 1839/2751/2685 1840/2756/2690 1841/2749/2683
f 1842/2757/2691 1843/2758/2692 1835/2759/2693
f 1835/2759/2693 1843/2758/2692 1836/2760/2694
f 1836/2760/2694 1843/2758/2692 1844/2761/2695
f 1836/2760/2694 1844/2761/2695 1837/2762/2696
f 1844/2763/2697 1845/2764/2698 1837/2765/2699
f 1837/2765/2699 1845/2764/2698 1838/2766/2700
f 1838/2766/2700 1845/2764/2698 1846/2767/2701
f 1838/2766/2700 1846/2767/2701 1839/2768/2702
f 1839/2768/2702 1846/2767/2701 1847/2769/2703
f 1839/2768/2702 1847/2769/2703 1840/2770/2704
f 1847/2771/2705 1848/2772/2706 1840/2773/2707
f 1840/2773/2707 1848/2772/2706 1841/2774/2708
f 1841/2774/2708 1848/2772/2706 1849/2775/2709
f 1841/2774/2708 1849/2775/2709 1834/2776/2710
f 1849/2777/2711 1842/2778/2712 1834/2779/2713
f 1834/2779/2713 1842/2778/2712 1835/2780/2714
f 1843/2781/2715 1842/2782/2716 1845/2783/2717
f 1845/2783/2717 1842/2782/2716 1849/2784/2718
f 1845/2783/2717 1849/2784/2718 1846/2785/2719
f 1846/2785/2719 1849/2784/2718 1848/2786/2720
f 1846/2785/2719 1848/2786/2720 1847/2787/2721
f 1845/2783/2717 1844/2788/2722 1843/2781/2715
g Gövde7

v -15.250000 0.150000 10.000000
v -15.250000 0.150000 20.000000
v -10.750000 0.150000 25.000000
v -6.250000 0.150000 30.000000
v -6.250000 0.150000 20.000000
v -6.250000 0.150000 10.000000
v -6.250000 0.150000 0.000000
v -10.750000 0.150000 5.000000
v -15.250000 -0.150000 20.000000
v -10.750000 -0.150000 25.000000
v -6.250000 -0.150000 30.000000
v -6.250000 -0.150000 20.000000
v -6.250000 -0.150000 10.000000
v -6.250000 -0.150000 0.000000
v -10.750000 -0.150000 5.000000
v -15.250000 -0.150000 10.000000
vt 10.000000 -0.000000 0.000000
vt 5.000000 4.500000 0.000000
vt 5.000000 -4.500000 0.000000
vt -5.000000 4.500000 0.000000
vt -5.000000 -4.500000 0.000000
vt -10.000000 0.000000 0.000000
vt -15.000000 -4.500000 0.000000
vt 15.000000 -4.500000 0.000000
vt 13.453624 0.150000 0.000000
vt 6.726812 0.150000 0.000000
vt 13.453624 -0.150000 0.000000
vt 6.726812 -0.150000 0.000000
vt 0.000000 0.150000 0.000000
vt -0.000000 -0.150000 0.000000
vt 30.000000 0.150000 0.000000
vt 20.000000 0.150000 0.000000
vt 30.000000 -0.150000 0.000000
vt 20.000000 -0.150000 0.000000
vt 10.000000 0.150000 0.000000
vt 10.000000 -0.150000 0.000000
vt 0.000000 0.150000 0.000000
vt 0.000000 -0.150000 0.000000
vt 13.453624 0.150000 0.000000
vt 6.726812 0.150000 0.000000
vt 13.453624 -0.150000 0.000000
vt 6.726812 -0.150000 0.000000
vt -0.000000 0.150000 0.000000
vt 0.000000 -0.150000 0.000000
vt 10.000000 0.150000 0.000000
vt 0.000000 0.150000 0.000000
vt 10.000000 -0.150000 0.000000
vt 0.000000 -0.150000 0.000000
vt 10.000000 0.000000 0.000000
vt 5.000000 4.500000 0.000000
vt 5.000000 -4.500000 0.000000
vt -5.000000 4.500000 0.000000
vt -5.000000 -4.500000 0.000000
vt -10.000000 -0.000000 0.000000
vt -15.000000 -4.500000 0.000000
vt 15.000000 -4.500000 0.000000
vn -0.000000 1.000000 0.000000
vn -0.000000 1.000000 0.000000
vn -0.000000 1.000000 0.000000
vn -0.000000 1.000000 0.000000
vn -0.000000 1.000000 0.000000
vn -0.000000 1.000000 0.000000
vn -0.000000 1.000000 0.000000
vn -0.000000 1.000000 0.000000
vn -0.743294 -0.000000 0.668965
vn -0.743294 -0.000000 0.668965
vn -0.743294 -0.000000 0.668965
vn -0.743294 -0.000000 0.668965
vn -0.743294 -0.000000 0.668965
vn -0.743294 -0.000000 0.668965
vn 1.000000 0.000000 0.000000
vn 1.000000 0.000000 0.000000
vn 1.000000 0.000000 0.000000
vn 1.000000 0.000000 0.000000
vn 1.000000 0.000000 0.000000
vn 1.000000 0.000000 0.000000
vn 1.000000 0.000000 0.000000
vn 1.000000 0.000000 0.000000
vn -0.743294 -0.000000 -0.668965
vn -0.743294 -0.000000 -0.668965
vn -0.743294 -0.000000 -0.668965
vn -0.743294 -0.000000 -0.668965
vn -0.743294 -0.000000 -0.668965
vn -0.743294 -0.000000 -0.668965
vn -1.000000 -0.000000 0.000000
vn -1.000000 -0.000000 0.000000
vn -1.000000 -0.000000 0.000000
vn -1.000000 -0.000000 0.000000
vn 0.000000 -1.000000 0.000000
vn 0.000000 -1.000000 0.000000
vn 0.000000 -1.000000 0.000000
vn 0.000000 -1.000000 0.000000
vn 0.000000 -1.000000 0.000000
vn 0.000000 -1.000000 0.000000
vn 0.000000 -1.000000 0.000000
vn 0.000000 -1.000000 0.000000
f 1857/2789/2723 1850/2790/2724 1855/2791/2725
f 1855/2791/2725 1850/2790/2724 1851/2792/2726
f 1855/2791/2725 1851/2792/2726 1854/2793/2727
f 1854/2793/2727 1851/2792/2726 1852/2794/2728
f 1854/2793/2727 1852/2794/2728 1853/2795/2729
f 1855/2791/2725 1856/2796/2730 1857/2789/2723
f 1858/2797/2731 1859/2798/2732 1851/2799/2733
f 1851/2799/2733 1859/2798/2732 1852/2800/2734
f 1852/2800/2734 1859/2798/2732 1860/2801/2735
f 1852/2800/2734 1860/2801/2735 1853/2802/2736
f 1860/2803/2737 1861/2804/2738 1853/2805/2739
f 1853/2805/2739 1861/2804/2738 1854/2806/2740
f 1854/2806/2740 1861/2804/2738 1862/2807/2741
f 1854/2806/2740 1862/2807/2741 1855/2808/2742
f 1855/2808/2742 1862/2807/2741 1863/2809/2743
f 1855/2808/2742 1863/2809/2743 1856/2810/2744
f 1863/2811/2745 1864/2812/2746 1856/2813/2747
f 1856/2813/2747 1864/2812/2746 1857/2814/2748
f 1857/2814/2748 1864/2812/2746 1865/2815/2749
f 1857/2814/2748 1865/2815/2749 1850/2816/2750
f 1865/2817/2751 1858/2818/2752 1850/2819/2753
f 1850/2819/2753 1858/2818/2752 1851/2820/2754
f 1859/2821/2755 1858/2822/2756 1861/2823/2757
f 1861/2823/2757 1858/2822/2756 1865/2824/2758
f 1861/2823/2757 1865/2824/2758 1862/2825/2759
f 1862/2825/2759 1865/2824/2758 1864/2826/2760
f 1862/2825/2759 1864/2826/2760 1863/2827/2761
f 1861/2823/2757 1860/2828/2762 1859/2821/2755
g Gövde8

v 0.150000 15.250000 10.000000
v 0.150000 15.250000 20.000000
v 0.150000 10.750000 25.000000
v 0.150000 6.250000 30.000000
v 0.150000 6.250000 20.000000
v 0.150000 6.250000 10.000000
v 0.150000 6.250000 0.000000
v 0.150000 10.750000 5.000000
v -0.150000 15.250000 20.000000
v -0.150000 10.750000 25.000000
v -0.150000 6.250000 30.000000
v -0.150000 6.250000 20.000000
v -0.150000 6.250000 10.000000
v -0.150000 6.250000 0.000000
v -0.150000 10.750000 5.000000
v -0.150000 15.250000 10.000000
vt 10.000000 0.000000 0.000000
vt 5.000000 4.500000 0.000000
vt 5.000000 -4.500000 0.000000
vt -5.000000 4.500000 0.000000
vt -5.000000 -4.500000 0.000000
vt -10.000000 0.000000 0.000000
vt -15.000000 -4.500000 0.000000
vt 15.000000 -4.500000 0.000000
vt 13.453624 0.150000 0.000000
vt 6.726812 0.150000 0.000000
vt 13.453624 -0.150000 0.000000
vt 6.726812 -0.150000 0.000000
vt 0.000000 0.150000 0.000000
vt -0.000000 -0.150000 0.000000
vt 30.000000 0.150000 0.000000
vt 20.000000 0.150000 0.000000
vt 30.000000 -0.150000 0.000000
vt 20.000000 -0.150000 0.000000
vt 10.000000 0.150000 0.000000
vt 10.000000 -0.150000 0.000000
vt 0.000000 0.150000 0.000000
vt 0.000000 -0.150000 0.000000
vt 13.453624 0.150000 0.000000
vt 6.726812 0.150000 0.000000
vt 13.453624 -0.150000 0.000000
vt 6.726812 -0.150000 0.000000
vt -0.000000 0.150000 0.000000
vt 0.000000 -0.150000 0.000000
vt 10.000000 0.150000 0.000000
vt 0.000000 0.150000 0.000000
vt 10.000000 -0.150000 0.000000
vt 0.000000 -0.150000 0.000000
vt 10.000000 0.000000 0.000000
vt 5.000000 4.500000 0.000000
vt 5.000000 -4.500000 0.000000
vt -5.000000 4.500000 0.000000
vt -5.000000 -4.500000 0.000000
vt -10.000000 0.000000 0.000000
vt -15.000000 -4.500000 0.000000
vt 15.000000 -4.500000 0.000000
vn 1.000000 0.000000 0.000000
vn 1.000000 0.000000 0.000000
vn 1.000000 0.000000 0.000000
vn 1.000000 0.000000 0.000000
vn 1.000000 0.000000 0.000000
vn 1.000000 0.000000 0.000000
vn 1.000000 0.000000 0.000000
vn 1.000000 0.000000 0.000000
vn -0.000000 0.743294 0.668965
vn -0.000000 0.743294 0.668965
vn -0.000000 0.743294 0.668965
vn -0.000000 0.743294 0.668965
vn -0.000000 0.743294 0.668965
vn -0.000000 0.743294 0.668965
vn 0.000000 -1.000000 0.000000
vn 0.000000 -1.000000 0.000000
vn 0.000000 -1.000000 0.000000
vn 0.000000 -1.000000 0.000000
vn 0.000000 -1.000000 0.000000
vn 0.000000 -1.000000 0.000000
vn 0.000000 -1.000000 0.000000
vn 0.000000 -1.000000 0.000000
vn -0.000000 0.743294 -0.668965
vn -0.000000 0.743294 -0.668965
vn -0.000000 0.743294 -0.668965
vn -0.000000 0.743294 -0.668965
vn -0.000000 0.743294 -0.668965
vn -0.000000 0.743294 -0.668965
vn -0.000000 1.000000 0.000000
vn -0.000000 1.000000 0.000000
vn -0.000000 1.000000 0.000000
vn -0.000000 1.000000 0.000000
vn -1.000000 -0.000000 0.000000
vn -1.000000 -0.000000 0.000000
vn -1.000000 -0.000000 0.000000
vn -1.000000 -0.000000 0.000000
vn -1.000000 -0.000000 0.000000
vn -1.000000 -0.000000 0.000000
vn -1.000000 -0.000000 0.000000
vn -1.000000 -0.000000 0.000000
f 1873/2829/2763 1866/2830/2764 1871/2831/2765
f 1871/2831/2765 1866/2830/2764 1867/2832/2766
f 1871/2831/2765 1867/2832/2766 1870/2833/2767
f 1870/2833/2767 1867/2832/2766 1868/2834/2768
f 1870/2833/2767 1868/2834/2768 1869/2835/2769
f 1871/2831/2765 1872/2836/2770 1873/2829/2763
f 1874/2837/2771 1875/2838/2772 1867/2839/2773
f 1867/2839/2773 1875/2838/2772 1868/2840/2774
f 1868/2840/2774 1875/2838/2772 1876/2841/2775
f 1868/2840/2774 1876/2841/2775 1869/2842/2776
f 1876/2843/2777 1877/2844/2778 1869/2845/2779
f 1869/2845/2779 1877/2844/2778 1870/2846/2780
f 1870/2846/2780 1877/2844/2778 1878/2847/2781
f 1870/2846/2780 1878/2847/2781 1871/2848/2782
f 1871/2848/2782 1878/2847/2781 1879/2849/2783
f 1871/2848/2782 1879/2849/2783 1872/2850/2784
f 1879/2851/2785 1880/2852/2786 1872/2853/2787
f 1872/2853/2787 1880/2852/2786 1873/2854/2788
f 1873/2854/2788 1880/2852/2786 1881/2855/2789
f 1873/2854/2788 1881/2855/2789 1866/2856/2790
f 1881/2857/2791 1874/2858/2792 1866/2859/2793
f 1866/2859/2793 1874/2858/2792 1867/2860/2794
f 1875/2861/2795 1874/2862/2796 1877/2863/2797
f 1877/2863/2797 1874/2862/2796 1881/2864/2798
f 1877/2863/2797 1881/2864/2798 1878/2865/2799
f 1878/2865/2799 1881/2864/2798 1880/2866/2800
f 1878/2865/2799 1880/2866/2800 1879/2867/2801
f 1877/2863/2797 1876/2868/2802 1875/2861/2795
g Gövde10

v 3.889087 -4.596194 83.500000
v 3.896325 -4.588957 83.600649
v 3.917740 -4.567541 83.697178
v 3.952457 -4.532824 83.785634
v 3.999054 -4.486227 83.862396
v 4.055624 -4.429658 83.924322
v 4.119850 -4.365432 83.968876
v 4.189103 -4.296178 83.994234
v 4.260548 -4.224734 83.999358
v 4.331260 -4.154022 83.984039
v 4.398344 -4.086938 83.948902
v 4.459053 -4.026229 83.895388
v 4.510902 -3.974379 83.825686
v 4.551769 -3.933512 83.742651
v 4.579980 -3.905302 83.649682
v 4.594380 -3.890901 83.550584
v 4.594380 -3.890901 83.449416
v 4.579980 -3.905302 83.350318
v 4.551769 -3.933512 83.257349
v 4.510902 -3.974379 83.174314
v 4.459053 -4.026229 83.104612
v 4.398344 -4.086938 83.051098
v 4.331260 -4.154022 83.015961
v 4.260548 -4.224734 83.000642
v 4.189103 -4.296178 83.005766
v 4.119850 -4.365432 83.031124
v 4.055624 -4.429658 83.075678
v 3.999054 -4.486227 83.137604
v 3.952457 -4.532824 83.214366
v 3.917740 -4.567541 83.302822
v 3.896325 -4.588957 83.399351
v 4.949747 -5.656854 83.500000
v 4.956985 -5.649617 83.600649
v 4.978400 -5.628202 83.697178
v 5.013117 -5.593485 83.785634
v 5.059714 -5.546887 83.862396
v 5.116284 -5.490318 83.924322
v 5.180510 -5.426092 83.968876
v 5.249763 -5.356839 83.994234
v 5.321208 -5.285394 83.999358
v 5.391920 -5.214682 83.984039
v 5.459004 -5.147598 83.948902
v 5.519713 -5.086889 83.895388
v 5.571562 -5.035039 83.825686
v 5.612429 -4.994173 83.742651
v 5.640640 -4.965962 83.649682
v 5.655040 -4.951561 83.550584
v 5.655040 -4.951561 83.449416
v 5.640640 -4.965962 83.350318
v 5.612429 -4.994173 83.257349
v 5.571562 -5.035039 83.174314
v 5.519713 -5.086889 83.104612
v 5.459004 -5.147598 83.051098
v 5.391920 -5.214682 83.015961
v 5.321208 -5.285394 83.000642
v 5.249763 -5.356839 83.005766
v 5.180510 -5.426092 83.031124
v 5.116284 -5.490318 83.075678
v 5.059714 -5.546887 83.137604
v 5.013117 -5.593485 83.214366
v 4.978400 -5.628202 83.302822
v 4.956985 -5.649617 83.399351
v 4.737615 -5.444722 83.500000
v 4.744853 -5.437485 83.399351
v 4.766268 -5.416069 83.302822
v 4.800985 -5.381353 83.214366
v 4.847582 -5.334755 83.137604
v 4.904152 -5.278186 83.075678
v 4.968378 -5.213960 83.031124
v 5.037631 -5.144707 83.005766
v 5.109076 -5.073262 83.000642
v 5.179788 -5.002550 83.015961
v 5.246872 -4.935466 83.051098
v 5.307581 -4.874757 83.104612
v 5.359430 -4.822907 83.174314
v 5.400297 -4.782041 83.257349
v 5.428508 -4.753830 83.350318
v 5.442908 -4.739429 83.449416
v 5.442908 -4.739429 83.550584
v 5.428508 -4.753830 83.649682
v 5.400297 -4.782041 83.742651
v 5.359430 -4.822907 83.825686
v 5.307581 -4.874757 83.895388
v 5.246872 -4.935466 83.948902
v 5.179788 -5.002550 83.984039
v 5.109076 -5.073262 83.999358
v 5.037631 -5.144707 83.994234
v 4.968378 -5.213960 83.968876
v 4.904152 -5.278186 83.924322
v 4.847582 -5.334755 83.862396
v 4.800985 -5.381353 83.785634
v 4.766268 -5.416069 83.697178
v 4.744853 -5.437485 83.600649
v 4.914392 -5.267946 83.500516
v 4.920416 -5.261922 83.435811
v 4.938076 -5.244262 83.375516
v 4.966169 -5.216169 83.323739
v 5.002780 -5.179557 83.284009
v 5.045416 -5.136922 83.259034
v 5.091169 -5.091169 83.250516
v 5.136922 -5.045416 83.259034
v 5.179557 -5.002780 83.284009
v 5.216169 -4.966169 83.323739
v 5.244262 -4.938076 83.375516
v 5.261922 -4.920416 83.435811
v 5.267946 -4.914392 83.500516
v 5.261922 -4.920416 83.565221
v 5.244262 -4.938076 83.625516
v 5.216169 -4.966169 83.677292
v 5.179557 -5.002780 83.717022
v 5.136922 -5.045416 83.741997
v 5.091169 -5.091169 83.750516
v 5.045416 -5.136922 83.741997
v 5.002780 -5.179557 83.717022
v 4.966169 -5.216169 83.677292
v 4.938076 -5.244262 83.625516
v 4.920416 -5.261922 83.565221
v 4.772971 -5.126524 83.500516
v 4.778994 -5.120501 83.435811
v 4.796654 -5.102841 83.375516
v 4.824747 -5.074747 83.323739
v 4.861359 -5.038136 83.284009
v 4.903994 -4.995501 83.259034
v 4.949747 -4.949747 83.250516
v 4.995501 -4.903994 83.259034
v 5.038136 -4.861359 83.284009
v 5.074747 -4.824747 83.323739
v 5.102841 -4.796654 83.375516
v 5.120501 -4.778994 83.435811
v 5.126524 -4.772971 83.500516
v 5.120501 -4.778994 83.565221
v 5.102841 -4.796654 83.625516
v 5.074747 -4.824747 83.677292
v 5.038136 -4.861359 83.717022
v 4.995501 -4.903994 83.741997
v 4.949747 -4.949747 83.750516
v 4.903994 -4.995501 83.741997
v 4.861359 -5.038136 83.717022
v 4.824747 -5.074747 83.677292
v 4.796654 -5.102841 83.625516
v 4.778994 -5.120501 83.565221
v 4.596194 -5.303301 83.500000
v 4.603431 -5.296064 83.600649
v 4.624847 -5.274648 83.697178
v 4.659564 -5.239931 83.785634
v 4.706161 -5.193334 83.862396
v 4.762730 -5.136764 83.924322
v 4.826957 -5.072538 83.968876
v 4.896210 -5.003285 83.994234
v 4.967655 -4.931840 83.999358
v 5.038367 -4.861128 83.984039
v 5.105450 -4.794045 83.948902
v 5.166160 -4.733335 83.895388
v 5.218009 -4.681486 83.825686
v 5.258876 -4.640619 83.742651
v 5.287087 -4.612408 83.649682
v 5.301487 -4.598008 83.550584
v 5.301487 -4.598008 83.449416
v 5.287087 -4.612408 83.350318
v 5.258876 -4.640619 83.257349
v 5.218009 -4.681486 83.174314
v 5.166160 -4.733335 83.104612
v 5.105450 -4.794045 83.051098
v 5.038367 -4.861128 83.015961
v 4.967655 -4.931840 83.000642
v 4.896210 -5.003285 83.005766
v 4.826957 -5.072538 83.031124
v 4.762730 -5.136764 83.075678
v 4.706161 -5.193334 83.137604
v 4.659564 -5.239931 83.214366
v 4.624847 -5.274648 83.302822
v 4.603431 -5.296064 83.399351
vt 0.500000 0.000000 0.000000
vt 0.489765 0.100649 0.000000
vt 0.489765 -0.100649 0.000000
vt 0.459479 0.197178 0.000000
vt 0.459479 -0.197178 0.000000
vt 0.410382 0.285634 0.000000
vt 0.410382 -0.285634 0.000000
vt 0.344483 0.362396 0.000000
vt 0.344483 -0.362396 0.000000
vt 0.264482 0.424322 0.000000
vt 0.173653 0.468876 0.000000
vt 0.075714 0.494234 0.000000
vt -0.025325 0.499358 0.000000
vt -0.125326 0.484039 0.000000
vt -0.220197 0.448902 0.000000
vt -0.306053 0.395388 0.000000
vt -0.379379 0.325686 0.000000
vt -0.437173 0.242651 0.000000
vt -0.477070 0.149682 0.000000
vt -0.497435 0.050584 0.000000
vt -0.497435 -0.050584 0.000000
vt -0.477070 -0.149682 0.000000
vt 0.264482 -0.424322 0.000000
vt -0.437173 -0.242651 0.000000
vt -0.379379 -0.325686 0.000000
vt -0.306053 -0.395388 0.000000
vt -0.220197 -0.448902 0.000000
vt 0.173653 -0.468876 0.000000
vt -0.125326 -0.484039 0.000000
vt 0.075714 -0.494234 0.000000
vt -0.025325 -0.499358 0.000000
vt -0.300000 1.469455 0.000000
vt 0.000000 1.469455 0.000000
vt -0.300000 1.570796 0.000000
vt -0.000000 1.570796 0.000000
vt -0.300000 -1.570796 0.000000
vt -0.000000 -1.570796 0.000000
vt -0.300000 -1.469455 0.000000
vt 0.000000 -1.469455 0.000000
vt -0.300000 -1.368113 0.000000
vt -0.000000 -1.368113 0.000000
vt -0.300000 -1.266771 0.000000
vt -0.000000 -1.266771 0.000000
vt -0.300000 -1.165430 0.000000
vt -0.000000 -1.165430 0.000000
vt -0.300000 -1.064088 0.000000
vt -0.000000 -1.064088 0.000000
vt -0.300000 -0.962746 0.000000
vt -0.000000 -0.962746 0.000000
vt -0.300000 -0.861404 0.000000
vt -0.000000 -0.861404 0.000000
vt -0.300000 -0.760063 0.000000
vt 0.000000 -0.760063 0.000000
vt -0.300000 -0.658721 0.000000
vt -0.000000 -0.658721 0.000000
vt -0.300000 -0.557379 0.000000
vt 0.000000 -0.557379 0.000000
vt -0.300000 -0.456038 0.000000
vt 0.000000 -0.456038 0.000000
vt -0.300000 -0.354696 0.000000
vt 0.000000 -0.354696 0.000000
vt -0.300000 -0.253354 0.000000
vt 0.000000 -0.253354 0.000000
vt -0.300000 -0.152013 0.000000
vt 0.000000 -0.152013 0.000000
vt -0.300000 -0.050671 0.000000
vt 0.000000 -0.050671 0.000000
vt -0.300000 0.050671 0.000000
vt 0.000000 0.050671 0.000000
vt -0.300000 0.152013 0.000000
vt 0.000000 0.152013 0.000000
vt -0.300000 0.253354 0.000000
vt 0.000000 0.253354 0.000000
vt -0.300000 0.354696 0.000000
vt 0.000000 0.354696 0.000000
vt -0.300000 0.456038 0.000000
vt 0.000000 0.456038 0.000000
vt -0.300000 0.557379 0.000000
vt 0.000000 0.557379 0.000000
vt -0.300000 0.658721 0.000000
vt -0.000000 0.658721 0.000000
vt -0.300000 0.760063 0.000000
vt 0.000000 0.760063 0.000000
vt -0.300000 0.861404 0.000000
vt -0.000000 0.861404 0.000000
vt -0.300000 0.962746 0.000000
vt -0.000000 0.962746 0.000000
vt -0.300000 1.064088 0.000000
vt -0.000000 1.064088 0.000000
vt -0.300000 1.165430 0.000000
vt -0.000000 1.165430 0.000000
vt -0.300000 1.266771 0.000000
vt -0.000000 1.266771 0.000000
vt -0.300000 1.368113 0.000000
vt -0.000000 1.368113 0.000000
vt 0.241481 -0.064189 0.000000
vt 0.489765 -0.100649 0.000000
vt 0.250000 0.000516 0.000000
vt 0.500000 0.000000 0.000000
vt 0.489765 0.100649 0.000000
vt 0.459479 -0.197178 0.000000
vt 0.216506 -0.124484 0.000000
vt 0.410382 -0.285634 0.000000
vt 0.176777 -0.176261 0.000000
vt 0.344483 -0.362396 0.000000
vt 0.264482 -0.424322 0.000000
vt 0.125000 -0.215991 0.000000
vt 0.173653 -0.468876 0.000000
vt 0.064705 -0.240966 0.000000
vt 0.075714 -0.494234 0.000000
vt -0.000000 -0.249484 0.000000
vt -0.025325 -0.499358 0.000000
vt -0.064705 -0.240966 0.000000
vt -0.125326 -0.484039 0.000000
vt -0.220197 -0.448902 0.000000
vt -0.125000 -0.215991 0.000000
vt -0.306053 -0.395388 0.000000
vt -0.176777 -0.176261 0.000000
vt -0.379379 -0.325686 0.000000
vt -0.216506 -0.124484 0.000000
vt -0.437173 -0.242651 0.000000
vt -0.477070 -0.149682 0.000000
vt -0.241481 -0.064189 0.000000
vt -0.497435 -0.050584 0.000000
vt -0.250000 0.000516 0.000000
vt -0.497435 0.050584 0.000000
vt -0.241481 0.065221 0.000000
vt -0.477070 0.149682 0.000000
vt -0.216506 0.125516 0.000000
vt -0.437173 0.242651 0.000000
vt -0.379379 0.325686 0.000000
vt -0.176777 0.177292 0.000000
vt -0.306053 0.395388 0.000000
vt -0.125000 0.217022 0.000000
vt -0.220197 0.448902 0.000000
vt -0.064705 0.241997 0.000000
vt -0.125326 0.484039 0.000000
vt -0.025325 0.499358 0.000000
vt -0.000000 0.250516 0.000000
vt 0.075714 0.494234 0.000000
vt 0.064705 0.241997 0.000000
vt 0.173653 0.468876 0.000000
vt 0.125000 0.217022 0.000000
vt 0.264482 0.424322 0.000000
vt 0.176777 0.177292 0.000000
vt 0.344483 0.362396 0.000000
vt 0.410382 0.285634 0.000000
vt 0.216506 0.125516 0.000000
vt 0.459479 0.197178 0.000000
vt 0.241481 0.065221 0.000000
vt -0.200000 0.719948 0.000000
vt -0.000000 0.719948 0.000000
vt -0.200000 0.785398 0.000000
vt -0.000000 0.785398 0.000000
vt -0.200000 -0.785398 0.000000
vt -0.000000 -0.785398 0.000000
vt -0.200000 -0.719948 0.000000
vt -0.000000 -0.719948 0.000000
vt -0.200000 -0.654498 0.000000
vt -0.000000 -0.654498 0.000000
vt -0.200000 -0.589049 0.000000
vt -0.000000 -0.589049 0.000000
vt -0.200000 -0.523599 0.000000
vt -0.000000 -0.523599 0.000000
vt -0.200000 -0.458149 0.000000
vt -0.000000 -0.458149 0.000000
vt -0.200000 -0.392699 0.000000
vt -0.000000 -0.392699 0.000000
vt -0.200000 -0.327249 0.000000
vt 0.000000 -0.327249 0.000000
vt -0.200000 -0.261799 0.000000
vt 0.000000 -0.261799 0.000000
vt -0.200000 -0.196350 0.000000
vt 0.000000 -0.196350 0.000000
vt -0.200000 -0.130900 0.000000
vt 0.000000 -0.130900 0.000000
vt -0.200000 -0.065450 0.000000
vt 0.000000 -0.065450 0.000000
vt -0.200000 0.000000 0.000000
vt 0.000000 0.000000 0.000000
vt -0.200000 0.065450 0.000000
vt 0.000000 0.065450 0.000000
vt -0.200000 0.130900 0.000000
vt 0.000000 0.130900 0.000000
vt -0.200000 0.196350 0.000000
vt 0.000000 0.196350 0.000000
vt -0.200000 0.261799 0.000000
vt 0.000000 0.261799 0.000000
vt -0.200000 0.327249 0.000000
vt 0.000000 0.327249 0.000000
vt -0.200000 0.392699 0.000000
vt -0.000000 0.392699 0.000000
vt -0.200000 0.458149 0.000000
vt -0.000000 0.458149 0.000000
vt -0.200000 0.523599 0.000000
vt -0.000000 0.523599 0.000000
vt -0.200000 0.589049 0.000000
vt -0.000000 0.589049 0.000000
vt -0.200000 0.654498 0.000000
vt -0.000000 0.654498 0.000000
vt -0.500000 -0.000516 0.000000
vt -0.489765 -0.101165 0.000000
vt -0.489765 0.100133 0.000000
vt -0.459479 0.196662 0.000000
vt -0.459479 -0.197694 0.000000
vt -0.410382 0.285118 0.000000
vt -0.410382 -0.286150 0.000000
vt -0.344483 0.361881 0.000000
vt -0.344483 -0.362912 0.000000
vt -0.264482 0.423806 0.000000
vt -0.173653 0.468360 0.000000
vt -0.075714 0.493718 0.000000
vt 0.025325 0.498842 0.000000
vt 0.125326 0.483523 0.000000
vt 0.220197 0.448386 0.000000
vt 0.306053 0.394872 0.000000
vt 0.379379 0.325170 0.000000
vt 0.437173 0.242135 0.000000
vt 0.477070 0.149166 0.000000
vt 0.497435 0.050068 0.000000
vt 0.497435 -0.051100 0.000000
vt 0.477070 -0.150197 0.000000
vt -0.264482 -0.424838 0.000000
vt 0.437173 -0.243167 0.000000
vt 0.379379 -0.326202 0.000000
vt 0.306053 -0.395904 0.000000
vt 0.220197 -0.449418 0.000000
vt -0.173653 -0.469392 0.000000
vt 0.125326 -0.484554 0.000000
vt -0.075714 -0.494750 0.000000
vt 0.025325 -0.499874 0.000000
vt -6.000000 -1.469455 0.000000
vt -7.000000 -1.469455 0.000000
vt -6.000000 -1.570796 0.000000
vt -7.000000 -1.570796 0.000000
vt -6.000000 1.570796 0.000000
vt -7.000000 1.570796 0.000000
vt -6.000000 1.469455 0.000000
vt -7.000000 1.469455 0.000000
vt -6.000000 1.368113 0.000000
vt -7.000000 1.368113 0.000000
vt -6.000000 1.266771 0.000000
vt -7.000000 1.266771 0.000000
vt -6.000000 1.165430 0.000000
vt -7.000000 1.165430 0.000000
vt -6.000000 1.064088 0.000000
vt -7.000000 1.064088 0.000000
vt -6.000000 0.962746 0.000000
vt -7.000000 0.962746 0.000000
vt -6.000000 0.861404 0.000000
vt -7.000000 0.861404 0.000000
vt -6.000000 0.760063 0.000000
vt -7.000000 0.760063 0.000000
vt -6.000000 0.658721 0.000000
vt -7.000000 0.658721 0.000000
vt -6.000000 0.557379 0.000000
vt -7.000000 0.557379 0.000000
vt -6.000000 0.456038 0.000000
vt -7.000000 0.456038 0.000000
vt -6.000000 0.354696 0.000000
vt -7.000000 0.354696 0.000000
vt -6.000000 0.253354 0.000000
vt -7.000000 0.253354 0.000000
vt -6.000000 0.152013 0.000000
vt -7.000000 0.152013 0.000000
vt -6.000000 0.050671 0.000000
vt -7.000000 0.050671 0.000000
vt -6.000000 -0.050671 0.000000
vt -7.000000 -0.050671 0.000000
vt -6.000000 -0.152013 0.000000
vt -7.000000 -0.152013 0.000000
vt -6.000000 -0.253354 0.000000
vt -7.000000 -0.253354 0.000000
vt -6.000000 -0.354696 0.000000
vt -7.000000 -0.354696 0.000000
vt -6.000000 -0.456038 0.000000
vt -7.000000 -0.456038 0.000000
vt -6.000000 -0.557379 0.000000
vt -7.000000 -0.557379 0.000000
vt -6.000000 -0.658721 0.000000
vt -7.000000 -0.658721 0.000000
vt -6.000000 -0.760063 0.000000
vt -7.000000 -0.760063 0.000000
vt -6.000000 -0.861404 0.000000
vt -7.000000 -0.861404 0.000000
vt -6.000000 -0.962746 0.000000
vt -7.000000 -0.962746 0.000000
vt -6.000000 -1.064088 0.000000
vt -7.000000 -1.064088 0.000000
vt -6.000000 -1.165430 0.000000
vt -7.000000 -1.165430 0.000000
vt -6.000000 -1.266771 0.000000
vt -7.000000 -1.266771 0.000000
vt -6.000000 -1.368113 0.000000
vt -7.000000 -1.368113 0.000000
vt -0.241481 0.065221 0.000000
vt -0.489765 0.100649 0.000000
vt -0.250000 0.000516 0.000000
vt -0.500000 0.000000 0.000000
vt -0.489765 -0.100649 0.000000
vt -0.459479 0.197178 0.000000
vt -0.216506 0.125516 0.000000
vt -0.410382 0.285634 0.000000
vt -0.176777 0.177292 0.000000
vt -0.344483 0.362396 0.000000
vt -0.264482 0.424322 0.000000
vt -0.125000 0.217022 0.000000
vt -0.173653 0.468876 0.000000
vt -0.064705 0.241997 0.000000
vt -0.075714 0.494234 0.000000
vt 0.000000 0.250516 0.000000
vt 0.025325 0.499358 0.000000
vt 0.064705 0.241997 0.000000
vt 0.125326 0.484039 0.000000
vt 0.220197 0.448902 0.000000
vt 0.125000 0.217022 0.000000
vt 0.306053 0.395388 0.000000
vt 0.176777 0.177292 0.000000
vt 0.379379 0.325686 0.000000
vt 0.216506 0.125516 0.000000
vt 0.437173 0.242651 0.000000
vt 0.477070 0.149682 0.000000
vt 0.241481 0.065221 0.000000
vt 0.497435 0.050584 0.000000
vt 0.250000 0.000516 0.000000
vt 0.497435 -0.050584 0.000000
vt 0.241481 -0.064189 0.000000
vt 0.477070 -0.149682 0.000000
vt 0.216506 -0.124484 0.000000
vt 0.437173 -0.242651 0.000000
vt 0.379379 -0.325686 0.000000
vt 0.176777 -0.176261 0.000000
vt 0.306053 -0.395388 0.000000
vt 0.125000 -0.215991 0.000000
vt 0.220197 -0.448902 0.000000
vt 0.064705 -0.240966 0.000000
vt 0.125326 -0.484039 0.000000
vt 0.025325 -0.499358 0.000000
vt 0.000000 -0.249484 0.000000
vt -0.075714 -0.494234 0.000000
vt -0.064705 -0.240966 0.000000
vt -0.173653 -0.468876 0.000000
vt -0.125000 -0.215991 0.000000
vt -0.264482 -0.424322 0.000000
vt -0.176777 -0.176261 0.000000
vt -0.344483 -0.362396 0.000000
vt -0.410382 -0.285634 0.000000
vt -0.216506 -0.124484 0.000000
vt -0.459479 -0.197178 0.000000
vt -0.241481 -0.064189 0.000000
vn -0.707107 0.707107 -0.000000
vn -0.707107 0.707107 -0.000000
vn -0.707107 0.707107 -0.000000
vn -0.707107 0.707107 -0.000000
vn -0.707107 0.707107 -0.000000
vn -0.707107 0.707107 -0.000000
vn -0.707107 0.707107 -0.000000
vn -0.707107 0.707107 -0.000000
vn -0.707107 0.707107 -0.000000
vn -0.707107 0.707107 -0.000000
vn -0.707107 0.707107 -0.000000
vn -0.707107 0.707107 -0.000000
vn -0.707107 0.707107 -0.000000
vn -0.707107 0.707107 -0.000000
vn -0.707107 0.707107 -0.000000
vn -0.707107 0.707107 -0.000000
vn -0.707107 0.707107 -0.000000
vn -0.707107 0.707107 -0.000000
vn -0.707107 0.707107 -0.000000
vn -0.707107 0.707107 -0.000000
vn -0.707107 0.707107 -0.000000
vn -0.707107 0.707107 -0.000000
vn -0.707107 0.707107 -0.000000
vn -0.707107 0.707107 -0.000000
vn -0.707107 0.707107 -0.000000
vn -0.707107 0.707107 -0.000000
vn -0.707107 0.707107 -0.000000
vn -0.707107 0.707107 -0.000000
vn -0.707107 0.707107 -0.000000
vn -0.707107 0.707107 -0.000000
vn -0.707107 0.707107 -0.000000
vn -0.692632 -0.692632 0.201299
vn -0.692632 -0.692632 0.201299
vn -0.707107 -0.707107 0.000000
vn -0.707107 -0.707107 0.000000
vn -0.692632 -0.692632 -0.201299
vn -0.692632 -0.692632 -0.201299
vn -0.649801 -0.649801 -0.394356
vn -0.649801 -0.649801 -0.394356
vn -0.580367 -0.580367 -0.571268
vn -0.580367 -0.580367 -0.571268
vn -0.487173 -0.487173 -0.724793
vn -0.487173 -0.487173 -0.724793
vn -0.374034 -0.374034 -0.848644
vn -0.374034 -0.374034 -0.848644
vn -0.245582 -0.245582 -0.937752
vn -0.245582 -0.245582 -0.937752
vn -0.107076 -0.107076 -0.988468
vn -0.107076 -0.107076 -0.988468
vn 0.035814 0.035814 -0.998717
vn 0.035814 0.035814 -0.998717
vn 0.177238 0.177238 -0.968077
vn 0.177238 0.177238 -0.968077
vn 0.311406 0.311406 -0.897805
vn 0.311406 0.311406 -0.897805
vn 0.432824 0.432824 -0.790776
vn 0.432824 0.432824 -0.790776
vn 0.536523 0.536523 -0.651372
vn 0.536523 0.536523 -0.651372
vn 0.618256 0.618256 -0.485302
vn 0.618256 0.618256 -0.485302
vn 0.674678 0.674678 -0.299363
vn 0.674678 0.674678 -0.299363
vn 0.703479 0.703479 -0.101168
vn 0.703479 0.703479 -0.101168
vn 0.703479 0.703479 0.101168
vn 0.703479 0.703479 0.101168
vn 0.674678 0.674678 0.299363
vn 0.674678 0.674678 0.299363
vn 0.618256 0.618256 0.485302
vn 0.618256 0.618256 0.485302
vn 0.536523 0.536523 0.651372
vn 0.536523 0.536523 0.651372
vn 0.432824 0.432824 0.790776
vn 0.432824 0.432824 0.790776
vn 0.311406 0.311406 0.897805
vn 0.311406 0.311406 0.897805
vn 0.177238 0.177238 0.968077
vn 0.177238 0.177238 0.968077
vn 0.035814 0.035814 0.998717
vn 0.035814 0.035814 0.998717
vn -0.107076 -0.107076 0.988468
vn -0.107076 -0.107076 0.988468
vn -0.245582 -0.245582 0.937752
vn -0.245582 -0.245582 0.937752
vn -0.374034 -0.374034 0.848644
vn -0.374034 -0.374034 0.848644
vn -0.487173 -0.487173 0.724793
vn -0.487173 -0.487173 0.724793
vn -0.580367 -0.580367 0.571268
vn -0.580367 -0.580367 0.571268
vn -0.649801 -0.649801 0.394356
vn -0.649801 -0.649801 0.394356
vn -0.707107 0.707107 -0.000000
vn -0.707107 0.707107 -0.000000
vn -0.707107 0.707107 -0.000000
vn -0.707107 0.707107 -0.000000
vn -0.707107 0.707107 -0.000000
vn -0.707107 0.707107 -0.000000
vn -0.707107 0.707107 -0.000000
vn -0.707107 0.707107 -0.000000
vn -0.707107 0.707107 -0.000000
vn -0.707107 0.707107 -0.000000
vn -0.707107 0.707107 -0.000000
vn -0.707107 0.707107 -0.000000
vn -0.707107 0.707107 -0.000000
vn -0.707107 0.707107 -0.000000
vn -0.707107 0.707107 -0.000000
vn -0.707107 0.707107 -0.000000
vn -0.707107 0.707107 -0.000000
vn -0.707107 0.707107 -0.000000
vn -0.707107 0.707107 -0.000000
vn -0.707107 0.707107 -0.000000
vn -0.707107 0.707107 -0.000000
vn -0.707107 0.707107 -0.000000
vn -0.707107 0.707107 -0.000000
vn -0.707107 0.707107 -0.000000
vn -0.707107 0.707107 -0.000000
vn -0.707107 0.707107 -0.000000
vn -0.707107 0.707107 -0.000000
vn -0.707107 0.707107 -0.000000
vn -0.707107 0.707107 -0.000000
vn -0.707107 0.707107 -0.000000
vn -0.707107 0.707107 -0.000000
vn -0.707107 0.707107 -0.000000
vn -0.707107 0.707107 -0.000000
vn -0.707107 0.707107 -0.000000
vn -0.707107 0.707107 -0.000000
vn -0.707107 0.707107 -0.000000
vn -0.707107 0.707107 -0.000000
vn -0.707107 0.707107 -0.000000
vn -0.707107 0.707107 -0.000000
vn -0.707107 0.707107 -0.000000
vn -0.707107 0.707107 -0.000000
vn -0.707107 0.707107 -0.000000
vn -0.707107 0.707107 -0.000000
vn -0.707107 0.707107 -0.000000
vn -0.707107 0.707107 -0.000000
vn -0.707107 0.707107 -0.000000
vn -0.707107 0.707107 -0.000000
vn -0.707107 0.707107 -0.000000
vn -0.707107 0.707107 -0.000000
vn -0.707107 0.707107 -0.000000
vn -0.707107 0.707107 -0.000000
vn -0.707107 0.707107 -0.000000
vn -0.707107 0.707107 -0.000000
vn -0.707107 0.707107 -0.000000
vn -0.707107 0.707107 -0.000000
vn -0.683013 -0.683013 0.258819
vn -0.683013 -0.683013 0.258819
vn -0.707107 -0.707107 0.000000
vn -0.707107 -0.707107 0.000000
vn -0.683013 -0.683013 -0.258819
vn -0.683013 -0.683013 -0.258819
vn -0.612372 -0.612372 -0.500000
vn -0.612372 -0.612372 -0.500000
vn -0.500000 -0.500000 -0.707107
vn -0.500000 -0.500000 -0.707107
vn -0.353553 -0.353553 -0.866025
vn -0.353553 -0.353553 -0.866025
vn -0.183013 -0.183013 -0.965926
vn -0.183013 -0.183013 -0.965926
vn 0.000000 0.000000 -1.000000
vn 0.000000 0.000000 -1.000000
vn 0.183013 0.183013 -0.965926
vn 0.183013 0.183013 -0.965926
vn 0.353553 0.353553 -0.866025
vn 0.353553 0.353553 -0.866025
vn 0.500000 0.500000 -0.707107
vn 0.500000 0.500000 -0.707107
vn 0.612372 0.612372 -0.500000
vn 0.612372 0.612372 -0.500000
vn 0.683013 0.683013 -0.258819
vn 0.683013 0.683013 -0.258819
vn 0.707107 0.707107 -0.000000
vn 0.707107 0.707107 -0.000000
vn 0.683013 0.683013 0.258819
vn 0.683013 0.683013 0.258819
vn 0.612372 0.612372 0.500000
vn 0.612372 0.612372 0.500000
vn 0.500000 0.500000 0.707107
vn 0.500000 0.500000 0.707107
vn 0.353553 0.353553 0.866025
vn 0.353553 0.353553 0.866025
vn 0.183013 0.183013 0.965926
vn 0.183013 0.183013 0.965926
vn 0.000000 0.000000 1.000000
vn 0.000000 0.000000 1.000000
vn -0.183013 -0.183013 0.965926
vn -0.183013 -0.183013 0.965926
vn -0.353553 -0.353553 0.866025
vn -0.353553 -0.353553 0.866025
vn -0.500000 -0.500000 0.707107
vn -0.500000 -0.500000 0.707107
vn -0.612372 -0.612372 0.500000
vn -0.612372 -0.612372 0.500000
vn 0.707107 -0.707107 0.000000
vn 0.707107 -0.707107 0.000000
vn 0.707107 -0.707107 0.000000
vn 0.707107 -0.707107 0.000000
vn 0.707107 -0.707107 0.000000
vn 0.707107 -0.707107 0.000000
vn 0.707107 -0.707107 0.000000
vn 0.707107 -0.707107 0.000000
vn 0.707107 -0.707107 0.000000
vn 0.707107 -0.707107 0.000000
vn 0.707107 -0.707107 0.000000
vn 0.707107 -0.707107 0.000000
vn 0.707107 -0.707107 0.000000
vn 0.707107 -0.707107 0.000000
vn 0.707107 -0.707107 0.000000
vn 0.707107 -0.707107 0.000000
vn 0.707107 -0.707107 0.000000
vn 0.707107 -0.707107 0.000000
vn 0.707107 -0.707107 0.000000
vn 0.707107 -0.707107 0.000000
vn 0.707107 -0.707107 0.000000
vn 0.707107 -0.707107 0.000000
vn 0.707107 -0.707107 0.000000
vn 0.707107 -0.707107 0.000000
vn 0.707107 -0.707107 0.000000
vn 0.707107 -0.707107 0.000000
vn 0.707107 -0.707107 0.000000
vn 0.707107 -0.707107 0.000000
vn 0.707107 -0.707107 0.000000
vn 0.707107 -0.707107 0.000000
vn 0.707107 -0.707107 0.000000
vn -0.692632 -0.692632 -0.201299
vn -0.692632 -0.692632 -0.201299
vn -0.707107 -0.707107 -0.000000
vn -0.707107 -0.707107 -0.000000
vn -0.692632 -0.692632 0.201299
vn -0.692632 -0.692632 0.201299
vn -0.649801 -0.649801 0.394356
vn -0.649801 -0.649801 0.394356
vn -0.580367 -0.580367 0.571268
vn -0.580367 -0.580367 0.571268
vn -0.487173 -0.487173 0.724793
vn -0.487173 -0.487173 0.724793
vn -0.374034 -0.374034 0.848644
vn -0.374034 -0.374034 0.848644
vn -0.245582 -0.245582 0.937752
vn -0.245582 -0.245582 0.937752
vn -0.107076 -0.107076 0.988468
vn -0.107076 -0.107076 0.988468
vn 0.035814 0.035814 0.998717
vn 0.035814 0.035814 0.998717
vn 0.177238 0.177238 0.968077
vn 0.177238 0.177238 0.968077
vn 0.311406 0.311406 0.897805
vn 0.311406 0.311406 0.897805
vn 0.432824 0.432824 0.790776
vn 0.432824 0.432824 0.790776
vn 0.536523 0.536523 0.651372
vn 0.536523 0.536523 0.651372
vn 0.618256 0.618256 0.485302
vn 0.618256 0.618256 0.485302
vn 0.674678 0.674678 0.299363
vn 0.674678 0.674678 0.299363
vn 0.703479 0.703479 0.101168
vn 0.703479 0.703479 0.101168
vn 0.703479 0.703479 -0.101168
vn 0.703479 0.703479 -0.101168
vn 0.674678 0.674678 -0.299363
vn 0.674678 0.674678 -0.299363
vn 0.618256 0.618256 -0.485302
vn 0.618256 0.618256 -0.485302
vn 0.536523 0.536523 -0.651372
vn 0.536523 0.536523 -0.651372
vn 0.432824 0.432824 -0.790776
vn 0.432824 0.432824 -0.790776
vn 0.311406 0.311406 -0.897805
vn 0.311406 0.311406 -0.897805
vn 0.177238 0.177238 -0.968077
vn 0.177238 0.177238 -0.968077
vn 0.035814 0.035814 -0.998717
vn 0.035814 0.035814 -0.998717
vn -0.107076 -0.107076 -0.988468
vn -0.107076 -0.107076 -0.988468
vn -0.245582 -0.245582 -0.937752
vn -0.245582 -0.245582 -0.937752
vn -0.374034 -0.374034 -0.848644
vn -0.374034 -0.374034 -0.848644
vn -0.487173 -0.487173 -0.724793
vn -0.487173 -0.487173 -0.724793
vn -0.580367 -0.580367 -0.571268
vn -0.580367 -0.580367 -0.571268
vn -0.649801 -0.649801 -0.394356
vn -0.649801 -0.649801 -0.394356
vn 0.707107 -0.707107 0.000000
vn 0.707107 -0.707107 0.000000
vn 0.707107 -0.707107 0.000000
vn 0.707107 -0.707107 0.000000
vn 0.707107 -0.707107 0.000000
vn 0.707107 -0.707107 0.000000
vn 0.707107 -0.707107 0.000000
vn 0.707107 -0.707107 0.000000
vn 0.707107 -0.707107 0.000000
vn 0.707107 -0.707107 0.000000
vn 0.707107 -0.707107 0.000000
vn 0.707107 -0.707107 0.000000
vn 0.707107 -0.707107 0.000000
vn 0.707107 -0.707107 0.000000
vn 0.707107 -0.707107 0.000000
vn 0.707107 -0.707107 0.000000
vn 0.707107 -0.707107 0.000000
vn 0.707107 -0.707107 0.000000
vn 0.707107 -0.707107 0.000000
vn 0.707107 -0.707107 0.000000
vn 0.707107 -0.707107 0.000000
vn 0.707107 -0.707107 0.000000
vn 0.707107 -0.707107 0.000000
vn 0.707107 -0.707107 0.000000
vn 0.707107 -0.707107 0.000000
vn 0.707107 -0.707107 0.000000
vn 0.707107 -0.707107 0.000000
vn 0.707107 -0.707107 0.000000
vn 0.707107 -0.707107 0.000000
vn 0.707107 -0.707107 0.000000
vn 0.707107 -0.707107 0.000000
vn 0.707107 -0.707107 0.000000
vn 0.707107 -0.707107 0.000000
vn 0.707107 -0.707107 0.000000
vn 0.707107 -0.707107 0.000000
vn 0.707107 -0.707107 0.000000
vn 0.707107 -0.707107 0.000000
vn 0.707107 -0.707107 0.000000
vn 0.707107 -0.707107 0.000000
vn 0.707107 -0.707107 0.000000
vn 0.707107 -0.707107 0.000000
vn 0.707107 -0.707107 0.000000
vn 0.707107 -0.707107 0.000000
vn 0.707107 -0.707107 0.000000
vn 0.707107 -0.707107 0.000000
vn 0.707107 -0.707107 0.000000
vn 0.707107 -0.707107 0.000000
vn 0.707107 -0.707107 0.000000
vn 0.707107 -0.707107 0.000000
vn 0.707107 -0.707107 0.000000
vn 0.707107 -0.707107 0.000000
vn 0.707107 -0.707107 0.000000
vn 0.707107 -0.707107 0.000000
vn 0.707107 -0.707107 0.000000
vn 0.707107 -0.707107 0.000000
usemtl Çelik_-_Saten
f 1882/2869/2803 1883/2870/2804 1912/2871/2805
f 1912/2871/2805 1883/2870/2804 1884/2872/2806
f 1912/2871/2805 1884/2872/2806 1911/2873/2807
f 1911/2873/2807 1884/2872/2806 1885/2874/2808
f 1911/2873/2807 1885/2874/2808 1910/2875/2809
f 1910/2875/2809 1885/2874/2808 1886/2876/2810
f 1910/2875/2809 1886/2876/2810 1909/2877/2811
f 1909/2877/2811 1886/2876/2810 1887/2878/2812
f 1909/2877/2811 1887/2878/2812 1888/2879/2813
f 1888/2879/2813 1889/2880/2814 1909/2877/2811
f 1909/2877/2811 1889/2880/2814 1890/2881/2815
f 1909/2877/2811 1890/2881/2815 1891/2882/2816
f 1891/2882/2816 1892/2883/2817 1909/2877/2811
f 1909/2877/2811 1892/2883/2817 1893/2884/2818
f 1909/2877/2811 1893/2884/2818 1894/2885/2819
f 1894/2885/2819 1895/2886/2820 1909/2877/2811
f 1909/2877/2811 1895/2886/2820 1896/2887/2821
f 1909/2877/2811 1896/2887/2821 1897/2888/2822
f 1897/2888/2822 1898/2889/2823 1909/2877/2811
f 1909/2877/2811 1898/2889/2823 1899/2890/2824
f 1909/2877/2811 1899/2890/2824 1908/2891/2825
f 1908/2891/2825 1899/2890/2824 1900/2892/2826
f 1908/2891/2825 1900/2892/2826 1901/2893/2827
f 1901/2893/2827 1902/2894/2828 1908/2891/2825
f 1908/2891/2825 1902/2894/2828 1903/2895/2829
f 1908/2891/2825 1903/2895/2829 1907/2896/2830
f 1907/2896/2830 1903/2895/2829 1904/2897/2831
f 1907/2896/2830 1904/2897/2831 1906/2898/2832
f 1906/2898/2832 1904/2897/2831 1905/2899/2833
f 1914/2900/2834 1974/2901/2835 1913/2902/2836
f 1913/2902/2836 1974/2901/2835 1944/2903/2837
f 1913/2904/2836 1944/2905/2837 1943/2906/2838
f 1943/2906/2838 1944/2905/2837 1945/2907/2839
f 1943/2906/2838 1945/2907/2839 1942/2908/2840
f 1942/2908/2840 1945/2907/2839 1946/2909/2841
f 1942/2908/2840 1946/2909/2841 1941/2910/2842
f 1941/2910/2842 1946/2909/2841 1947/2911/2843
f 1941/2910/2842 1947/2911/2843 1940/2912/2844
f 1940/2912/2844 1947/2911/2843 1948/2913/2845
f 1940/2912/2844 1948/2913/2845 1939/2914/2846
f 1939/2914/2846 1948/2913/2845 1949/2915/2847
f 1939/2914/2846 1949/2915/2847 1938/2916/2848
f 1938/2916/2848 1949/2915/2847 1950/2917/2849
f 1938/2916/2848 1950/2917/2849 1937/2918/2850
f 1937/2918/2850 1950/2917/2849 1951/2919/2851
f 1937/2918/2850 1951/2919/2851 1936/2920/2852
f 1936/2920/2852 1951/2919/2851 1952/2921/2853
f 1936/2920/2852 1952/2921/2853 1935/2922/2854
f 1935/2922/2854 1952/2921/2853 1953/2923/2855
f 1935/2922/2854 1953/2923/2855 1934/2924/2856
f 1934/2924/2856 1953/2923/2855 1954/2925/2857
f 1934/2924/2856 1954/2925/2857 1933/2926/2858
f 1933/2926/2858 1954/2925/2857 1955/2927/2859
f 1933/2926/2858 1955/2927/2859 1932/2928/2860
f 1932/2928/2860 1955/2927/2859 1956/2929/2861
f 1932/2928/2860 1956/2929/2861 1931/2930/2862
f 1931/2930/2862 1956/2929/2861 1957/2931/2863
f 1931/2930/2862 1957/2931/2863 1930/2932/2864
f 1930/2932/2864 1957/2931/2863 1958/2933/2865
f 1930/2932/2864 1958/2933/2865 1929/2934/2866
f 1929/2934/2866 1958/2933/2865 1959/2935/2867
f 1929/2934/2866 1959/2935/2867 1928/2936/2868
f 1928/2936/2868 1959/2935/2867 1960/2937/2869
f 1928/2936/2868 1960/2937/2869 1927/2938/2870
f 1927/2938/2870 1960/2937/2869 1961/2939/2871
f 1927/2938/2870 1961/2939/2871 1926/2940/2872
f 1926/2940/2872 1961/2939/2871 1962/2941/2873
f 1926/2940/2872 1962/2941/2873 1925/2942/2874
f 1925/2942/2874 1962/2941/2873 1963/2943/2875
f 1925/2942/2874 1963/2943/2875 1924/2944/2876
f 1924/2944/2876 1963/2943/2875 1964/2945/2877
f 1924/2944/2876 1964/2945/2877 1923/2946/2878
f 1923/2946/2878 1964/2945/2877 1965/2947/2879
f 1923/2946/2878 1965/2947/2879 1922/2948/2880
f 1922/2948/2880 1965/2947/2879 1966/2949/2881
f 1922/2948/2880 1966/2949/2881 1921/2950/2882
f 1921/2950/2882 1966/2949/2881 1967/2951/2883
f 1921/2950/2882 1967/2951/2883 1920/2952/2884
f 1920/2952/2884 1967/2951/2883 1968/2953/2885
f 1920/2952/2884 1968/2953/2885 1919/2954/2886
f 1919/2954/2886 1968/2953/2885 1969/2955/2887
f 1919/2954/2886 1969/2955/2887 1918/2956/2888
f 1918/2956/2888 1969/2955/2887 1970/2957/2889
f 1918/2956/2888 1970/2957/2889 1917/2958/2890
f 1917/2958/2890 1970/2957/2889 1971/2959/2891
f 1917/2958/2890 1971/2959/2891 1916/2960/2892
f 1916/2960/2892 1971/2959/2891 1972/2961/2893
f 1916/2960/2892 1972/2961/2893 1915/2962/2894
f 1915/2962/2894 1972/2961/2893 1973/2963/2895
f 1915/2962/2894 1973/2963/2895 1914/2900/2834
f 1914/2900/2834 1973/2963/2895 1974/2901/2835
f 1976/2964/2896 1945/2965/2897 1975/2966/2898
f 1975/2966/2898 1945/2965/2897 1944/2967/2899
f 1975/2966/2898 1944/2967/2899 1974/2968/2900
f 1945/2965/2897 1976/2964/2896 1946/2969/2901
f 1946/2969/2901 1976/2964/2896 1977/2970/2902
f 1946/2969/2901 1977/2970/2902 1947/2971/2903
f 1947/2971/2903 1977/2970/2902 1978/2972/2904
f 1947/2971/2903 1978/2972/2904 1948/2973/2905
f 1948/2973/2905 1978/2972/2904 1949/2974/2906
f 1949/2974/2906 1978/2972/2904 1979/2975/2907
f 1949/2974/2906 1979/2975/2907 1950/2976/2908
f 1950/2976/2908 1979/2975/2907 1980/2977/2909
f 1950/2976/2908 1980/2977/2909 1951/2978/2910
f 1951/2978/2910 1980/2977/2909 1981/2979/2911
f 1951/2978/2910 1981/2979/2911 1952/2980/2912
f 1952/2980/2912 1981/2979/2911 1982/2981/2913
f 1952/2980/2912 1982/2981/2913 1953/2982/2914
f 1953/2982/2914 1982/2981/2913 1954/2983/2915
f 1954/2983/2915 1982/2981/2913 1983/2984/2916
f 1954/2983/2915 1983/2984/2916 1955/2985/2917
f 1955/2985/2917 1983/2984/2916 1984/2986/2918
f 1955/2985/2917 1984/2986/2918 1956/2987/2919
f 1956/2987/2919 1984/2986/2918 1985/2988/2920
f 1956/2987/2919 1985/2988/2920 1957/2989/2921
f 1957/2989/2921 1985/2988/2920 1958/2990/2922
f 1958/2990/2922 1985/2988/2920 1986/2991/2923
f 1958/2990/2922 1986/2991/2923 1959/2992/2924
f 1959/2992/2924 1986/2991/2923 1987/2993/2925
f 1959/2992/2924 1987/2993/2925 1960/2994/2926
f 1960/2994/2926 1987/2993/2925 1988/2995/2927
f 1960/2994/2926 1988/2995/2927 1961/2996/2928
f 1961/2996/2928 1988/2995/2927 1989/2997/2929
f 1961/2996/2928 1989/2997/2929 1962/2998/2930
f 1962/2998/2930 1989/2997/2929 1963/2999/2931
f 1963/2999/2931 1989/2997/2929 1990/3000/2932
f 1963/2999/2931 1990/3000/2932 1964/3001/2933
f 1964/3001/2933 1990/3000/2932 1991/3002/2934
f 1964/3001/2933 1991/3002/2934 1965/3003/2935
f 1965/3003/2935 1991/3002/2934 1992/3004/2936
f 1965/3003/2935 1992/3004/2936 1966/3005/2937
f 1966/3005/2937 1992/3004/2936 1967/3006/2938
f 1967/3006/2938 1992/3004/2936 1993/3007/2939
f 1967/3006/2938 1993/3007/2939 1968/3008/2940
f 1968/3008/2940 1993/3007/2939 1994/3009/2941
f 1968/3008/2940 1994/3009/2941 1969/3010/2942
f 1969/3010/2942 1994/3009/2941 1995/3011/2943
f 1969/3010/2942 1995/3011/2943 1970/3012/2944
f 1970/3012/2944 1995/3011/2943 1996/3013/2945
f 1970/3012/2944 1996/3013/2945 1971/3014/2946
f 1971/3014/2946 1996/3013/2945 1972/3015/2947
f 1972/3015/2947 1996/3013/2945 1997/3016/2948
f 1972/3015/2947 1997/3016/2948 1973/3017/2949
f 1973/3017/2949 1997/3016/2948 1998/3018/2950
f 1973/3017/2949 1998/3018/2950 1974/2968/2900
f 1974/2968/2900 1998/3018/2950 1975/2966/2898
f 1998/3019/2951 2022/3020/2952 1975/3021/2953
f 1975/3021/2953 2022/3020/2952 1999/3022/2954
f 1975/3023/2953 1999/3024/2954 1976/3025/2955
f 1976/3025/2955 1999/3024/2954 2000/3026/2956
f 1976/3025/2955 2000/3026/2956 1977/3027/2957
f 1977/3027/2957 2000/3026/2956 2001/3028/2958
f 1977/3027/2957 2001/3028/2958 1978/3029/2959
f 1978/3029/2959 2001/3028/2958 2002/3030/2960
f 1978/3029/2959 2002/3030/2960 1979/3031/2961
f 1979/3031/2961 2002/3030/2960 2003/3032/2962
f 1979/3031/2961 2003/3032/2962 1980/3033/2963
f 1980/3033/2963 2003/3032/2962 2004/3034/2964
f 1980/3033/2963 2004/3034/2964 1981/3035/2965
f 1981/3035/2965 2004/3034/2964 2005/3036/2966
f 1981/3035/2965 2005/3036/2966 1982/3037/2967
f 1982/3037/2967 2005/3036/2966 2006/3038/2968
f 1982/3037/2967 2006/3038/2968 1983/3039/2969
f 1983/3039/2969 2006/3038/2968 2007/3040/2970
f 1983/3039/2969 2007/3040/2970 1984/3041/2971
f 1984/3041/2971 2007/3040/2970 2008/3042/2972
f 1984/3041/2971 2008/3042/2972 1985/3043/2973
f 1985/3043/2973 2008/3042/2972 2009/3044/2974
f 1985/3043/2973 2009/3044/2974 1986/3045/2975
f 1986/3045/2975 2009/3044/2974 2010/3046/2976
f 1986/3045/2975 2010/3046/2976 1987/3047/2977
f 1987/3047/2977 2010/3046/2976 2011/3048/2978
f 1987/3047/2977 2011/3048/2978 1988/3049/2979
f 1988/3049/2979 2011/3048/2978 2012/3050/2980
f 1988/3049/2979 2012/3050/2980 1989/3051/2981
f 1989/3051/2981 2012/3050/2980 2013/3052/2982
f 1989/3051/2981 2013/3052/2982 1990/3053/2983
f 1990/3053/2983 2013/3052/2982 2014/3054/2984
f 1990/3053/2983 2014/3054/2984 1991/3055/2985
f 1991/3055/2985 2014/3054/2984 2015/3056/2986
f 1991/3055/2985 2015/3056/2986 1992/3057/2987
f 1992/3057/2987 2015/3056/2986 2016/3058/2988
f 1992/3057/2987 2016/3058/2988 1993/3059/2989
f 1993/3059/2989 2016/3058/2988 2017/3060/2990
f 1993/3059/2989 2017/3060/2990 1994/3061/2991
f 1994/3061/2991 2017/3060/2990 2018/3062/2992
f 1994/3061/2991 2018/3062/2992 1995/3063/2993
f 1995/3063/2993 2018/3062/2992 2019/3064/2994
f 1995/3063/2993 2019/3064/2994 1996/3065/2995
f 1996/3065/2995 2019/3064/2994 2020/3066/2996
f 1996/3065/2995 2020/3066/2996 1997/3067/2997
f 1997/3067/2997 2020/3066/2996 2021/3068/2998
f 1997/3067/2997 2021/3068/2998 1998/3019/2951
f 1998/3019/2951 2021/3068/2998 2022/3020/2952
f 1913/3069/2999 1943/3070/3000 1914/3071/3001
f 1914/3071/3001 1943/3070/3000 1915/3072/3002
f 1915/3072/3002 1943/3070/3000 1942/3073/3003
f 1915/3072/3002 1942/3073/3003 1916/3074/3004
f 1916/3074/3004 1942/3073/3003 1941/3075/3005
f 1916/3074/3004 1941/3075/3005 1917/3076/3006
f 1917/3076/3006 1941/3075/3005 1940/3077/3007
f 1917/3076/3006 1940/3077/3007 1918/3078/3008
f 1918/3078/3008 1940/3077/3007 1919/3079/3009
f 1919/3079/3009 1940/3077/3007 1920/3080/3010
f 1920/3080/3010 1940/3077/3007 1921/3081/3011
f 1921/3081/3011 1940/3077/3007 1922/3082/3012
f 1922/3082/3012 1940/3077/3007 1923/3083/3013
f 1923/3083/3013 1940/3077/3007 1924/3084/3014
f 1924/3084/3014 1940/3077/3007 1925/3085/3015
f 1925/3085/3015 1940/3077/3007 1926/3086/3016
f 1926/3086/3016 1940/3077/3007 1927/3087/3017
f 1927/3087/3017 1940/3077/3007 1928/3088/3018
f 1928/3088/3018 1940/3077/3007 1929/3089/3019
f 1929/3089/3019 1940/3077/3007 1930/3090/3020
f 1930/3090/3020 1940/3077/3007 1939/3091/3021
f 1930/3090/3020 1939/3091/3021 1931/3092/3022
f 1931/3092/3022 1939/3091/3021 1932/3093/3023
f 1932/3093/3023 1939/3091/3021 1933/3094/3024
f 1933/3094/3024 1939/3091/3021 1934/3095/3025
f 1934/3095/3025 1939/3091/3021 1938/3096/3026
f 1934/3095/3025 1938/3096/3026 1935/3097/3027
f 1935/3097/3027 1938/3096/3026 1937/3098/3028
f 1935/3097/3027 1937/3098/3028 1936/3099/3029
f 1912/3100/3030 2053/3101/3031 1882/3102/3032
f 1882/3102/3032 2053/3101/3031 2023/3103/3033
f 1882/3104/3032 2023/3105/3033 1883/3106/3034
f 1883/3106/3034 2023/3105/3033 2024/3107/3035
f 1883/3106/3034 2024/3107/3035 1884/3108/3036
f 1884/3108/3036 2024/3107/3035 2025/3109/3037
f 1884/3108/3036 2025/3109/3037 1885/3110/3038
f 1885/3110/3038 2025/3109/3037 2026/3111/3039
f 1885/3110/3038 2026/3111/3039 1886/3112/3040
f 1886/3112/3040 2026/3111/3039 2027/3113/3041
f 1886/3112/3040 2027/3113/3041 1887/3114/3042
f 1887/3114/3042 2027/3113/3041 2028/3115/3043
f 1887/3114/3042 2028/3115/3043 1888/3116/3044
f 1888/3116/3044 2028/3115/3043 2029/3117/3045
f 1888/3116/3044 2029/3117/3045 1889/3118/3046
f 1889/3118/3046 2029/3117/3045 2030/3119/3047
f 1889/3118/3046 2030/3119/3047 1890/3120/3048
f 1890/3120/3048 2030/3119/3047 2031/3121/3049
f 1890/3120/3048 2031/3121/3049 1891/3122/3050
f 1891/3122/3050 2031/3121/3049 2032/3123/3051
f 1891/3122/3050 2032/3123/3051 1892/3124/3052
f 1892/3124/3052 2032/3123/3051 2033/3125/3053
f 1892/3124/3052 2033/3125/3053 1893/3126/3054
f 1893/3126/3054 2033/3125/3053 2034/3127/3055
f 1893/3126/3054 2034/3127/3055 1894/3128/3056
f 1894/3128/3056 2034/3127/3055 2035/3129/3057
f 1894/3128/3056 2035/3129/3057 1895/3130/3058
f 1895/3130/3058 2035/3129/3057 2036/3131/3059
f 1895/3130/3058 2036/3131/3059 1896/3132/3060
f 1896/3132/3060 2036/3131/3059 2037/3133/3061
f 1896/3132/3060 2037/3133/3061 1897/3134/3062
f 1897/3134/3062 2037/3133/3061 2038/3135/3063
f 1897/3134/3062 2038/3135/3063 1898/3136/3064
f 1898/3136/3064 2038/3135/3063 2039/3137/3065
f 1898/3136/3064 2039/3137/3065 1899/3138/3066
f 1899/3138/3066 2039/3137/3065 2040/3139/3067
f 1899/3138/3066 2040/3139/3067 1900/3140/3068
f 1900/3140/3068 2040/3139/3067 2041/3141/3069
f 1900/3140/3068 2041/3141/3069 1901/3142/3070
f 1901/3142/3070 2041/3141/3069 2042/3143/3071
f 1901/3142/3070 2042/3143/3071 1902/3144/3072
f 1902/3144/3072 2042/3143/3071 2043/3145/3073
f 1902/3144/3072 2043/3145/3073 1903/3146/3074
f 1903/3146/3074 2043/3145/3073 2044/3147/3075
f 1903/3146/3074 2044/3147/3075 1904/3148/3076
f 1904/3148/3076 2044/3147/3075 2045/3149/3077
f 1904/3148/3076 2045/3149/3077 1905/3150/3078
f 1905/3150/3078 2045/3149/3077 2046/3151/3079
f 1905/3150/3078 2046/3151/3079 1906/3152/3080
f 1906/3152/3080 2046/3151/3079 2047/3153/3081
f 1906/3152/3080 2047/3153/3081 1907/3154/3082
f 1907/3154/3082 2047/3153/3081 2048/3155/3083
f 1907/3154/3082 2048/3155/3083 1908/3156/3084
f 1908/3156/3084 2048/3155/3083 2049/3157/3085
f 1908/3156/3084 2049/3157/3085 1909/3158/3086
f 1909/3158/3086 2049/3157/3085 2050/3159/3087
f 1909/3158/3086 2050/3159/3087 1910/3160/3088
f 1910/3160/3088 2050/3159/3087 2051/3161/3089
f 1910/3160/3088 2051/3161/3089 1911/3162/3090
f 1911/3162/3090 2051/3161/3089 2052/3163/3091
f 1911/3162/3090 2052/3163/3091 1912/3100/3030
f 1912/3100/3030 2052/3163/3091 2053/3101/3031
f 2022/3164/3092 2024/3165/3093 1999/3166/3094
f 1999/3166/3094 2024/3165/3093 2023/3167/3095
f 1999/3166/3094 2023/3167/3095 2053/3168/3096
f 2024/3165/3093 2022/3164/3092 2025/3169/3097
f 2025/3169/3097 2022/3164/3092 2021/3170/3098
f 2025/3169/3097 2021/3170/3098 2026/3171/3099
f 2026/3171/3099 2021/3170/3098 2020/3172/3100
f 2026/3171/3099 2020/3172/3100 2027/3173/3101
f 2027/3173/3101 2020/3172/3100 2028/3174/3102
f 2028/3174/3102 2020/3172/3100 2019/3175/3103
f 2028/3174/3102 2019/3175/3103 2029/3176/3104
f 2029/3176/3104 2019/3175/3103 2018/3177/3105
f 2029/3176/3104 2018/3177/3105 2030/3178/3106
f 2030/3178/3106 2018/3177/3105 2017/3179/3107
f 2030/3178/3106 2017/3179/3107 2031/3180/3108
f 2031/3180/3108 2017/3179/3107 2016/3181/3109
f 2031/3180/3108 2016/3181/3109 2032/3182/3110
f 2032/3182/3110 2016/3181/3109 2033/3183/3111
f 2033/3183/3111 2016/3181/3109 2015/3184/3112
f 2033/3183/3111 2015/3184/3112 2034/3185/3113
f 2034/3185/3113 2015/3184/3112 2014/3186/3114
f 2034/3185/3113 2014/3186/3114 2035/3187/3115
f 2035/3187/3115 2014/3186/3114 2013/3188/3116
f 2035/3187/3115 2013/3188/3116 2036/3189/3117
f 2036/3189/3117 2013/3188/3116 2037/3190/3118
f 2037/3190/3118 2013/3188/3116 2012/3191/3119
f 2037/3190/3118 2012/3191/3119 2038/3192/3120
f 2038/3192/3120 2012/3191/3119 2011/3193/3121
f 2038/3192/3120 2011/3193/3121 2039/3194/3122
f 2039/3194/3122 2011/3193/3121 2010/3195/3123
f 2039/3194/3122 2010/3195/3123 2040/3196/3124
f 2040/3196/3124 2010/3195/3123 2009/3197/3125
f 2040/3196/3124 2009/3197/3125 2041/3198/3126
f 2041/3198/3126 2009/3197/3125 2042/3199/3127
f 2042/3199/3127 2009/3197/3125 2008/3200/3128
f 2042/3199/3127 2008/3200/3128 2043/3201/3129
f 2043/3201/3129 2008/3200/3128 2007/3202/3130
f 2043/3201/3129 2007/3202/3130 2044/3203/3131
f 2044/3203/3131 2007/3202/3130 2006/3204/3132
f 2044/3203/3131 2006/3204/3132 2045/3205/3133
f 2045/3205/3133 2006/3204/3132 2046/3206/3134
f 2046/3206/3134 2006/3204/3132 2005/3207/3135
f 2046/3206/3134 2005/3207/3135 2047/3208/3136
f 2047/3208/3136 2005/3207/3135 2004/3209/3137
f 2047/3208/3136 2004/3209/3137 2048/3210/3138
f 2048/3210/3138 2004/3209/3137 2003/3211/3139
f 2048/3210/3138 2003/3211/3139 2049/3212/3140
f 2049/3212/3140 2003/3211/3139 2002/3213/3141
f 2049/3212/3140 2002/3213/3141 2050/3214/3142
f 2050/3214/3142 2002/3213/3141 2051/3215/3143
f 2051/3215/3143 2002/3213/3141 2001/3216/3144
f 2051/3215/3143 2001/3216/3144 2052/3217/3145
f 2052/3217/3145 2001/3216/3144 2000/3218/3146
f 2052/3217/3145 2000/3218/3146 2053/3168/3096
f 2053/3168/3096 2000/3218/3146 1999/3166/3094
g Gövde11

v 3.889087 -4.596194 7.500000
v 3.896325 -4.588957 7.600649
v 3.917740 -4.567541 7.697178
v 3.952457 -4.532824 7.785634
v 3.999054 -4.486227 7.862396
v 4.055624 -4.429658 7.924322
v 4.119850 -4.365432 7.968876
v 4.189103 -4.296178 7.994234
v 4.260548 -4.224734 7.999358
v 4.331260 -4.154022 7.984039
v 4.398344 -4.086938 7.948902
v 4.459053 -4.026229 7.895388
v 4.510902 -3.974379 7.825686
v 4.551769 -3.933512 7.742651
v 4.579980 -3.905302 7.649682
v 4.594380 -3.890901 7.550584
v 4.594380 -3.890901 7.449416
v 4.579980 -3.905302 7.350318
v 4.551769 -3.933512 7.257349
v 4.510902 -3.974379 7.174314
v 4.459053 -4.026229 7.104612
v 4.398344 -4.086938 7.051098
v 4.331260 -4.154022 7.015961
v 4.260548 -4.224734 7.000642
v 4.189103 -4.296178 7.005766
v 4.119850 -4.365432 7.031124
v 4.055624 -4.429658 7.075678
v 3.999054 -4.486227 7.137604
v 3.952457 -4.532824 7.214366
v 3.917740 -4.567541 7.302822
v 3.896325 -4.588957 7.399351
v 4.949747 -5.656854 7.500000
v 4.956985 -5.649617 7.600649
v 4.978400 -5.628202 7.697178
v 5.013117 -5.593485 7.785634
v 5.059714 -5.546887 7.862396
v 5.116284 -5.490318 7.924322
v 5.180510 -5.426092 7.968876
v 5.249763 -5.356839 7.994234
v 5.321208 -5.285394 7.999358
v 5.391920 -5.214682 7.984039
v 5.459004 -5.147598 7.948902
v 5.519713 -5.086889 7.895388
v 5.571562 -5.035039 7.825686
v 5.612429 -4.994173 7.742651
v 5.640640 -4.965962 7.649682
v 5.655040 -4.951561 7.550584
v 5.655040 -4.951561 7.449416
v 5.640640 -4.965962 7.350318
v 5.612429 -4.994173 7.257349
v 5.571562 -5.035039 7.174314
v 5.519713 -5.086889 7.104612
v 5.459004 -5.147598 7.051098
v 5.391920 -5.214682 7.015961
v 5.321208 -5.285394 7.000642
v 5.249763 -5.356839 7.005766
v 5.180510 -5.426092 7.031124
v 5.116284 -5.490318 7.075678
v 5.059714 -5.546887 7.137604
v 5.013117 -5.593485 7.214366
v 4.978400 -5.628202 7.302822
v 4.956985 -5.649617 7.399351
v 4.737615 -5.444722 7.500000
v 4.744853 -5.437485 7.399351
v 4.766268 -5.416069 7.302822
v 4.800985 -5.381353 7.214366
v 4.847582 -5.334755 7.137604
v 4.904152 -5.278186 7.075678
v 4.968378 -5.213960 7.031124
v 5.037631 -5.144707 7.005766
v 5.109076 -5.073262 7.000642
v 5.179788 -5.002550 7.015961
v 5.246872 -4.935466 7.051098
v 5.307581 -4.874757 7.104612
v 5.359430 -4.822907 7.174314
v 5.400297 -4.782041 7.257349
v 5.428508 -4.753830 7.350318
v 5.442908 -4.739429 7.449416
v 5.442908 -4.739429 7.550584
v 5.428508 -4.753830 7.649682
v 5.400297 -4.782041 7.742651
v 5.359430 -4.822907 7.825686
v 5.307581 -4.874757 7.895388
v 5.246872 -4.935466 7.948902
v 5.179788 -5.002550 7.984039
v 5.109076 -5.073262 7.999358
v 5.037631 -5.144707 7.994234
v 4.968378 -5.213960 7.968876
v 4.904152 -5.278186 7.924322
v 4.847582 -5.334755 7.862396
v 4.800985 -5.381353 7.785634
v 4.766268 -5.416069 7.697178
v 4.744853 -5.437485 7.600649
v 4.914392 -5.267946 7.500000
v 4.920416 -5.261922 7.435295
v 4.938076 -5.244262 7.375000
v 4.966169 -5.216169 7.323223
v 5.002780 -5.179557 7.283494
v 5.045416 -5.136922 7.258519
v 5.091169 -5.091169 7.250000
v 5.136922 -5.045416 7.258519
v 5.179557 -5.002780 7.283494
v 5.216169 -4.966169 7.323223
v 5.244262 -4.938076 7.375000
v 5.261922 -4.920416 7.435295
v 5.267946 -4.914392 7.500000
v 5.261922 -4.920416 7.564705
v 5.244262 -4.938076 7.625000
v 5.216169 -4.966169 7.676777
v 5.179557 -5.002780 7.716506
v 5.136922 -5.045416 7.741481
v 5.091169 -5.091169 7.750000
v 5.045416 -5.136922 7.741481
v 5.002780 -5.179557 7.716506
v 4.966169 -5.216169 7.676777
v 4.938076 -5.244262 7.625000
v 4.920416 -5.261922 7.564705
v 4.772971 -5.126524 7.500000
v 4.778994 -5.120501 7.435295
v 4.796654 -5.102841 7.375000
v 4.824747 -5.074747 7.323223
v 4.861359 -5.038136 7.283494
v 4.903994 -4.995501 7.258519
v 4.949747 -4.949747 7.250000
v 4.995501 -4.903994 7.258519
v 5.038136 -4.861359 7.283494
v 5.074747 -4.824747 7.323223
v 5.102841 -4.796654 7.375000
v 5.120501 -4.778994 7.435295
v 5.126524 -4.772971 7.500000
v 5.120501 -4.778994 7.564705
v 5.102841 -4.796654 7.625000
v 5.074747 -4.824747 7.676777
v 5.038136 -4.861359 7.716506
v 4.995501 -4.903994 7.741481
v 4.949747 -4.949747 7.750000
v 4.903994 -4.995501 7.741481
v 4.861359 -5.038136 7.716506
v 4.824747 -5.074747 7.676777
v 4.796654 -5.102841 7.625000
v 4.778994 -5.120501 7.564705
v 4.596194 -5.303301 7.500000
v 4.603431 -5.296064 7.600649
v 4.624847 -5.274648 7.697178
v 4.659564 -5.239931 7.785634
v 4.706161 -5.193334 7.862396
v 4.762730 -5.136764 7.924322
v 4.826957 -5.072538 7.968876
v 4.896210 -5.003285 7.994234
v 4.967655 -4.931840 7.999358
v 5.038367 -4.861128 7.984039
v 5.105450 -4.794045 7.948902
v 5.166160 -4.733335 7.895388
v 5.218009 -4.681486 7.825686
v 5.258876 -4.640619 7.742651
v 5.287087 -4.612408 7.649682
v 5.301487 -4.598008 7.550584
v 5.301487 -4.598008 7.449416
v 5.287087 -4.612408 7.350318
v 5.258876 -4.640619 7.257349
v 5.218009 -4.681486 7.174314
v 5.166160 -4.733335 7.104612
v 5.105450 -4.794045 7.051098
v 5.038367 -4.861128 7.015961
v 4.967655 -4.931840 7.000642
v 4.896210 -5.003285 7.005766
v 4.826957 -5.072538 7.031124
v 4.762730 -5.136764 7.075678
v 4.706161 -5.193334 7.137604
v 4.659564 -5.239931 7.214366
v 4.624847 -5.274648 7.302822
v 4.603431 -5.296064 7.399351
vt 0.500000 0.000000 0.000000
vt 0.489765 0.100649 0.000000
vt 0.489765 -0.100649 0.000000
vt 0.459479 0.197178 0.000000
vt 0.459479 -0.197178 0.000000
vt 0.410382 0.285634 0.000000
vt 0.410382 -0.285634 0.000000
vt 0.344483 0.362396 0.000000
vt 0.344483 -0.362396 0.000000
vt 0.264482 0.424322 0.000000
vt 0.173653 0.468876 0.000000
vt 0.075714 0.494234 0.000000
vt -0.025325 0.499358 0.000000
vt -0.125326 0.484039 0.000000
vt -0.220197 0.448902 0.000000
vt -0.306053 0.395388 0.000000
vt -0.379379 0.325686 0.000000
vt -0.437173 0.242651 0.000000
vt -0.477070 0.149682 0.000000
vt -0.497435 0.050584 0.000000
vt -0.497435 -0.050584 0.000000
vt -0.477070 -0.149682 0.000000
vt 0.264482 -0.424322 0.000000
vt -0.437173 -0.242651 0.000000
vt -0.379379 -0.325686 0.000000
vt -0.306053 -0.395388 0.000000
vt -0.220197 -0.448902 0.000000
vt 0.173653 -0.468876 0.000000
vt -0.125326 -0.484039 0.000000
vt 0.075714 -0.494234 0.000000
vt -0.025325 -0.499358 0.000000
vt -0.300000 1.469455 0.000000
vt -0.000000 1.469455 0.000000
vt -0.300000 1.570796 0.000000
vt -0.000000 1.570796 0.000000
vt -0.300000 -1.570796 0.000000
vt -0.000000 -1.570796 0.000000
vt -0.300000 -1.469455 0.000000
vt -0.000000 -1.469455 0.000000
vt -0.300000 -1.368113 0.000000
vt -0.000000 -1.368113 0.000000
vt -0.300000 -1.266771 0.000000
vt -0.000000 -1.266771 0.000000
vt -0.300000 -1.165430 0.000000
vt -0.000000 -1.165430 0.000000
vt -0.300000 -1.064088 0.000000
vt -0.000000 -1.064088 0.000000
vt -0.300000 -0.962746 0.000000
vt -0.000000 -0.962746 0.000000
vt -0.300000 -0.861404 0.000000
vt -0.000000 -0.861404 0.000000
vt -0.300000 -0.760063 0.000000
vt 0.000000 -0.760063 0.000000
vt -0.300000 -0.658721 0.000000
vt 0.000000 -0.658721 0.000000
vt -0.300000 -0.557379 0.000000
vt 0.000000 -0.557379 0.000000
vt -0.300000 -0.456038 0.000000
vt 0.000000 -0.456038 0.000000
vt -0.300000 -0.354696 0.000000
vt 0.000000 -0.354696 0.000000
vt -0.300000 -0.253354 0.000000
vt 0.000000 -0.253354 0.000000
vt -0.300000 -0.152013 0.000000
vt 0.000000 -0.152013 0.000000
vt -0.300000 -0.050671 0.000000
vt 0.000000 -0.050671 0.000000
vt -0.300000 0.050671 0.000000
vt 0.000000 0.050671 0.000000
vt -0.300000 0.152013 0.000000
vt 0.000000 0.152013 0.000000
vt -0.300000 0.253354 0.000000
vt 0.000000 0.253354 0.000000
vt -0.300000 0.354696 0.000000
vt 0.000000 0.354696 0.000000
vt -0.300000 0.456038 0.000000
vt 0.000000 0.456038 0.000000
vt -0.300000 0.557379 0.000000
vt 0.000000 0.557379 0.000000
vt -0.300000 0.658721 0.000000
vt 0.000000 0.658721 0.000000
vt -0.300000 0.760063 0.000000
vt 0.000000 0.760063 0.000000
vt -0.300000 0.861404 0.000000
vt -0.000000 0.861404 0.000000
vt -0.300000 0.962746 0.000000
vt -0.000000 0.962746 0.000000
vt -0.300000 1.064088 0.000000
vt -0.000000 1.064088 0.000000
vt -0.300000 1.165430 0.000000
vt -0.000000 1.165430 0.000000
vt -0.300000 1.266771 0.000000
vt -0.000000 1.266771 0.000000
vt -0.300000 1.368113 0.000000
vt -0.000000 1.368113 0.000000
vt 0.241481 -0.064705 0.000000
vt 0.489765 -0.100649 0.000000
vt 0.250000 0.000000 0.000000
vt 0.500000 0.000000 0.000000
vt 0.489765 0.100649 0.000000
vt 0.459479 -0.197178 0.000000
vt 0.216506 -0.125000 0.000000
vt 0.410382 -0.285634 0.000000
vt 0.176777 -0.176777 0.000000
vt 0.344483 -0.362396 0.000000
vt 0.264482 -0.424322 0.000000
vt 0.125000 -0.216506 0.000000
vt 0.173653 -0.468876 0.000000
vt 0.064705 -0.241481 0.000000
vt 0.075714 -0.494234 0.000000
vt -0.000000 -0.250000 0.000000
vt -0.025325 -0.499358 0.000000
vt -0.064705 -0.241481 0.000000
vt -0.125326 -0.484039 0.000000
vt -0.220197 -0.448902 0.000000
vt -0.125000 -0.216506 0.000000
vt -0.306053 -0.395388 0.000000
vt -0.176777 -0.176777 0.000000
vt -0.379379 -0.325686 0.000000
vt -0.216506 -0.125000 0.000000
vt -0.437173 -0.242651 0.000000
vt -0.477070 -0.149682 0.000000
vt -0.241481 -0.064705 0.000000
vt -0.497435 -0.050584 0.000000
vt -0.250000 0.000000 0.000000
vt -0.497435 0.050584 0.000000
vt -0.241481 0.064705 0.000000
vt -0.477070 0.149682 0.000000
vt -0.216506 0.125000 0.000000
vt -0.437173 0.242651 0.000000
vt -0.379379 0.325686 0.000000
vt -0.176777 0.176777 0.000000
vt -0.306053 0.395388 0.000000
vt -0.125000 0.216506 0.000000
vt -0.220197 0.448902 0.000000
vt -0.064705 0.241481 0.000000
vt -0.125326 0.484039 0.000000
vt -0.025325 0.499358 0.000000
vt -0.000000 0.250000 0.000000
vt 0.075714 0.494234 0.000000
vt 0.064705 0.241481 0.000000
vt 0.173653 0.468876 0.000000
vt 0.125000 0.216506 0.000000
vt 0.264482 0.424322 0.000000
vt 0.176777 0.176777 0.000000
vt 0.344483 0.362396 0.000000
vt 0.410382 0.285634 0.000000
vt 0.216506 0.125000 0.000000
vt 0.459479 0.197178 0.000000
vt 0.241481 0.064705 0.000000
vt -0.200000 0.719948 0.000000
vt -0.000000 0.719948 0.000000
vt -0.200000 0.785398 0.000000
vt -0.000000 0.785398 0.000000
vt -0.200000 -0.785398 0.000000
vt -0.000000 -0.785398 0.000000
vt -0.200000 -0.719948 0.000000
vt -0.000000 -0.719948 0.000000
vt -0.200000 -0.654498 0.000000
vt -0.000000 -0.654498 0.000000
vt -0.200000 -0.589049 0.000000
vt -0.000000 -0.589049 0.000000
vt -0.200000 -0.523599 0.000000
vt -0.000000 -0.523599 0.000000
vt -0.200000 -0.458149 0.000000
vt -0.000000 -0.458149 0.000000
vt -0.200000 -0.392699 0.000000
vt -0.000000 -0.392699 0.000000
vt -0.200000 -0.327249 0.000000
vt 0.000000 -0.327249 0.000000
vt -0.200000 -0.261799 0.000000
vt 0.000000 -0.261799 0.000000
vt -0.200000 -0.196350 0.000000
vt 0.000000 -0.196350 0.000000
vt -0.200000 -0.130900 0.000000
vt 0.000000 -0.130900 0.000000
vt -0.200000 -0.065450 0.000000
vt 0.000000 -0.065450 0.000000
vt -0.200000 0.000000 0.000000
vt 0.000000 0.000000 0.000000
vt -0.200000 0.065450 0.000000
vt 0.000000 0.065450 0.000000
vt -0.200000 0.130900 0.000000
vt 0.000000 0.130900 0.000000
vt -0.200000 0.196350 0.000000
vt 0.000000 0.196350 0.000000
vt -0.200000 0.261799 0.000000
vt 0.000000 0.261799 0.000000
vt -0.200000 0.327249 0.000000
vt 0.000000 0.327249 0.000000
vt -0.200000 0.392699 0.000000
vt -0.000000 0.392699 0.000000
vt -0.200000 0.458149 0.000000
vt -0.000000 0.458149 0.000000
vt -0.200000 0.523599 0.000000
vt -0.000000 0.523599 0.000000
vt -0.200000 0.589049 0.000000
vt -0.000000 0.589049 0.000000
vt -0.200000 0.654498 0.000000
vt -0.000000 0.654498 0.000000
vt -0.500000 0.000000 0.000000
vt -0.489765 -0.100649 0.000000
vt -0.489765 0.100649 0.000000
vt -0.459479 0.197178 0.000000
vt -0.459479 -0.197178 0.000000
vt -0.410382 0.285634 0.000000
vt -0.410382 -0.285634 0.000000
vt -0.344483 0.362396 0.000000
vt -0.344483 -0.362396 0.000000
vt -0.264482 0.424322 0.000000
vt -0.173653 0.468876 0.000000
vt -0.075714 0.494234 0.000000
vt 0.025325 0.499358 0.000000
vt 0.125326 0.484039 0.000000
vt 0.220197 0.448902 0.000000
vt 0.306053 0.395388 0.000000
vt 0.379379 0.325686 0.000000
vt 0.437173 0.242651 0.000000
vt 0.477070 0.149682 0.000000
vt 0.497435 0.050584 0.000000
vt 0.497435 -0.050584 0.000000
vt 0.477070 -0.149682 0.000000
vt -0.264482 -0.424322 0.000000
vt 0.437173 -0.242651 0.000000
vt 0.379379 -0.325686 0.000000
vt 0.306053 -0.395388 0.000000
vt 0.220197 -0.448902 0.000000
vt -0.173653 -0.468876 0.000000
vt 0.125326 -0.484039 0.000000
vt -0.075714 -0.494234 0.000000
vt 0.025325 -0.499358 0.000000
vt -6.000000 -1.469455 0.000000
vt -7.000000 -1.469455 0.000000
vt -6.000000 -1.570796 0.000000
vt -7.000000 -1.570796 0.000000
vt -6.000000 1.570796 0.000000
vt -7.000000 1.570796 0.000000
vt -6.000000 1.469455 0.000000
vt -7.000000 1.469455 0.000000
vt -6.000000 1.368113 0.000000
vt -7.000000 1.368113 0.000000
vt -6.000000 1.266771 0.000000
vt -7.000000 1.266771 0.000000
vt -6.000000 1.165430 0.000000
vt -7.000000 1.165430 0.000000
vt -6.000000 1.064088 0.000000
vt -7.000000 1.064088 0.000000
vt -6.000000 0.962746 0.000000
vt -7.000000 0.962746 0.000000
vt -6.000000 0.861404 0.000000
vt -7.000000 0.861404 0.000000
vt -6.000000 0.760063 0.000000
vt -7.000000 0.760063 0.000000
vt -6.000000 0.658721 0.000000
vt -7.000000 0.658721 0.000000
vt -6.000000 0.557379 0.000000
vt -7.000000 0.557379 0.000000
vt -6.000000 0.456038 0.000000
vt -7.000000 0.456038 0.000000
vt -6.000000 0.354696 0.000000
vt -7.000000 0.354696 0.000000
vt -6.000000 0.253354 0.000000
vt -7.000000 0.253354 0.000000
vt -6.000000 0.152013 0.000000
vt -7.000000 0.152013 0.000000
vt -6.000000 0.050671 0.000000
vt -7.000000 0.050671 0.000000
vt -6.000000 -0.050671 0.000000
vt -7.000000 -0.050671 0.000000
vt -6.000000 -0.152013 0.000000
vt -7.000000 -0.152013 0.000000
vt -6.000000 -0.253354 0.000000
vt -7.000000 -0.253354 0.000000
vt -6.000000 -0.354696 0.000000
vt -7.000000 -0.354696 0.000000
vt -6.000000 -0.456038 0.000000
vt -7.000000 -0.456038 0.000000
vt -6.000000 -0.557379 0.000000
vt -7.000000 -0.557379 0.000000
vt -6.000000 -0.658721 0.000000
vt -7.000000 -0.658721 0.000000
vt -6.000000 -0.760063 0.000000
vt -7.000000 -0.760063 0.000000
vt -6.000000 -0.861404 0.000000
vt -7.000000 -0.861404 0.000000
vt -6.000000 -0.962746 0.000000
vt -7.000000 -0.962746 0.000000
vt -6.000000 -1.064088 0.000000
vt -7.000000 -1.064088 0.000000
vt -6.000000 -1.165430 0.000000
vt -7.000000 -1.165430 0.000000
vt -6.000000 -1.266771 0.000000
vt -7.000000 -1.266771 0.000000
vt -6.000000 -1.368113 0.000000
vt -7.000000 -1.368113 0.000000
vt -0.241481 0.064705 0.000000
vt -0.489765 0.100649 0.000000
vt -0.250000 0.000000 0.000000
vt -0.500000 0.000000 0.000000
vt -0.489765 -0.100649 0.000000
vt -0.459479 0.197178 0.000000
vt -0.216506 0.125000 0.000000
vt -0.410382 0.285634 0.000000
vt -0.176777 0.176777 0.000000
vt -0.344483 0.362396 0.000000
vt -0.264482 0.424322 0.000000
vt -0.125000 0.216506 0.000000
vt -0.173653 0.468876 0.000000
vt -0.064705 0.241481 0.000000
vt -0.075714 0.494234 0.000000
vt 0.000000 0.250000 0.000000
vt 0.025325 0.499358 0.000000
vt 0.064705 0.241481 0.000000
vt 0.125326 0.484039 0.000000
vt 0.220197 0.448902 0.000000
vt 0.125000 0.216506 0.000000
vt 0.306053 0.395388 0.000000
vt 0.176777 0.176777 0.000000
vt 0.379379 0.325686 0.000000
vt 0.216506 0.125000 0.000000
vt 0.437173 0.242651 0.000000
vt 0.477070 0.149682 0.000000
vt 0.241481 0.064705 0.000000
vt 0.497435 0.050584 0.000000
vt 0.250000 0.000000 0.000000
vt 0.497435 -0.050584 0.000000
vt 0.241481 -0.064705 0.000000
vt 0.477070 -0.149682 0.000000
vt 0.216506 -0.125000 0.000000
vt 0.437173 -0.242651 0.000000
vt 0.379379 -0.325686 0.000000
vt 0.176777 -0.176777 0.000000
vt 0.306053 -0.395388 0.000000
vt 0.125000 -0.216506 0.000000
vt 0.220197 -0.448902 0.000000
vt 0.064705 -0.241481 0.000000
vt 0.125326 -0.484039 0.000000
vt 0.025325 -0.499358 0.000000
vt 0.000000 -0.250000 0.000000
vt -0.075714 -0.494234 0.000000
vt -0.064705 -0.241481 0.000000
vt -0.173653 -0.468876 0.000000
vt -0.125000 -0.216506 0.000000
vt -0.264482 -0.424322 0.000000
vt -0.176777 -0.176777 0.000000
vt -0.344483 -0.362396 0.000000
vt -0.410382 -0.285634 0.000000
vt -0.216506 -0.125000 0.000000
vt -0.459479 -0.197178 0.000000
vt -0.241481 -0.064705 0.000000
vn -0.707107 0.707107 -0.000000
vn -0.707107 0.707107 -0.000000
vn -0.707107 0.707107 -0.000000
vn -0.707107 0.707107 -0.000000
vn -0.707107 0.707107 -0.000000
vn -0.707107 0.707107 -0.000000
vn -0.707107 0.707107 -0.000000
vn -0.707107 0.707107 -0.000000
vn -0.707107 0.707107 -0.000000
vn -0.707107 0.707107 -0.000000
vn -0.707107 0.707107 -0.000000
vn -0.707107 0.707107 -0.000000
vn -0.707107 0.707107 -0.000000
vn -0.707107 0.707107 -0.000000
vn -0.707107 0.707107 -0.000000
vn -0.707107 0.707107 -0.000000
vn -0.707107 0.707107 -0.000000
vn -0.707107 0.707107 -0.000000
vn -0.707107 0.707107 -0.000000
vn -0.707107 0.707107 -0.000000
vn -0.707107 0.707107 -0.000000
vn -0.707107 0.707107 -0.000000
vn -0.707107 0.707107 -0.000000
vn -0.707107 0.707107 -0.000000
vn -0.707107 0.707107 -0.000000
vn -0.707107 0.707107 -0.000000
vn -0.707107 0.707107 -0.000000
vn -0.707107 0.707107 -0.000000
vn -0.707107 0.707107 -0.000000
vn -0.707107 0.707107 -0.000000
vn -0.707107 0.707107 -0.000000
vn -0.692632 -0.692632 0.201299
vn -0.692632 -0.692632 0.201299
vn -0.707107 -0.707107 0.000000
vn -0.707107 -0.707107 0.000000
vn -0.692632 -0.692632 -0.201299
vn -0.692632 -0.692632 -0.201299
vn -0.649801 -0.649801 -0.394356
vn -0.649801 -0.649801 -0.394356
vn -0.580367 -0.580367 -0.571268
vn -0.580367 -0.580367 -0.571268
vn -0.487173 -0.487173 -0.724793
vn -0.487173 -0.487173 -0.724793
vn -0.374034 -0.374034 -0.848644
vn -0.374034 -0.374034 -0.848644
vn -0.245582 -0.245582 -0.937752
vn -0.245582 -0.245582 -0.937752
vn -0.107076 -0.107076 -0.988468
vn -0.107076 -0.107076 -0.988468
vn 0.035814 0.035814 -0.998717
vn 0.035814 0.035814 -0.998717
vn 0.177238 0.177238 -0.968077
vn 0.177238 0.177238 -0.968077
vn 0.311406 0.311406 -0.897805
vn 0.311406 0.311406 -0.897805
vn 0.432824 0.432824 -0.790776
vn 0.432824 0.432824 -0.790776
vn 0.536523 0.536523 -0.651372
vn 0.536523 0.536523 -0.651372
vn 0.618256 0.618256 -0.485302
vn 0.618256 0.618256 -0.485302
vn 0.674678 0.674678 -0.299363
vn 0.674678 0.674678 -0.299363
vn 0.703479 0.703479 -0.101168
vn 0.703479 0.703479 -0.101168
vn 0.703479 0.703479 0.101168
vn 0.703479 0.703479 0.101168
vn 0.674678 0.674678 0.299363
vn 0.674678 0.674678 0.299363
vn 0.618256 0.618256 0.485302
vn 0.618256 0.618256 0.485302
vn 0.536523 0.536523 0.651372
vn 0.536523 0.536523 0.651372
vn 0.432824 0.432824 0.790776
vn 0.432824 0.432824 0.790776
vn 0.311406 0.311406 0.897805
vn 0.311406 0.311406 0.897805
vn 0.177238 0.177238 0.968077
vn 0.177238 0.177238 0.968077
vn 0.035814 0.035814 0.998717
vn 0.035814 0.035814 0.998717
vn -0.107076 -0.107076 0.988468
vn -0.107076 -0.107076 0.988468
vn -0.245582 -0.245582 0.937752
vn -0.245582 -0.245582 0.937752
vn -0.374034 -0.374034 0.848644
vn -0.374034 -0.374034 0.848644
vn -0.487173 -0.487173 0.724793
vn -0.487173 -0.487173 0.724793
vn -0.580367 -0.580367 0.571268
vn -0.580367 -0.580367 0.571268
vn -0.649801 -0.649801 0.394356
vn -0.649801 -0.649801 0.394356
vn -0.707107 0.707107 -0.000000
vn -0.707107 0.707107 -0.000000
vn -0.707107 0.707107 -0.000000
vn -0.707107 0.707107 -0.000000
vn -0.707107 0.707107 -0.000000
vn -0.707107 0.707107 -0.000000
vn -0.707107 0.707107 -0.000000
vn -0.707107 0.707107 -0.000000
vn -0.707107 0.707107 -0.000000
vn -0.707107 0.707107 -0.000000
vn -0.707107 0.707107 -0.000000
vn -0.707107 0.707107 -0.000000
vn -0.707107 0.707107 -0.000000
vn -0.707107 0.707107 -0.000000
vn -0.707107 0.707107 -0.000000
vn -0.707107 0.707107 -0.000000
vn -0.707107 0.707107 -0.000000
vn -0.707107 0.707107 -0.000000
vn -0.707107 0.707107 -0.000000
vn -0.707107 0.707107 -0.000000
vn -0.707107 0.707107 -0.000000
vn -0.707107 0.707107 -0.000000
vn -0.707107 0.707107 -0.000000
vn -0.707107 0.707107 -0.000000
vn -0.707107 0.707107 -0.000000
vn -0.707107 0.707107 -0.000000
vn -0.707107 0.707107 -0.000000
vn -0.707107 0.707107 -0.000000
vn -0.707107 0.707107 -0.000000
vn -0.707107 0.707107 -0.000000
vn -0.707107 0.707107 -0.000000
vn -0.707107 0.707107 -0.000000
vn -0.707107 0.707107 -0.000000
vn -0.707107 0.707107 -0.000000
vn -0.707107 0.707107 -0.000000
vn -0.707107 0.707107 -0.000000
vn -0.707107 0.707107 -0.000000
vn -0.707107 0.707107 -0.000000
vn -0.707107 0.707107 -0.000000
vn -0.707107 0.707107 -0.000000
vn -0.707107 0.707107 -0.000000
vn -0.707107 0.707107 -0.000000
vn -0.707107 0.707107 -0.000000
vn -0.707107 0.707107 -0.000000
vn -0.707107 0.707107 -0.000000
vn -0.707107 0.707107 -0.000000
vn -0.707107 0.707107 -0.000000
vn -0.707107 0.707107 -0.000000
vn -0.707107 0.707107 -0.000000
vn -0.707107 0.707107 -0.000000
vn -0.707107 0.707107 -0.000000
vn -0.707107 0.707107 -0.000000
vn -0.707107 0.707107 -0.000000
vn -0.707107 0.707107 -0.000000
vn -0.707107 0.707107 -0.000000
vn -0.683013 -0.683013 0.258819
vn -0.683013 -0.683013 0.258819
vn -0.707107 -0.707107 0.000000
vn -0.707107 -0.707107 0.000000
vn -0.683013 -0.683013 -0.258819
vn -0.683013 -0.683013 -0.258819
vn -0.612372 -0.612372 -0.500000
vn -0.612372 -0.612372 -0.500000
vn -0.500000 -0.500000 -0.707107
vn -0.500000 -0.500000 -0.707107
vn -0.353553 -0.353553 -0.866025
vn -0.353553 -0.353553 -0.866025
vn -0.183013 -0.183013 -0.965926
vn -0.183013 -0.183013 -0.965926
vn 0.000000 0.000000 -1.000000
vn 0.000000 0.000000 -1.000000
vn 0.183013 0.183013 -0.965926
vn 0.183013 0.183013 -0.965926
vn 0.353553 0.353553 -0.866025
vn 0.353553 0.353553 -0.866025
vn 0.500000 0.500000 -0.707107
vn 0.500000 0.500000 -0.707107
vn 0.612372 0.612372 -0.500000
vn 0.612372 0.612372 -0.500000
vn 0.683013 0.683013 -0.258819
vn 0.683013 0.683013 -0.258819
vn 0.707107 0.707107 -0.000000
vn 0.707107 0.707107 -0.000000
vn 0.683013 0.683013 0.258819
vn 0.683013 0.683013 0.258819
vn 0.612372 0.612372 0.500000
vn 0.612372 0.612372 0.500000
vn 0.500000 0.500000 0.707107
vn 0.500000 0.500000 0.707107
vn 0.353553 0.353553 0.866025
vn 0.353553 0.353553 0.866025
vn 0.183013 0.183013 0.965926
vn 0.183013 0.183013 0.965926
vn 0.000000 0.000000 1.000000
vn 0.000000 0.000000 1.000000
vn -0.183013 -0.183013 0.965926
vn -0.183013 -0.183013 0.965926
vn -0.353553 -0.353553 0.866025
vn -0.353553 -0.353553 0.866025
vn -0.500000 -0.500000 0.707107
vn -0.500000 -0.500000 0.707107
vn -0.612372 -0.612372 0.500000
vn -0.612372 -0.612372 0.500000
vn 0.707107 -0.707107 0.000000
vn 0.707107 -0.707107 0.000000
vn 0.707107 -0.707107 0.000000
vn 0.707107 -0.707107 0.000000
vn 0.707107 -0.707107 0.000000
vn 0.707107 -0.707107 0.000000
vn 0.707107 -0.707107 0.000000
vn 0.707107 -0.707107 0.000000
vn 0.707107 -0.707107 0.000000
vn 0.707107 -0.707107 0.000000
vn 0.707107 -0.707107 0.000000
vn 0.707107 -0.707107 0.000000
vn 0.707107 -0.707107 0.000000
vn 0.707107 -0.707107 0.000000
vn 0.707107 -0.707107 0.000000
vn 0.707107 -0.707107 0.000000
vn 0.707107 -0.707107 0.000000
vn 0.707107 -0.707107 0.000000
vn 0.707107 -0.707107 0.000000
vn 0.707107 -0.707107 0.000000
vn 0.707107 -0.707107 0.000000
vn 0.707107 -0.707107 0.000000
vn 0.707107 -0.707107 0.000000
vn 0.707107 -0.707107 0.000000
vn 0.707107 -0.707107 0.000000
vn 0.707107 -0.707107 0.000000
vn 0.707107 -0.707107 0.000000
vn 0.707107 -0.707107 0.000000
vn 0.707107 -0.707107 0.000000
vn 0.707107 -0.707107 0.000000
vn 0.707107 -0.707107 0.000000
vn -0.692632 -0.692632 -0.201299
vn -0.692632 -0.692632 -0.201299
vn -0.707107 -0.707107 -0.000000
vn -0.707107 -0.707107 -0.000000
vn -0.692632 -0.692632 0.201299
vn -0.692632 -0.692632 0.201299
vn -0.649801 -0.649801 0.394356
vn -0.649801 -0.649801 0.394356
vn -0.580367 -0.580367 0.571268
vn -0.580367 -0.580367 0.571268
vn -0.487173 -0.487173 0.724793
vn -0.487173 -0.487173 0.724793
vn -0.374034 -0.374034 0.848644
vn -0.374034 -0.374034 0.848644
vn -0.245582 -0.245582 0.937752
vn -0.245582 -0.245582 0.937752
vn -0.107076 -0.107076 0.988468
vn -0.107076 -0.107076 0.988468
vn 0.035814 0.035814 0.998717
vn 0.035814 0.035814 0.998717
vn 0.177238 0.177238 0.968077
vn 0.177238 0.177238 0.968077
vn 0.311406 0.311406 0.897805
vn 0.311406 0.311406 0.897805
vn 0.432824 0.432824 0.790776
vn 0.432824 0.432824 0.790776
vn 0.536523 0.536523 0.651372
vn 0.536523 0.536523 0.651372
vn 0.618256 0.618256 0.485302
vn 0.618256 0.618256 0.485302
vn 0.674678 0.674678 0.299363
vn 0.674678 0.674678 0.299363
vn 0.703479 0.703479 0.101168
vn 0.703479 0.703479 0.101168
vn 0.703479 0.703479 -0.101168
vn 0.703479 0.703479 -0.101168
vn 0.674678 0.674678 -0.299363
vn 0.674678 0.674678 -0.299363
vn 0.618256 0.618256 -0.485302
vn 0.618256 0.618256 -0.485302
vn 0.536523 0.536523 -0.651372
vn 0.536523 0.536523 -0.651372
vn 0.432824 0.432824 -0.790776
vn 0.432824 0.432824 -0.790776
vn 0.311406 0.311406 -0.897805
vn 0.311406 0.311406 -0.897805
vn 0.177238 0.177238 -0.968077
vn 0.177238 0.177238 -0.968077
vn 0.035814 0.035814 -0.998717
vn 0.035814 0.035814 -0.998717
vn -0.107076 -0.107076 -0.988468
vn -0.107076 -0.107076 -0.988468
vn -0.245582 -0.245582 -0.937752
vn -0.245582 -0.245582 -0.937752
vn -0.374034 -0.374034 -0.848644
vn -0.374034 -0.374034 -0.848644
vn -0.487173 -0.487173 -0.724793
vn -0.487173 -0.487173 -0.724793
vn -0.580367 -0.580367 -0.571268
vn -0.580367 -0.580367 -0.571268
vn -0.649801 -0.649801 -0.394356
vn -0.649801 -0.649801 -0.394356
vn 0.707107 -0.707107 0.000000
vn 0.707107 -0.707107 0.000000
vn 0.707107 -0.707107 0.000000
vn 0.707107 -0.707107 0.000000
vn 0.707107 -0.707107 0.000000
vn 0.707107 -0.707107 0.000000
vn 0.707107 -0.707107 0.000000
vn 0.707107 -0.707107 0.000000
vn 0.707107 -0.707107 0.000000
vn 0.707107 -0.707107 0.000000
vn 0.707107 -0.707107 0.000000
vn 0.707107 -0.707107 0.000000
vn 0.707107 -0.707107 0.000000
vn 0.707107 -0.707107 0.000000
vn 0.707107 -0.707107 0.000000
vn 0.707107 -0.707107 0.000000
vn 0.707107 -0.707107 0.000000
vn 0.707107 -0.707107 0.000000
vn 0.707107 -0.707107 0.000000
vn 0.707107 -0.707107 0.000000
vn 0.707107 -0.707107 0.000000
vn 0.707107 -0.707107 0.000000
vn 0.707107 -0.707107 0.000000
vn 0.707107 -0.707107 0.000000
vn 0.707107 -0.707107 0.000000
vn 0.707107 -0.707107 0.000000
vn 0.707107 -0.707107 0.000000
vn 0.707107 -0.707107 0.000000
vn 0.707107 -0.707107 0.000000
vn 0.707107 -0.707107 0.000000
vn 0.707107 -0.707107 0.000000
vn 0.707107 -0.707107 0.000000
vn 0.707107 -0.707107 0.000000
vn 0.707107 -0.707107 0.000000
vn 0.707107 -0.707107 0.000000
vn 0.707107 -0.707107 0.000000
vn 0.707107 -0.707107 0.000000
vn 0.707107 -0.707107 0.000000
vn 0.707107 -0.707107 0.000000
vn 0.707107 -0.707107 0.000000
vn 0.707107 -0.707107 0.000000
vn 0.707107 -0.707107 0.000000
vn 0.707107 -0.707107 0.000000
vn 0.707107 -0.707107 0.000000
vn 0.707107 -0.707107 0.000000
vn 0.707107 -0.707107 0.000000
vn 0.707107 -0.707107 0.000000
vn 0.707107 -0.707107 0.000000
vn 0.707107 -0.707107 0.000000
vn 0.707107 -0.707107 0.000000
vn 0.707107 -0.707107 0.000000
vn 0.707107 -0.707107 0.000000
vn 0.707107 -0.707107 0.000000
vn 0.707107 -0.707107 0.000000
vn 0.707107 -0.707107 0.000000
f 2054/3219/3147 2055/3220/3148 2084/3221/3149
f 2084/3221/3149 2055/3220/3148 2056/3222/3150
f 2084/3221/3149 2056/3222/3150 2083/3223/3151
f 2083/3223/3151 2056/3222/3150 2057/3224/3152
f 2083/3223/3151 2057/3224/3152 2082/3225/3153
f 2082/3225/3153 2057/3224/3152 2058/3226/3154
f 2082/3225/3153 2058/3226/3154 2081/3227/3155
f 2081/3227/3155 2058/3226/3154 2059/3228/3156
f 2081/3227/3155 2059/3228/3156 2060/3229/3157
f 2060/3229/3157 2061/3230/3158 2081/3227/3155
f 2081/3227/3155 2061/3230/3158 2062/3231/3159
f 2081/3227/3155 2062/3231/3159 2063/3232/3160
f 2063/3232/3160 2064/3233/3161 2081/3227/3155
f 2081/3227/3155 2064/3233/3161 2065/3234/3162
f 2081/3227/3155 2065/3234/3162 2066/3235/3163
f 2066/3235/3163 2067/3236/3164 2081/3227/3155
f 2081/3227/3155 2067/3236/3164 2068/3237/3165
f 2081/3227/3155 2068/3237/3165 2069/3238/3166
f 2069/3238/3166 2070/3239/3167 2081/3227/3155
f 2081/3227/3155 2070/3239/3167 2071/3240/3168
f 2081/3227/3155 2071/3240/3168 2080/3241/3169
f 2080/3241/3169 2071/3240/3168 2072/3242/3170
f 2080/3241/3169 2072/3242/3170 2073/3243/3171
f 2073/3243/3171 2074/3244/3172 2080/3241/3169
f 2080/3241/3169 2074/3244/3172 2075/3245/3173
f 2080/3241/3169 2075/3245/3173 2079/3246/3174
f 2079/3246/3174 2075/3245/3173 2076/3247/3175
f 2079/3246/3174 2076/3247/3175 2078/3248/3176
f 2078/3248/3176 2076/3247/3175 2077/3249/3177
f 2086/3250/3178 2146/3251/3179 2085/3252/3180
f 2085/3252/3180 2146/3251/3179 2116/3253/3181
f 2085/3254/3180 2116/3255/3181 2115/3256/3182
f 2115/3256/3182 2116/3255/3181 2117/3257/3183
f 2115/3256/3182 2117/3257/3183 2114/3258/3184
f 2114/3258/3184 2117/3257/3183 2118/3259/3185
f 2114/3258/3184 2118/3259/3185 2113/3260/3186
f 2113/3260/3186 2118/3259/3185 2119/3261/3187
f 2113/3260/3186 2119/3261/3187 2112/3262/3188
f 2112/3262/3188 2119/3261/3187 2120/3263/3189
f 2112/3262/3188 2120/3263/3189 2111/3264/3190
f 2111/3264/3190 2120/3263/3189 2121/3265/3191
f 2111/3264/3190 2121/3265/3191 2110/3266/3192
f 2110/3266/3192 2121/3265/3191 2122/3267/3193
f 2110/3266/3192 2122/3267/3193 2109/3268/3194
f 2109/3268/3194 2122/3267/3193 2123/3269/3195
f 2109/3268/3194 2123/3269/3195 2108/3270/3196
f 2108/3270/3196 2123/3269/3195 2124/3271/3197
f 2108/3270/3196 2124/3271/3197 2107/3272/3198
f 2107/3272/3198 2124/3271/3197 2125/3273/3199
f 2107/3272/3198 2125/3273/3199 2106/3274/3200
f 2106/3274/3200 2125/3273/3199 2126/3275/3201
f 2106/3274/3200 2126/3275/3201 2105/3276/3202
f 2105/3276/3202 2126/3275/3201 2127/3277/3203
f 2105/3276/3202 2127/3277/3203 2104/3278/3204
f 2104/3278/3204 2127/3277/3203 2128/3279/3205
f 2104/3278/3204 2128/3279/3205 2103/3280/3206
f 2103/3280/3206 2128/3279/3205 2129/3281/3207
f 2103/3280/3206 2129/3281/3207 2102/3282/3208
f 2102/3282/3208 2129/3281/3207 2130/3283/3209
f 2102/3282/3208 2130/3283/3209 2101/3284/3210
f 2101/3284/3210 2130/3283/3209 2131/3285/3211
f 2101/3284/3210 2131/3285/3211 2100/3286/3212
f 2100/3286/3212 2131/3285/3211 2132/3287/3213
f 2100/3286/3212 2132/3287/3213 2099/3288/3214
f 2099/3288/3214 2132/3287/3213 2133/3289/3215
f 2099/3288/3214 2133/3289/3215 2098/3290/3216
f 2098/3290/3216 2133/3289/3215 2134/3291/3217
f 2098/3290/3216 2134/3291/3217 2097/3292/3218
f 2097/3292/3218 2134/3291/3217 2135/3293/3219
f 2097/3292/3218 2135/3293/3219 2096/3294/3220
f 2096/3294/3220 2135/3293/3219 2136/3295/3221
f 2096/3294/3220 2136/3295/3221 2095/3296/3222
f 2095/3296/3222 2136/3295/3221 2137/3297/3223
f 2095/3296/3222 2137/3297/3223 2094/3298/3224
f 2094/3298/3224 2137/3297/3223 2138/3299/3225
f 2094/3298/3224 2138/3299/3225 2093/3300/3226
f 2093/3300/3226 2138/3299/3225 2139/3301/3227
f 2093/3300/3226 2139/3301/3227 2092/3302/3228
f 2092/3302/3228 2139/3301/3227 2140/3303/3229
f 2092/3302/3228 2140/3303/3229 2091/3304/3230
f 2091/3304/3230 2140/3303/3229 2141/3305/3231
f 2091/3304/3230 2141/3305/3231 2090/3306/3232
f 2090/3306/3232 2141/3305/3231 2142/3307/3233
f 2090/3306/3232 2142/3307/3233 2089/3308/3234
f 2089/3308/3234 2142/3307/3233 2143/3309/3235
f 2089/3308/3234 2143/3309/3235 2088/3310/3236
f 2088/3310/3236 2143/3309/3235 2144/3311/3237
f 2088/3310/3236 2144/3311/3237 2087/3312/3238
f 2087/3312/3238 2144/3311/3237 2145/3313/3239
f 2087/3312/3238 2145/3313/3239 2086/3250/3178
f 2086/3250/3178 2145/3313/3239 2146/3251/3179
f 2148/3314/3240 2117/3315/3241 2147/3316/3242
f 2147/3316/3242 2117/3315/3241 2116/3317/3243
f 2147/3316/3242 2116/3317/3243 2146/3318/3244
f 2117/3315/3241 2148/3314/3240 2118/3319/3245
f 2118/3319/3245 2148/3314/3240 2149/3320/3246
f 2118/3319/3245 2149/3320/3246 2119/3321/3247
f 2119/3321/3247 2149/3320/3246 2150/3322/3248
f 2119/3321/3247 2150/3322/3248 2120/3323/3249
f 2120/3323/3249 2150/3322/3248 2121/3324/3250
f 2121/3324/3250 2150/3322/3248 2151/3325/3251
f 2121/3324/3250 2151/3325/3251 2122/3326/3252
f 2122/3326/3252 2151/3325/3251 2152/3327/3253
f 2122/3326/3252 2152/3327/3253 2123/3328/3254
f 2123/3328/3254 2152/3327/3253 2153/3329/3255
f 2123/3328/3254 2153/3329/3255 2124/3330/3256
f 2124/3330/3256 2153/3329/3255 2154/3331/3257
f 2124/3330/3256 2154/3331/3257 2125/3332/3258
f 2125/3332/3258 2154/3331/3257 2126/3333/3259
f 2126/3333/3259 2154/3331/3257 2155/3334/3260
f 2126/3333/3259 2155/3334/3260 2127/3335/3261
f 2127/3335/3261 2155/3334/3260 2156/3336/3262
f 2127/3335/3261 2156/3336/3262 2128/3337/3263
f 2128/3337/3263 2156/3336/3262 2157/3338/3264
f 2128/3337/3263 2157/3338/3264 2129/3339/3265
f 2129/3339/3265 2157/3338/3264 2130/3340/3266
f 2130/3340/3266 2157/3338/3264 2158/3341/3267
f 2130/3340/3266 2158/3341/3267 2131/3342/3268
f 2131/3342/3268 2158/3341/3267 2159/3343/3269
f 2131/3342/3268 2159/3343/3269 2132/3344/3270
f 2132/3344/3270 2159/3343/3269 2160/3345/3271
f 2132/3344/3270 2160/3345/3271 2133/3346/3272
f 2133/3346/3272 2160/3345/3271 2161/3347/3273
f 2133/3346/3272 2161/3347/3273 2134/3348/3274
f 2134/3348/3274 2161/3347/3273 2135/3349/3275
f 2135/3349/3275 2161/3347/3273 2162/3350/3276
f 2135/3349/3275 2162/3350/3276 2136/3351/3277
f 2136/3351/3277 2162/3350/3276 2163/3352/3278
f 2136/3351/3277 2163/3352/3278 2137/3353/3279
f 2137/3353/3279 2163/3352/3278 2164/3354/3280
f 2137/3353/3279 2164/3354/3280 2138/3355/3281
f 2138/3355/3281 2164/3354/3280 2139/3356/3282
f 2139/3356/3282 2164/3354/3280 2165/3357/3283
f 2139/3356/3282 2165/3357/3283 2140/3358/3284
f 2140/3358/3284 2165/3357/3283 2166/3359/3285
f 2140/3358/3284 2166/3359/3285 2141/3360/3286
f 2141/3360/3286 2166/3359/3285 2167/3361/3287
f 2141/3360/3286 2167/3361/3287 2142/3362/3288
f 2142/3362/3288 2167/3361/3287 2168/3363/3289
f 2142/3362/3288 2168/3363/3289 2143/3364/3290
f 2143/3364/3290 2168/3363/3289 2144/3365/3291
f 2144/3365/3291 2168/3363/3289 2169/3366/3292
f 2144/3365/3291 2169/3366/3292 2145/3367/3293
f 2145/3367/3293 2169/3366/3292 2170/3368/3294
f 2145/3367/3293 2170/3368/3294 2146/3318/3244
f 2146/3318/3244 2170/3368/3294 2147/3316/3242
f 2170/3369/3295 2194/3370/3296 2147/3371/3297
f 2147/3371/3297 2194/3370/3296 2171/3372/3298
f 2147/3373/3297 2171/3374/3298 2148/3375/3299
f 2148/3375/3299 2171/3374/3298 2172/3376/3300
f 2148/3375/3299 2172/3376/3300 2149/3377/3301
f 2149/3377/3301 2172/3376/3300 2173/3378/3302
f 2149/3377/3301 2173/3378/3302 2150/3379/3303
f 2150/3379/3303 2173/3378/3302 2174/3380/3304
f 2150/3379/3303 2174/3380/3304 2151/3381/3305
f 2151/3381/3305 2174/3380/3304 2175/3382/3306
f 2151/3381/3305 2175/3382/3306 2152/3383/3307
f 2152/3383/3307 2175/3382/3306 2176/3384/3308
f 2152/3383/3307 2176/3384/3308 2153/3385/3309
f 2153/3385/3309 2176/3384/3308 2177/3386/3310
f 2153/3385/3309 2177/3386/3310 2154/3387/3311
f 2154/3387/3311 2177/3386/3310 2178/3388/3312
f 2154/3387/3311 2178/3388/3312 2155/3389/3313
f 2155/3389/3313 2178/3388/3312 2179/3390/3314
f 2155/3389/3313 2179/3390/3314 2156/3391/3315
f 2156/3391/3315 2179/3390/3314 2180/3392/3316
f 2156/3391/3315 2180/3392/3316 2157/3393/3317
f 2157/3393/3317 2180/3392/3316 2181/3394/3318
f 2157/3393/3317 2181/3394/3318 2158/3395/3319
f 2158/3395/3319 2181/3394/3318 2182/3396/3320
f 2158/3395/3319 2182/3396/3320 2159/3397/3321
f 2159/3397/3321 2182/3396/3320 2183/3398/3322
f 2159/3397/3321 2183/3398/3322 2160/3399/3323
f 2160/3399/3323 2183/3398/3322 2184/3400/3324
f 2160/3399/3323 2184/3400/3324 2161/3401/3325
f 2161/3401/3325 2184/3400/3324 2185/3402/3326
f 2161/3401/3325 2185/3402/3326 2162/3403/3327
f 2162/3403/3327 2185/3402/3326 2186/3404/3328
f 2162/3403/3327 2186/3404/3328 2163/3405/3329
f 2163/3405/3329 2186/3404/3328 2187/3406/3330
f 2163/3405/3329 2187/3406/3330 2164/3407/3331
f 2164/3407/3331 2187/3406/3330 2188/3408/3332
f 2164/3407/3331 2188/3408/3332 2165/3409/3333
f 2165/3409/3333 2188/3408/3332 2189/3410/3334
f 2165/3409/3333 2189/3410/3334 2166/3411/3335
f 2166/3411/3335 2189/3410/3334 2190/3412/3336
f 2166/3411/3335 2190/3412/3336 2167/3413/3337
f 2167/3413/3337 2190/3412/3336 2191/3414/3338
f 2167/3413/3337 2191/3414/3338 2168/3415/3339
f 2168/3415/3339 2191/3414/3338 2192/3416/3340
f 2168/3415/3339 2192/3416/3340 2169/3417/3341
f 2169/3417/3341 2192/3416/3340 2193/3418/3342
f 2169/3417/3341 2193/3418/3342 2170/3369/3295
f 2170/3369/3295 2193/3418/3342 2194/3370/3296
f 2085/3419/3343 2115/3420/3344 2086/3421/3345
f 2086/3421/3345 2115/3420/3344 2087/3422/3346
f 2087/3422/3346 2115/3420/3344 2114/3423/3347
f 2087/3422/3346 2114/3423/3347 2088/3424/3348
f 2088/3424/3348 2114/3423/3347 2113/3425/3349
f 2088/3424/3348 2113/3425/3349 2089/3426/3350
f 2089/3426/3350 2113/3425/3349 2112/3427/3351
f 2089/3426/3350 2112/3427/3351 2090/3428/3352
f 2090/3428/3352 2112/3427/3351 2091/3429/3353
f 2091/3429/3353 2112/3427/3351 2092/3430/3354
f 2092/3430/3354 2112/3427/3351 2093/3431/3355
f 2093/3431/3355 2112/3427/3351 2094/3432/3356
f 2094/3432/3356 2112/3427/3351 2095/3433/3357
f 2095/3433/3357 2112/3427/3351 2096/3434/3358
f 2096/3434/3358 2112/3427/3351 2097/3435/3359
f 2097/3435/3359 2112/3427/3351 2098/3436/3360
f 2098/3436/3360 2112/3427/3351 2099/3437/3361
f 2099/3437/3361 2112/3427/3351 2100/3438/3362
f 2100/3438/3362 2112/3427/3351 2101/3439/3363
f 2101/3439/3363 2112/3427/3351 2102/3440/3364
f 2102/3440/3364 2112/3427/3351 2111/3441/3365
f 2102/3440/3364 2111/3441/3365 2103/3442/3366
f 2103/3442/3366 2111/3441/3365 2104/3443/3367
f 2104/3443/3367 2111/3441/3365 2105/3444/3368
f 2105/3444/3368 2111/3441/3365 2106/3445/3369
f 2106/3445/3369 2111/3441/3365 2110/3446/3370
f 2106/3445/3369 2110/3446/3370 2107/3447/3371
f 2107/3447/3371 2110/3446/3370 2109/3448/3372
f 2107/3447/3371 2109/3448/3372 2108/3449/3373
f 2084/3450/3374 2225/3451/3375 2054/3452/3376
f 2054/3452/3376 2225/3451/3375 2195/3453/3377
f 2054/3454/3376 2195/3455/3377 2055/3456/3378
f 2055/3456/3378 2195/3455/3377 2196/3457/3379
f 2055/3456/3378 2196/3457/3379 2056/3458/3380
f 2056/3458/3380 2196/3457/3379 2197/3459/3381
f 2056/3458/3380 2197/3459/3381 2057/3460/3382
f 2057/3460/3382 2197/3459/3381 2198/3461/3383
f 2057/3460/3382 2198/3461/3383 2058/3462/3384
f 2058/3462/3384 2198/3461/3383 2199/3463/3385
f 2058/3462/3384 2199/3463/3385 2059/3464/3386
f 2059/3464/3386 2199/3463/3385 2200/3465/3387
f 2059/3464/3386 2200/3465/3387 2060/3466/3388
f 2060/3466/3388 2200/3465/3387 2201/3467/3389
f 2060/3466/3388 2201/3467/3389 2061/3468/3390
f 2061/3468/3390 2201/3467/3389 2202/3469/3391
f 2061/3468/3390 2202/3469/3391 2062/3470/3392
f 2062/3470/3392 2202/3469/3391 2203/3471/3393
f 2062/3470/3392 2203/3471/3393 2063/3472/3394
f 2063/3472/3394 2203/3471/3393 2204/3473/3395
f 2063/3472/3394 2204/3473/3395 2064/3474/3396
f 2064/3474/3396 2204/3473/3395 2205/3475/3397
f 2064/3474/3396 2205/3475/3397 2065/3476/3398
f 2065/3476/3398 2205/3475/3397 2206/3477/3399
f 2065/3476/3398 2206/3477/3399 2066/3478/3400
f 2066/3478/3400 2206/3477/3399 2207/3479/3401
f 2066/3478/3400 2207/3479/3401 2067/3480/3402
f 2067/3480/3402 2207/3479/3401 2208/3481/3403
f 2067/3480/3402 2208/3481/3403 2068/3482/3404
f 2068/3482/3404 2208/3481/3403 2209/3483/3405
f 2068/3482/3404 2209/3483/3405 2069/3484/3406
f 2069/3484/3406 2209/3483/3405 2210/3485/3407
f 2069/3484/3406 2210/3485/3407 2070/3486/3408
f 2070/3486/3408 2210/3485/3407 2211/3487/3409
f 2070/3486/3408 2211/3487/3409 2071/3488/3410
f 2071/3488/3410 2211/3487/3409 2212/3489/3411
f 2071/3488/3410 2212/3489/3411 2072/3490/3412
f 2072/3490/3412 2212/3489/3411 2213/3491/3413
f 2072/3490/3412 2213/3491/3413 2073/3492/3414
f 2073/3492/3414 2213/3491/3413 2214/3493/3415
f 2073/3492/3414 2214/3493/3415 2074/3494/3416
f 2074/3494/3416 2214/3493/3415 2215/3495/3417
f 2074/3494/3416 2215/3495/3417 2075/3496/3418
f 2075/3496/3418 2215/3495/3417 2216/3497/3419
f 2075/3496/3418 2216/3497/3419 2076/3498/3420
f 2076/3498/3420 2216/3497/3419 2217/3499/3421
f 2076/3498/3420 2217/3499/3421 2077/3500/3422
f 2077/3500/3422 2217/3499/3421 2218/3501/3423
f 2077/3500/3422 2218/3501/3423 2078/3502/3424
f 2078/3502/3424 2218/3501/3423 2219/3503/3425
f 2078/3502/3424 2219/3503/3425 2079/3504/3426
f 2079/3504/3426 2219/3503/3425 2220/3505/3427
f 2079/3504/3426 2220/3505/3427 2080/3506/3428
f 2080/3506/3428 2220/3505/3427 2221/3507/3429
f 2080/3506/3428 2221/3507/3429 2081/3508/3430
f 2081/3508/3430 2221/3507/3429 2222/3509/3431
f 2081/3508/3430 2222/3509/3431 2082/3510/3432
f 2082/3510/3432 2222/3509/3431 2223/3511/3433
f 2082/3510/3432 2223/3511/3433 2083/3512/3434
f 2083/3512/3434 2223/3511/3433 2224/3513/3435
f 2083/3512/3434 2224/3513/3435 2084/3450/3374
f 2084/3450/3374 2224/3513/3435 2225/3451/3375
f 2194/3514/3436 2196/3515/3437 2171/3516/3438
f 2171/3516/3438 2196/3515/3437 2195/3517/3439
f 2171/3516/3438 2195/3517/3439 2225/3518/3440
f 2196/3515/3437 2194/3514/3436 2197/3519/3441
f 2197/3519/3441 2194/3514/3436 2193/3520/3442
f 2197/3519/3441 2193/3520/3442 2198/3521/3443
f 2198/3521/3443 2193/3520/3442 2192/3522/3444
f 2198/3521/3443 2192/3522/3444 2199/3523/3445
f 2199/3523/3445 2192/3522/3444 2200/3524/3446
f 2200/3524/3446 2192/3522/3444 2191/3525/3447
f 2200/3524/3446 2191/3525/3447 2201/3526/3448
f 2201/3526/3448 2191/3525/3447 2190/3527/3449
f 2201/3526/3448 2190/3527/3449 2202/3528/3450
f 2202/3528/3450 2190/3527/3449 2189/3529/3451
f 2202/3528/3450 2189/3529/3451 2203/3530/3452
f 2203/3530/3452 2189/3529/3451 2188/3531/3453
f 2203/3530/3452 2188/3531/3453 2204/3532/3454
f 2204/3532/3454 2188/3531/3453 2205/3533/3455
f 2205/3533/3455 2188/3531/3453 2187/3534/3456
f 2205/3533/3455 2187/3534/3456 2206/3535/3457
f 2206/3535/3457 2187/3534/3456 2186/3536/3458
f 2206/3535/3457 2186/3536/3458 2207/3537/3459
f 2207/3537/3459 2186/3536/3458 2185/3538/3460
f 2207/3537/3459 2185/3538/3460 2208/3539/3461
f 2208/3539/3461 2185/3538/3460 2209/3540/3462
f 2209/3540/3462 2185/3538/3460 2184/3541/3463
f 2209/3540/3462 2184/3541/3463 2210/3542/3464
f 2210/3542/3464 2184/3541/3463 2183/3543/3465
f 2210/3542/3464 2183/3543/3465 2211/3544/3466
f 2211/3544/3466 2183/3543/3465 2182/3545/3467
f 2211/3544/3466 2182/3545/3467 2212/3546/3468
f 2212/3546/3468 2182/3545/3467 2181/3547/3469
f 2212/3546/3468 2181/3547/3469 2213/3548/3470
f 2213/3548/3470 2181/3547/3469 2214/3549/3471
f 2214/3549/3471 2181/3547/3469 2180/3550/3472
f 2214/3549/3471 2180/3550/3472 2215/3551/3473
f 2215/3551/3473 2180/3550/3472 2179/3552/3474
f 2215/3551/3473 2179/3552/3474 2216/3553/3475
f 2216/3553/3475 2179/3552/3474 2178/3554/3476
f 2216/3553/3475 2178/3554/3476 2217/3555/3477
f 2217/3555/3477 2178/3554/3476 2218/3556/3478
f 2218/3556/3478 2178/3554/3476 2177/3557/3479
f 2218/3556/3478 2177/3557/3479 2219/3558/3480
f 2219/3558/3480 2177/3557/3479 2176/3559/3481
f 2219/3558/3480 2176/3559/3481 2220/3560/3482
f 2220/3560/3482 2176/3559/3481 2175/3561/3483
f 2220/3560/3482 2175/3561/3483 2221/3562/3484
f 2221/3562/3484 2175/3561/3483 2174/3563/3485
f 2221/3562/3484 2174/3563/3485 2222/3564/3486
f 2222/3564/3486 2174/3563/3485 2223/3565/3487
f 2223/3565/3487 2174/3563/3485 2173/3566/3488
f 2223/3565/3487 2173/3566/3488 2224/3567/3489
f 2224/3567/3489 2173/3566/3488 2172/3568/3490
f 2224/3567/3489 2172/3568/3490 2225/3518/3440
f 2225/3518/3440 2172/3568/3490 2171/3516/3438
# 2225 vertices
# 3568 texture params
# 3490 normals
# 4418 facets

# 12 groups
